shuffle,test_unit,model_idx,model_unit,mouse,date,step,labels_this_video,total_labels,median_frame_rmse_px,p90_frame_rmse_px,frac_frames_rmse_gt_50px,frac_points_conf_ge_0.6,median_pupil_top_px,median_pupil_bottom_px,median_pupil_left_px,median_pupil_right_px,median_eyelid_top_px,median_eyelid_bottom_px,median_eye_nasal_corner_px,median_eye_temporal_corner_px
111,0_first5minvedio,0.0,0_first5minvedio,mouse A,5-min recording,1.0,20.0,20.0,12.93,23.94,0.04,0.689,12.51,4.85,4.56,5.1,13.04,5.04,18.7,12.57
111,1_20251031_Pluto_spont_1,0.0,0_first5minvedio,mouse A,5-min recording,1.0,20.0,20.0,301.52,364.2,1.0,0.02,330.37,13.95,324.75,19.94,333.97,6.96,24.29,458.05
111,2_20251031_pluton2,0.0,0_first5minvedio,mouse A,5-min recording,1.0,20.0,20.0,195.75,267.63,0.9,0.33,140.31,26.66,235.89,14.65,132.49,2.2,21.93,33.65
111,3_20251031_pluto3,0.0,0_first5minvedio,mouse A,5-min recording,1.0,20.0,20.0,290.93,352.81,1.0,0.02,43.95,23.45,325.92,70.23,38.98,438.8,33.06,466.58
112,0_first5minvedio,1.0,0_first5minvedio,mouse A,5-min recording,2.0,40.0,40.0,13.0,18.64,0.02,0.81,12.28,4.65,7.91,4.57,12.48,5.13,16.44,11.67
112,1_20251031_Pluto_spont_1,1.0,0_first5minvedio,mouse A,5-min recording,2.0,40.0,40.0,222.84,262.95,1.0,0.147,317.27,3.98,445.1,8.71,231.39,8.41,23.73,61.93
112,2_20251031_pluton2,1.0,0_first5minvedio,mouse A,5-min recording,2.0,40.0,40.0,197.2,247.94,1.0,0.34,313.38,27.15,324.92,13.0,277.61,2.17,22.19,29.08
112,3_20251031_pluto3,1.0,0_first5minvedio,mouse A,5-min recording,2.0,40.0,40.0,178.11,260.71,0.92,0.058,45.36,12.58,327.24,9.02,108.04,7.12,50.42,28.0
113,0_first5minvedio,2.0,0_first5minvedio,mouse A,5-min recording,3.0,60.0,60.0,12.04,17.01,0.0,0.892,11.77,4.49,8.06,4.44,11.69,5.23,18.02,10.4
113,1_20251031_Pluto_spont_1,2.0,0_first5minvedio,mouse A,5-min recording,3.0,60.0,60.0,242.4,318.22,1.0,0.297,344.72,3.31,444.86,6.28,347.2,4.65,14.43,138.62
113,2_20251031_pluton2,2.0,0_first5minvedio,mouse A,5-min recording,3.0,60.0,60.0,215.75,311.67,0.98,0.38,318.96,26.3,241.79,12.75,256.52,1.92,36.4,25.19
113,3_20251031_pluto3,2.0,0_first5minvedio,mouse A,5-min recording,3.0,60.0,60.0,230.01,283.71,1.0,0.296,196.07,10.72,312.56,4.64,297.68,5.94,29.35,434.25
114,0_first5minvedio,3.0,0_first5minvedio,mouse A,5-min recording,4.0,80.0,80.0,13.07,19.25,0.02,0.895,12.6,4.53,8.82,5.32,11.45,5.18,16.48,12.08
114,1_20251031_Pluto_spont_1,3.0,0_first5minvedio,mouse A,5-min recording,4.0,80.0,80.0,186.65,290.79,0.94,0.152,235.38,4.13,75.54,4.14,196.62,7.75,48.81,21.22
114,2_20251031_pluton2,3.0,0_first5minvedio,mouse A,5-min recording,4.0,80.0,80.0,198.17,303.46,0.92,0.353,257.93,26.64,246.47,11.77,250.51,1.86,49.8,124.86
114,3_20251031_pluto3,3.0,0_first5minvedio,mouse A,5-min recording,4.0,80.0,80.0,263.08,353.85,0.98,0.121,243.03,19.98,379.17,4.58,240.27,7.94,65.6,475.4
115,0_first5minvedio,4.0,0_first5minvedio,mouse A,5-min recording,5.0,100.0,100.0,12.29,17.8,0.0,0.932,12.05,4.16,8.97,4.58,11.13,5.3,17.46,10.74
115,1_20251031_Pluto_spont_1,4.0,0_first5minvedio,mouse A,5-min recording,5.0,100.0,100.0,208.23,257.91,0.98,0.193,334.26,0.0,69.87,0.0,333.4,0.0,33.51,56.4
115,2_20251031_pluton2,4.0,0_first5minvedio,mouse A,5-min recording,5.0,100.0,100.0,171.93,284.57,0.82,0.471,251.8,27.76,23.19,12.34,255.81,1.42,24.51,31.52
115,3_20251031_pluto3,4.0,0_first5minvedio,mouse A,5-min recording,5.0,100.0,100.0,190.89,297.4,0.98,0.143,335.84,9.93,223.81,3.84,337.18,7.95,38.38,22.92
211,0_first5minvedio,5.0,1_20251031_Pluto_spont_1,mouse B (Pluto),2025-10-31,1.0,20.0,120.0,12.51,19.25,0.0,0.93,11.91,4.48,7.77,5.0,10.79,5.17,16.74,11.46
211,1_20251031_Pluto_spont_1,5.0,1_20251031_Pluto_spont_1,mouse B (Pluto),2025-10-31,1.0,20.0,120.0,10.37,21.58,0.04,0.593,9.64,5.44,13.04,4.15,7.78,5.56,6.71,9.48
211,2_20251031_pluton2,5.0,1_20251031_Pluto_spont_1,mouse B (Pluto),2025-10-31,1.0,20.0,120.0,20.32,138.74,0.28,0.448,26.69,3.56,6.29,4.19,10.88,2.05,6.14,9.33
211,3_20251031_pluto3,5.0,1_20251031_Pluto_spont_1,mouse B (Pluto),2025-10-31,1.0,20.0,120.0,8.7,139.43,0.22,0.437,12.34,5.63,4.55,2.25,3.55,3.63,6.49,9.14
212,0_first5minvedio,6.0,1_20251031_Pluto_spont_1,mouse B (Pluto),2025-10-31,2.0,40.0,140.0,12.46,18.14,0.0,0.912,11.43,3.82,8.39,5.19,12.21,5.36,16.23,11.11
212,1_20251031_Pluto_spont_1,6.0,1_20251031_Pluto_spont_1,mouse B (Pluto),2025-10-31,2.0,40.0,140.0,12.17,20.31,0.0,0.748,9.74,5.31,12.32,4.12,7.54,5.07,14.26,11.5
212,2_20251031_pluton2,6.0,1_20251031_Pluto_spont_1,mouse B (Pluto),2025-10-31,2.0,40.0,140.0,14.96,121.54,0.38,0.584,24.69,2.17,6.68,2.72,10.48,1.71,6.76,6.8
212,3_20251031_pluto3,6.0,1_20251031_Pluto_spont_1,mouse B (Pluto),2025-10-31,2.0,40.0,140.0,107.15,181.72,0.62,0.445,288.41,5.09,12.36,2.88,3.32,4.3,3.13,4.13
213,0_first5minvedio,7.0,1_20251031_Pluto_spont_1,mouse B (Pluto),2025-10-31,3.0,60.0,160.0,12.38,18.99,0.0,0.95,12.62,4.75,9.18,5.92,12.26,5.15,15.75,10.84
213,1_20251031_Pluto_spont_1,7.0,1_20251031_Pluto_spont_1,mouse B (Pluto),2025-10-31,3.0,60.0,160.0,11.35,19.66,0.02,0.745,12.71,4.96,12.26,3.73,6.75,4.24,12.45,11.06
213,2_20251031_pluton2,7.0,1_20251031_Pluto_spont_1,mouse B (Pluto),2025-10-31,3.0,60.0,160.0,11.76,109.45,0.2,0.67,19.23,2.34,5.43,3.27,6.07,1.23,5.35,5.72
213,3_20251031_pluto3,7.0,1_20251031_Pluto_spont_1,mouse B (Pluto),2025-10-31,3.0,60.0,160.0,14.47,177.29,0.34,0.53,21.69,4.65,7.17,1.79,2.1,4.3,1.64,4.48
214,0_first5minvedio,8.0,1_20251031_Pluto_spont_1,mouse B (Pluto),2025-10-31,4.0,80.0,180.0,12.5,18.58,0.0,0.93,11.74,4.11,8.24,5.27,11.27,5.57,16.32,10.76
214,1_20251031_Pluto_spont_1,8.0,1_20251031_Pluto_spont_1,mouse B (Pluto),2025-10-31,4.0,80.0,180.0,11.59,19.78,0.0,0.815,10.89,5.43,12.6,3.33,7.48,5.74,12.11,11.32
214,2_20251031_pluton2,8.0,1_20251031_Pluto_spont_1,mouse B (Pluto),2025-10-31,4.0,80.0,180.0,9.98,88.33,0.2,0.673,17.83,1.83,4.87,2.37,4.72,1.26,3.87,5.58
214,3_20251031_pluto3,8.0,1_20251031_Pluto_spont_1,mouse B (Pluto),2025-10-31,4.0,80.0,180.0,13.29,104.06,0.14,0.603,28.42,3.1,3.27,2.07,4.0,4.06,2.05,3.2
225,0_first5minvedio,9.0,1_20251031_Pluto_spont_1,mouse B (Pluto),2025-10-31,5.0,100.0,200.0,12.26,18.71,0.0,0.957,11.15,4.2,7.91,5.33,12.4,5.75,14.81,10.18
225,1_20251031_Pluto_spont_1,9.0,1_20251031_Pluto_spont_1,mouse B (Pluto),2025-10-31,5.0,100.0,200.0,10.94,19.28,0.0,0.89,9.85,5.14,12.47,3.24,7.62,5.39,12.23,10.63
225,2_20251031_pluton2,9.0,1_20251031_Pluto_spont_1,mouse B (Pluto),2025-10-31,5.0,100.0,200.0,9.99,46.27,0.1,0.748,20.02,0.0,0.0,0.0,7.07,0.0,0.0,4.66
225,3_20251031_pluto3,9.0,1_20251031_Pluto_spont_1,mouse B (Pluto),2025-10-31,5.0,100.0,200.0,8.84,18.63,0.02,0.656,17.95,3.7,4.54,1.93,4.12,4.07,2.33,3.37
216,0_first5minvedio,10.0,1_20251031_Pluto_spont_1,mouse B (Pluto),2025-10-31,6.0,120.0,220.0,12.22,18.77,0.0,0.902,12.44,4.51,7.77,5.86,12.84,5.54,17.43,10.39
216,1_20251031_Pluto_spont_1,10.0,1_20251031_Pluto_spont_1,mouse B (Pluto),2025-10-31,6.0,120.0,220.0,11.7,18.43,0.0,0.948,10.72,5.63,12.05,3.4,7.39,5.79,11.32,12.69
216,2_20251031_pluton2,10.0,1_20251031_Pluto_spont_1,mouse B (Pluto),2025-10-31,6.0,120.0,220.0,9.07,38.71,0.06,0.748,16.2,2.03,3.29,3.05,6.93,1.62,2.96,5.91
216,3_20251031_pluto3,10.0,1_20251031_Pluto_spont_1,mouse B (Pluto),2025-10-31,6.0,120.0,220.0,5.42,20.8,0.0,0.709,6.47,3.0,5.22,2.21,3.16,3.72,2.01,2.82
217,0_first5minvedio,11.0,1_20251031_Pluto_spont_1,mouse B (Pluto),2025-10-31,7.0,140.0,240.0,12.26,18.38,0.0,0.93,12.5,4.36,8.07,4.42,12.42,5.4,16.71,12.16
217,1_20251031_Pluto_spont_1,11.0,1_20251031_Pluto_spont_1,mouse B (Pluto),2025-10-31,7.0,140.0,240.0,12.09,18.66,0.0,0.887,9.38,5.98,12.09,3.48,7.72,7.97,12.23,11.75
217,2_20251031_pluton2,11.0,1_20251031_Pluto_spont_1,mouse B (Pluto),2025-10-31,7.0,140.0,240.0,11.56,37.09,0.06,0.793,16.74,1.71,4.7,3.27,6.75,1.11,2.81,4.31
217,3_20251031_pluto3,11.0,1_20251031_Pluto_spont_1,mouse B (Pluto),2025-10-31,7.0,140.0,240.0,13.45,17.42,0.04,0.716,30.26,3.1,4.08,2.0,6.79,2.95,2.67,4.43
321,0_first5minvedio,12.0,2_20251031_pluton2,mouse B (Pluto),2025-10-31,1.0,20.0,220.0,11.89,18.11,0.0,0.942,10.82,4.74,8.23,4.86,12.18,4.7,16.12,10.27
321,1_20251031_Pluto_spont_1,12.0,2_20251031_pluton2,mouse B (Pluto),2025-10-31,1.0,20.0,220.0,11.89,19.57,0.02,0.927,8.05,6.31,13.27,3.73,7.9,5.31,12.68,11.33
321,2_20251031_pluton2,12.0,2_20251031_pluton2,mouse B (Pluto),2025-10-31,1.0,20.0,220.0,7.73,26.37,0.08,0.851,18.26,1.46,3.72,2.71,5.58,1.29,3.16,5.21
321,3_20251031_pluto3,12.0,2_20251031_pluton2,mouse B (Pluto),2025-10-31,1.0,20.0,220.0,4.67,12.5,0.0,0.842,4.6,2.94,3.49,1.53,1.52,3.19,1.35,3.16
322,0_first5minvedio,13.0,2_20251031_pluton2,mouse B (Pluto),2025-10-31,2.0,40.0,240.0,12.38,17.69,0.0,0.977,11.55,4.73,8.65,4.82,11.66,5.65,15.89,11.21
322,1_20251031_Pluto_spont_1,13.0,2_20251031_pluton2,mouse B (Pluto),2025-10-31,2.0,40.0,240.0,11.57,19.97,0.02,0.95,9.88,5.09,11.18,3.39,7.19,5.22,13.21,12.16
322,2_20251031_pluton2,13.0,2_20251031_pluton2,mouse B (Pluto),2025-10-31,2.0,40.0,240.0,7.57,25.06,0.02,0.887,13.97,1.71,2.97,3.11,4.85,1.06,4.05,4.55
322,3_20251031_pluto3,13.0,2_20251031_pluton2,mouse B (Pluto),2025-10-31,2.0,40.0,240.0,1.86,6.11,0.0,0.894,0.0,0.0,0.0,0.0,0.0,0.0,0.0,0.0
323,0_first5minvedio,14.0,2_20251031_pluton2,mouse B (Pluto),2025-10-31,3.0,60.0,260.0,12.32,17.8,0.0,0.952,12.09,4.43,8.73,4.72,12.2,5.27,16.68,10.01
323,1_20251031_Pluto_spont_1,14.0,2_20251031_pluton2,mouse B (Pluto),2025-10-31,3.0,60.0,260.0,11.58,20.13,0.0,0.963,8.41,6.78,12.71,3.77,6.82,6.72,12.5,13.35
323,2_20251031_pluton2,14.0,2_20251031_pluton2,mouse B (Pluto),2025-10-31,3.0,60.0,260.0,7.83,22.76,0.08,0.897,10.24,2.14,3.39,3.29,5.13,0.99,4.41,4.94
323,3_20251031_pluto3,14.0,2_20251031_pluton2,mouse B (Pluto),2025-10-31,3.0,60.0,260.0,4.43,23.23,0.0,0.887,4.41,2.97,3.36,1.65,1.6,4.18,1.69,1.93
324,0_first5minvedio,15.0,2_20251031_pluton2,mouse B (Pluto),2025-10-31,4.0,80.0,280.0,12.29,17.76,0.0,0.98,12.59,4.46,8.03,5.45,12.33,6.19,15.59,10.03
324,1_20251031_Pluto_spont_1,15.0,2_20251031_pluton2,mouse B (Pluto),2025-10-31,4.0,80.0,280.0,12.17,20.19,0.0,0.932,9.73,6.38,11.86,3.16,7.46,8.25,12.42,12.84
324,2_20251031_pluton2,15.0,2_20251031_pluton2,mouse B (Pluto),2025-10-31,4.0,80.0,280.0,7.56,19.68,0.02,0.917,14.0,2.09,3.36,3.55,4.87,1.34,5.56,4.97
324,3_20251031_pluto3,15.0,2_20251031_pluton2,mouse B (Pluto),2025-10-31,4.0,80.0,280.0,4.88,22.12,0.0,0.877,3.42,3.02,3.22,1.72,1.64,4.08,1.44,2.14
411,0_first5minvedio,16.0,3_20251031_pluto3,mouse B (Pluto),2025-10-31,1.0,20.0,280.0,12.25,17.93,0.0,0.97,11.14,3.8,8.07,5.04,12.7,5.72,15.93,11.31
411,1_20251031_Pluto_spont_1,16.0,3_20251031_pluto3,mouse B (Pluto),2025-10-31,1.0,20.0,280.0,12.17,20.13,0.0,0.99,9.32,5.92,13.35,3.35,7.97,5.93,13.23,13.28
411,2_20251031_pluton2,16.0,3_20251031_pluto3,mouse B (Pluto),2025-10-31,1.0,20.0,280.0,6.98,15.57,0.02,0.962,12.59,1.65,3.25,3.14,5.59,1.47,3.15,5.17
411,3_20251031_pluto3,16.0,3_20251031_pluto3,mouse B (Pluto),2025-10-31,1.0,20.0,280.0,3.4,21.32,0.0,0.955,3.33,2.54,2.31,1.81,1.31,2.69,1.2,1.86
422,0_first5minvedio,17.0,3_20251031_pluto3,mouse B (Pluto),2025-10-31,2.0,40.0,300.0,12.24,17.71,0.0,0.947,12.31,4.7,8.27,5.62,12.44,5.68,16.14,10.77
422,1_20251031_Pluto_spont_1,17.0,3_20251031_pluto3,mouse B (Pluto),2025-10-31,2.0,40.0,300.0,11.85,19.85,0.0,0.963,8.23,6.25,13.08,3.19,7.86,6.0,13.26,12.41
422,2_20251031_pluton2,17.0,3_20251031_pluto3,mouse B (Pluto),2025-10-31,2.0,40.0,300.0,7.36,15.15,0.02,0.904,12.82,1.8,2.99,3.03,5.13,1.16,4.43,4.51
422,3_20251031_pluto3,17.0,3_20251031_pluto3,mouse B (Pluto),2025-10-31,2.0,40.0,300.0,3.87,15.83,0.0,0.952,5.46,2.63,2.42,1.63,2.04,2.42,1.85,1.95
423,0_first5minvedio,18.0,3_20251031_pluto3,mouse B (Pluto),2025-10-31,3.0,60.0,320.0,12.88,18.31,0.0,0.962,11.19,4.36,7.76,4.8,12.77,5.51,17.73,11.72
423,1_20251031_Pluto_spont_1,18.0,3_20251031_pluto3,mouse B (Pluto),2025-10-31,3.0,60.0,320.0,11.59,19.89,0.0,0.983,9.05,6.79,13.14,2.98,7.85,7.15,13.43,12.66
423,2_20251031_pluton2,18.0,3_20251031_pluto3,mouse B (Pluto),2025-10-31,3.0,60.0,320.0,7.04,12.57,0.0,0.952,9.77,1.62,3.97,3.52,5.3,1.17,4.86,4.8
423,3_20251031_pluto3,18.0,3_20251031_pluto3,mouse B (Pluto),2025-10-31,3.0,60.0,320.0,3.63,10.19,0.0,0.955,5.08,2.97,2.05,1.44,1.33,2.15,2.37,1.98
111,6_20251028_Pluto_spont_1,0.0,0_first5minvedio,mouse A,5-min recording,1.0,20.0,20.0,224.41,288.84,0.9,0.215,48.53,28.98,70.09,26.78,43.13,7.24,614.97,212.09
112,6_20251028_Pluto_spont_1,1.0,0_first5minvedio,mouse A,5-min recording,2.0,40.0,40.0,297.9,374.0,1.0,0.23,359.39,27.19,398.41,24.98,245.69,2.42,511.82,465.51
113,6_20251028_Pluto_spont_1,2.0,0_first5minvedio,mouse A,5-min recording,3.0,60.0,60.0,267.84,302.76,1.0,0.295,300.18,24.82,359.9,21.06,261.16,4.15,523.28,68.62
114,6_20251028_Pluto_spont_1,3.0,0_first5minvedio,mouse A,5-min recording,4.0,80.0,80.0,223.13,301.57,0.88,0.278,60.84,32.54,67.07,22.64,49.96,3.54,40.72,81.78
115,6_20251028_Pluto_spont_1,4.0,0_first5minvedio,mouse A,5-min recording,5.0,100.0,100.0,235.98,321.0,0.92,0.425,60.23,38.3,495.39,23.54,53.11,3.41,39.3,80.47
211,6_20251028_Pluto_spont_1,5.0,1_20251031_Pluto_spont_1,mouse B (Pluto),2025-10-31,1.0,20.0,120.0,139.36,144.18,0.72,0.395,31.58,4.4,3.08,5.88,25.18,1.77,7.17,392.0
212,6_20251028_Pluto_spont_1,6.0,1_20251031_Pluto_spont_1,mouse B (Pluto),2025-10-31,2.0,40.0,140.0,17.36,138.15,0.16,0.49,29.15,4.24,3.11,4.27,16.91,2.73,4.73,19.37
213,6_20251028_Pluto_spont_1,7.0,1_20251031_Pluto_spont_1,mouse B (Pluto),2025-10-31,3.0,60.0,160.0,10.63,17.29,0.02,0.615,20.44,2.3,2.22,3.2,5.33,2.52,3.7,15.5
214,6_20251028_Pluto_spont_1,8.0,1_20251031_Pluto_spont_1,mouse B (Pluto),2025-10-31,4.0,80.0,180.0,18.62,180.65,0.44,0.578,18.4,1.12,2.04,4.46,4.35,1.5,2.83,19.89
225,6_20251028_Pluto_spont_1,9.0,1_20251031_Pluto_spont_1,mouse B (Pluto),2025-10-31,5.0,100.0,200.0,44.06,183.34,0.46,0.603,16.68,3.29,2.33,4.0,8.59,1.37,3.14,18.92
216,6_20251028_Pluto_spont_1,10.0,1_20251031_Pluto_spont_1,mouse B (Pluto),2025-10-31,6.0,120.0,220.0,11.56,46.53,0.1,0.56,15.08,2.02,1.84,3.08,5.5,1.68,4.73,17.27
217,6_20251028_Pluto_spont_1,11.0,1_20251031_Pluto_spont_1,mouse B (Pluto),2025-10-31,7.0,140.0,240.0,178.4,184.09,0.62,0.605,19.16,1.9,2.19,3.46,9.13,1.19,2.72,502.36
321,6_20251028_Pluto_spont_1,12.0,2_20251031_pluton2,mouse B (Pluto),2025-10-31,1.0,20.0,220.0,31.71,170.82,0.44,0.63,13.31,1.71,1.87,2.69,8.63,1.43,3.05,15.73
322,6_20251028_Pluto_spont_1,13.0,2_20251031_pluton2,mouse B (Pluto),2025-10-31,2.0,40.0,240.0,8.18,45.72,0.08,0.723,8.58,2.57,1.72,2.41,8.85,1.52,3.39,9.86
323,6_20251028_Pluto_spont_1,14.0,2_20251031_pluton2,mouse B (Pluto),2025-10-31,3.0,60.0,260.0,7.49,28.29,0.06,0.618,7.17,1.99,1.58,2.56,7.24,1.88,2.52,10.78
324,6_20251028_Pluto_spont_1,15.0,2_20251031_pluton2,mouse B (Pluto),2025-10-31,4.0,80.0,280.0,4.85,13.4,0.02,0.8,5.72,2.24,1.72,3.83,5.06,1.36,3.91,5.9
411,6_20251028_Pluto_spont_1,16.0,3_20251031_pluto3,mouse B (Pluto),2025-10-31,1.0,20.0,280.0,6.19,21.88,0.0,0.677,10.47,1.62,1.42,1.6,7.42,1.25,3.77,5.3
422,6_20251028_Pluto_spont_1,17.0,3_20251031_pluto3,mouse B (Pluto),2025-10-31,2.0,40.0,300.0,5.41,12.08,0.0,0.69,6.48,2.43,2.16,2.55,6.56,1.29,2.2,7.27
423,6_20251028_Pluto_spont_1,18.0,3_20251031_pluto3,mouse B (Pluto),2025-10-31,3.0,60.0,320.0,7.37,85.89,0.18,0.655,15.37,1.76,1.67,2.29,6.61,1.67,2.9,7.12
111,7_20251027_Pluto_spont1,0.0,0_first5minvedio,mouse A,5-min recording,1.0,20.0,20.0,321.48,383.74,1.0,0.345,379.56,25.14,259.4,16.72,380.75,5.37,543.49,477.46
112,7_20251027_Pluto_spont1,1.0,0_first5minvedio,mouse A,5-min recording,2.0,40.0,40.0,267.57,323.76,1.0,0.36,375.6,24.73,178.22,14.09,368.96,3.25,215.59,107.81
113,7_20251027_Pluto_spont1,2.0,0_first5minvedio,mouse A,5-min recording,3.0,60.0,60.0,316.6,366.39,1.0,0.403,371.31,25.84,149.18,12.97,367.75,4.37,222.07,675.69
114,7_20251027_Pluto_spont1,3.0,0_first5minvedio,mouse A,5-min recording,4.0,80.0,80.0,281.2,347.22,1.0,0.355,374.05,25.97,258.73,13.44,368.98,1.78,132.35,530.32
115,7_20251027_Pluto_spont1,4.0,0_first5minvedio,mouse A,5-min recording,5.0,100.0,100.0,265.6,296.8,1.0,0.38,377.77,28.91,172.12,12.87,372.68,1.16,304.7,450.86
211,7_20251027_Pluto_spont1,5.0,1_20251031_Pluto_spont_1,mouse B (Pluto),2025-10-31,1.0,20.0,120.0,13.86,129.84,0.22,0.455,14.1,4.94,6.32,5.32,5.64,2.67,13.92,25.1
212,7_20251027_Pluto_spont1,6.0,1_20251031_Pluto_spont_1,mouse B (Pluto),2025-10-31,2.0,40.0,140.0,72.74,272.75,0.52,0.492,8.6,2.65,7.83,5.59,7.36,1.99,7.15,26.91
213,7_20251027_Pluto_spont1,7.0,1_20251031_Pluto_spont_1,mouse B (Pluto),2025-10-31,3.0,60.0,160.0,11.02,270.06,0.36,0.575,6.77,2.01,2.84,2.34,3.32,2.37,3.04,26.36
214,7_20251027_Pluto_spont1,8.0,1_20251031_Pluto_spont_1,mouse B (Pluto),2025-10-31,4.0,80.0,180.0,7.77,73.8,0.12,0.613,8.25,1.75,3.84,2.15,3.91,1.65,7.07,16.88
225,7_20251027_Pluto_spont1,9.0,1_20251031_Pluto_spont_1,mouse B (Pluto),2025-10-31,5.0,100.0,200.0,8.0,11.31,0.08,0.675,7.93,2.07,2.06,3.08,5.4,1.6,3.31,17.57
216,7_20251027_Pluto_spont1,10.0,1_20251031_Pluto_spont_1,mouse B (Pluto),2025-10-31,6.0,120.0,220.0,5.84,9.06,0.06,0.588,7.21,2.55,2.49,2.06,2.15,1.84,5.04,10.62
217,7_20251027_Pluto_spont1,11.0,1_20251031_Pluto_spont_1,mouse B (Pluto),2025-10-31,7.0,140.0,240.0,6.73,9.42,0.08,0.665,9.25,1.53,3.31,1.67,2.9,1.87,6.94,12.14
321,7_20251027_Pluto_spont1,12.0,2_20251031_pluton2,mouse B (Pluto),2025-10-31,1.0,20.0,220.0,10.11,68.93,0.16,0.66,9.0,1.77,2.61,2.61,2.92,2.07,5.08,23.42
322,7_20251027_Pluto_spont1,13.0,2_20251031_pluton2,mouse B (Pluto),2025-10-31,2.0,40.0,240.0,7.66,139.21,0.16,0.627,9.55,1.52,2.68,1.78,2.75,0.9,3.48,15.17
323,7_20251027_Pluto_spont1,14.0,2_20251031_pluton2,mouse B (Pluto),2025-10-31,3.0,60.0,260.0,4.58,7.47,0.02,0.672,7.64,1.56,1.83,2.22,2.85,1.66,4.02,6.46
324,7_20251027_Pluto_spont1,15.0,2_20251031_pluton2,mouse B (Pluto),2025-10-31,4.0,80.0,280.0,4.83,8.33,0.02,0.57,6.29,2.21,2.36,1.75,3.03,1.2,4.04,4.37
411,7_20251027_Pluto_spont1,16.0,3_20251031_pluto3,mouse B (Pluto),2025-10-31,1.0,20.0,280.0,7.01,196.6,0.2,0.608,11.54,2.16,1.98,1.72,3.13,1.4,3.67,10.13
422,7_20251027_Pluto_spont1,17.0,3_20251031_pluto3,mouse B (Pluto),2025-10-31,2.0,40.0,300.0,7.14,11.42,0.08,0.695,12.92,1.91,1.49,1.45,2.6,0.77,2.52,10.4
423,7_20251027_Pluto_spont1,18.0,3_20251031_pluto3,mouse B (Pluto),2025-10-31,3.0,60.0,320.0,5.81,26.56,0.02,0.542,11.06,2.05,1.48,2.16,3.52,1.42,2.87,8.2
111,8_20251024_Pluto_spont1,0.0,0_first5minvedio,mouse A,5-min recording,1.0,20.0,20.0,389.28,418.34,1.0,0.02,97.32,442.62,231.44,39.38,281.62,593.93,45.14,642.25
112,8_20251024_Pluto_spont1,1.0,0_first5minvedio,mouse A,5-min recording,2.0,40.0,40.0,160.68,317.75,0.98,0.038,27.2,26.95,199.73,22.29,105.36,22.49,70.08,29.64
113,8_20251024_Pluto_spont1,2.0,0_first5minvedio,mouse A,5-min recording,3.0,60.0,60.0,272.11,318.03,1.0,0.085,259.76,20.13,200.63,15.24,288.64,19.04,59.39,635.92
114,8_20251024_Pluto_spont1,3.0,0_first5minvedio,mouse A,5-min recording,4.0,80.0,80.0,347.35,397.3,1.0,0.048,147.75,383.37,284.91,22.6,218.41,512.26,108.41,639.97
115,8_20251024_Pluto_spont1,4.0,0_first5minvedio,mouse A,5-min recording,5.0,100.0,100.0,203.37,312.01,1.0,0.188,278.7,20.03,296.02,17.77,280.92,24.0,106.23,21.43
211,8_20251024_Pluto_spont1,5.0,1_20251031_Pluto_spont_1,mouse B (Pluto),2025-10-31,1.0,20.0,120.0,192.47,220.82,0.9,0.226,48.14,17.56,512.45,18.34,14.62,13.51,96.04,15.82
212,8_20251024_Pluto_spont1,6.0,1_20251031_Pluto_spont_1,mouse B (Pluto),2025-10-31,2.0,40.0,140.0,72.17,277.95,0.6,0.284,15.7,18.42,190.81,12.35,10.64,14.05,7.26,12.41
213,8_20251024_Pluto_spont1,7.0,1_20251031_Pluto_spont_1,mouse B (Pluto),2025-10-31,3.0,60.0,160.0,135.02,146.38,0.64,0.347,22.35,20.82,81.93,13.73,369.92,14.0,3.51,8.69
214,8_20251024_Pluto_spont1,8.0,1_20251031_Pluto_spont_1,mouse B (Pluto),2025-10-31,4.0,80.0,180.0,38.29,51.29,0.18,0.357,29.59,22.3,83.25,9.34,12.58,15.47,3.21,8.67
225,8_20251024_Pluto_spont1,9.0,1_20251031_Pluto_spont_1,mouse B (Pluto),2025-10-31,5.0,100.0,200.0,53.56,147.85,0.58,0.389,46.8,21.4,88.44,14.4,11.85,13.45,4.0,7.38
216,8_20251024_Pluto_spont1,10.0,1_20251031_Pluto_spont_1,mouse B (Pluto),2025-10-31,6.0,120.0,220.0,52.62,183.4,0.6,0.455,54.95,20.63,107.21,11.5,70.98,15.95,3.02,5.95
217,8_20251024_Pluto_spont1,11.0,1_20251031_Pluto_spont_1,mouse B (Pluto),2025-10-31,7.0,140.0,240.0,29.03,205.31,0.3,0.415,12.98,21.11,12.54,17.25,6.14,14.76,3.69,8.78
321,8_20251024_Pluto_spont1,12.0,2_20251031_pluton2,mouse B (Pluto),2025-10-31,1.0,20.0,220.0,47.89,193.27,0.48,0.44,12.32,17.87,120.26,13.88,10.2,13.58,3.06,6.79
322,8_20251024_Pluto_spont1,13.0,2_20251031_pluton2,mouse B (Pluto),2025-10-31,2.0,40.0,240.0,19.73,63.32,0.14,0.457,16.33,20.43,12.1,17.44,6.11,16.56,2.54,5.5
323,8_20251024_Pluto_spont1,14.0,2_20251031_pluton2,mouse B (Pluto),2025-10-31,3.0,60.0,260.0,38.72,138.02,0.32,0.603,34.05,18.5,20.28,17.39,7.97,10.83,2.46,4.28
324,8_20251024_Pluto_spont1,15.0,2_20251031_pluton2,mouse B (Pluto),2025-10-31,4.0,80.0,280.0,191.39,227.68,0.72,0.578,41.32,23.91,536.96,14.63,13.82,10.19,1.8,5.13
411,8_20251024_Pluto_spont1,16.0,3_20251031_pluto3,mouse B (Pluto),2025-10-31,1.0,20.0,280.0,24.78,43.47,0.08,0.585,13.48,20.67,18.7,16.87,5.51,11.36,2.27,5.5
422,8_20251024_Pluto_spont1,17.0,3_20251031_pluto3,mouse B (Pluto),2025-10-31,2.0,40.0,300.0,22.21,115.65,0.18,0.543,17.23,21.37,7.42,15.81,4.8,13.97,2.26,3.92
423,8_20251024_Pluto_spont1,18.0,3_20251031_pluto3,mouse B (Pluto),2025-10-31,3.0,60.0,320.0,32.21,189.89,0.38,0.588,19.24,18.03,13.82,14.99,9.63,14.72,4.03,3.15
