video,unit,mouse,model_step,frames,minutes,rule,flagged_frames_pct,events,events_per_min,median_event_ms,production_flagged_pct,min_conf_lt_0.6_pct,area_median_px2,area_rel_spread_pct,corr_area_opening
0,0_first5minvedio,mouse A,3,18014,5.0,mean_conf < 0.527,0.35,8,1.6,108.0,10.27,1.79,62637.0,8.0,0.87
1,1_20251031_Pluto_spont_1,Pluto,1,71748,19.93,mean_conf < 0.527,2.62,170,8.53,133.0,83.83,80.04,27730.0,16.8,0.36
2,2_20251031_Pluto_spont_3,Pluto,1,71748,19.93,mean_conf < 0.527,0.6,40,2.01,150.0,40.09,29.35,31075.0,22.8,0.89
3,3_20251031_Pluto_spont_2,Pluto,1,71748,19.93,mean_conf < 0.527,0.76,34,1.71,175.0,40.21,18.79,24056.0,30.9,0.92
4,4_20251030_Pluto_spont_1,Pluto,2,71748,19.93,mean_conf < 0.527,1.02,45,2.26,183.0,49.8,55.05,16741.0,86.0,0.84
5,5_20251029_Pluto_spont_1,Pluto,1,71748,19.93,mean_conf < 0.527,0.08,11,0.55,50.0,15.49,28.8,32914.0,29.1,0.73
6,6_20251028_Pluto_spont_1,Pluto,1,71748,19.93,mean_conf < 0.527,0.4,32,1.61,108.0,42.17,59.11,33946.0,35.0,0.85
7,7_20251027_Pluto_spont1,Pluto,1,71748,19.93,mean_conf < 0.527,0.27,13,0.65,350.0,10.76,8.65,22534.0,54.8,0.72
8,8_20251024_Pluto_spont1,Pluto,1,71748,19.93,mean_conf < 0.527,12.86,213,10.69,183.0,64.65,68.23,29666.0,59.3,0.92
9,9_20251023_Pluto1,Pluto,4,71748,19.93,mean_conf < 0.527,1.04,48,2.41,200.0,37.99,22.78,20210.0,34.9,0.86
10,10_20251022_Pluto1,Pluto,2,71748,19.93,mean_conf < 0.527,2.2,66,3.31,250.0,44.09,24.94,13664.0,18.3,0.83
11,11_20251017_Terra_spont_1,Terra,2,71748,19.93,mean_conf < 0.527,0.22,23,1.15,83.0,30.58,15.93,17156.0,14.7,0.83
12,12_20251016_Terra_spont_2,Terra,1,71748,19.93,mean_conf < 0.527,0.94,38,1.91,200.0,25.35,16.1,20783.0,23.9,0.87
13,13_20251015_Terra_spont_1,Terra,1,71748,19.93,mean_conf < 0.527,0.34,24,1.2,150.0,11.54,14.59,27711.0,13.5,0.89
14,14_20251014_Terra_spont_1,Terra,3,71748,19.93,mean_conf < 0.527,1.0,45,2.26,167.0,63.44,56.37,26725.0,28.2,0.87
