video,unit,model_step,rule,n,median_abs_err_pct,p90_abs_err_pct,median_signed_err_pct
0,0_first5minvedio,3,four,49,2.59,7.83,-0.23
0,0_first5minvedio,3,no_top,49,6.05,11.84,5.87
0,0_first5minvedio,3,no_bottom,49,5.56,11.46,-5.46
0,0_first5minvedio,3,no_left,49,3.37,6.4,-0.1
0,0_first5minvedio,3,no_right,49,4.07,9.21,-0.49
0,0_first5minvedio,3,drop_lowconf,49,5.91,11.19,-1.65
0,0_first5minvedio,3,four_fallback,49,2.59,7.83,-0.23
0,0_first5minvedio,3,four_med5,49,2.62,6.91,0.24
0,0_first5minvedio,3,four_med31,49,2.65,7.35,0.2
0,0_first5minvedio,human labels,no_top_on_human_labels,49,3.46,7.59,3.0
1,1_20251031_Pluto_spont_1,1,four,50,9.53,23.16,7.8
1,1_20251031_Pluto_spont_1,1,no_top,50,6.01,21.01,1.54
1,1_20251031_Pluto_spont_1,1,no_bottom,50,13.3,35.06,10.28
1,1_20251031_Pluto_spont_1,1,no_left,50,5.79,30.02,2.49
1,1_20251031_Pluto_spont_1,1,no_right,50,16.52,35.8,12.66
1,1_20251031_Pluto_spont_1,1,drop_lowconf,50,5.49,23.21,3.33
1,1_20251031_Pluto_spont_1,1,four_fallback,50,4.89,23.21,3.33
1,1_20251031_Pluto_spont_1,1,four_med5,50,11.05,22.3,8.41
1,1_20251031_Pluto_spont_1,1,four_med31,50,10.95,22.3,8.22
1,1_20251031_Pluto_spont_1,human labels,no_top_on_human_labels,50,3.2,7.63,-1.23
2,2_20251031_Pluto_spont_3,1,four,49,5.33,17.77,-4.57
2,2_20251031_Pluto_spont_3,1,no_top,49,3.93,10.13,-1.36
2,2_20251031_Pluto_spont_3,1,no_bottom,49,7.3,17.79,-7.3
2,2_20251031_Pluto_spont_3,1,no_left,49,15.43,30.69,-15.43
2,2_20251031_Pluto_spont_3,1,no_right,49,5.6,26.15,4.55
2,2_20251031_Pluto_spont_3,1,drop_lowconf,49,3.8,18.71,-3.38
2,2_20251031_Pluto_spont_3,1,four_fallback,49,3.54,17.8,-3.38
2,2_20251031_Pluto_spont_3,1,four_med5,49,4.48,9.11,-4.48
2,2_20251031_Pluto_spont_3,1,four_med31,49,4.45,8.65,-4.36
2,2_20251031_Pluto_spont_3,human labels,no_top_on_human_labels,49,2.66,7.27,-0.67
3,3_20251031_Pluto_spont_2,1,four,48,2.17,34.26,1.38
3,3_20251031_Pluto_spont_2,1,no_top,48,14.79,29.37,-11.04
3,3_20251031_Pluto_spont_2,1,no_bottom,48,17.17,37.24,17.17
3,3_20251031_Pluto_spont_2,1,no_left,48,24.28,31.79,24.28
3,3_20251031_Pluto_spont_2,1,no_right,48,23.3,44.17,-20.1
3,3_20251031_Pluto_spont_2,1,drop_lowconf,48,24.99,31.79,24.99
3,3_20251031_Pluto_spont_2,1,four_fallback,48,3.26,27.96,3.26
3,3_20251031_Pluto_spont_2,1,four_med5,48,2.44,35.14,1.67
3,3_20251031_Pluto_spont_2,1,four_med31,48,2.55,35.64,2.01
3,3_20251031_Pluto_spont_2,human labels,no_top_on_human_labels,48,12.98,22.6,-12.98
4,4_20251030_Pluto_spont_1,2,four,50,43.83,164.81,37.14
4,4_20251030_Pluto_spont_1,2,no_top,50,50.91,173.89,50.91
4,4_20251030_Pluto_spont_1,2,no_bottom,50,44.66,169.84,44.66
4,4_20251030_Pluto_spont_1,2,no_left,50,48.81,161.3,48.81
4,4_20251030_Pluto_spont_1,2,no_right,50,40.81,171.31,22.69
4,4_20251030_Pluto_spont_1,2,drop_lowconf,50,50.76,168.01,50.76
4,4_20251030_Pluto_spont_1,2,four_fallback,50,50.76,165.24,50.76
4,4_20251030_Pluto_spont_1,2,four_med5,50,48.08,165.48,48.08
4,4_20251030_Pluto_spont_1,2,four_med31,50,47.06,168.43,47.06
4,4_20251030_Pluto_spont_1,human labels,no_top_on_human_labels,50,6.45,12.15,5.8
5,5_20251029_Pluto_spont_1,1,four,49,10.68,20.48,-10.68
5,5_20251029_Pluto_spont_1,1,no_top,49,2.41,12.77,-2.06
5,5_20251029_Pluto_spont_1,1,no_bottom,49,21.79,29.49,-21.79
5,5_20251029_Pluto_spont_1,1,no_left,49,6.04,22.44,-4.29
5,5_20251029_Pluto_spont_1,1,no_right,49,17.08,27.18,-17.08
5,5_20251029_Pluto_spont_1,1,drop_lowconf,49,8.24,15.32,-8.24
5,5_20251029_Pluto_spont_1,1,four_fallback,49,10.29,20.48,-10.29
5,5_20251029_Pluto_spont_1,1,four_med5,49,10.47,18.47,-10.47
5,5_20251029_Pluto_spont_1,1,four_med31,49,10.51,17.16,-10.51
5,5_20251029_Pluto_spont_1,human labels,no_top_on_human_labels,49,2.29,6.73,-1.78
6,6_20251028_Pluto_spont_1,1,four,50,2.7,5.31,-1.6
6,6_20251028_Pluto_spont_1,1,no_top,50,8.79,13.31,-8.79
6,6_20251028_Pluto_spont_1,1,no_bottom,50,4.86,8.91,4.69
6,6_20251028_Pluto_spont_1,1,no_left,50,7.04,13.51,-5.58
6,6_20251028_Pluto_spont_1,1,no_right,50,5.45,14.02,4.39
6,6_20251028_Pluto_spont_1,1,drop_lowconf,50,8.79,13.31,-8.79
6,6_20251028_Pluto_spont_1,1,four_fallback,50,8.5,13.31,-8.5
6,6_20251028_Pluto_spont_1,1,four_med5,50,2.94,5.32,-1.95
6,6_20251028_Pluto_spont_1,1,four_med31,50,3.08,5.88,-2.12
6,6_20251028_Pluto_spont_1,human labels,no_top_on_human_labels,50,9.01,12.22,-9.01
7,7_20251027_Pluto_spont1,1,four,50,5.6,10.23,-5.44
7,7_20251027_Pluto_spont1,1,no_top,50,2.43,6.72,1.25
7,7_20251027_Pluto_spont1,1,no_bottom,50,12.47,16.57,-12.26
7,7_20251027_Pluto_spont1,1,no_left,50,11.13,17.74,-11.13
7,7_20251027_Pluto_spont1,1,no_right,50,4.43,10.14,1.89
7,7_20251027_Pluto_spont1,1,drop_lowconf,50,4.29,15.5,0.08
7,7_20251027_Pluto_spont1,1,four_fallback,50,5.6,9.17,-5.44
7,7_20251027_Pluto_spont1,1,four_med5,50,5.81,9.33,-5.4
7,7_20251027_Pluto_spont1,1,four_med31,50,5.52,9.04,-5.1
7,7_20251027_Pluto_spont1,human labels,no_top_on_human_labels,50,3.54,8.93,3.33
8,8_20251024_Pluto_spont1,1,four,49,23.99,84.44,-12.63
8,8_20251024_Pluto_spont1,1,no_top,49,38.17,85.52,-17.17
8,8_20251024_Pluto_spont1,1,no_bottom,49,28.59,103.18,-13.94
8,8_20251024_Pluto_spont1,1,no_left,49,37.88,88.46,-30.6
8,8_20251024_Pluto_spont1,1,no_right,49,43.75,109.57,0.49
8,8_20251024_Pluto_spont1,1,drop_lowconf,49,36.03,88.46,-25.04
8,8_20251024_Pluto_spont1,1,four_fallback,49,37.54,88.46,-25.04
8,8_20251024_Pluto_spont1,1,four_med5,49,27.66,69.95,-14.9
8,8_20251024_Pluto_spont1,1,four_med31,49,25.75,74.08,-14.24
8,8_20251024_Pluto_spont1,human labels,no_top_on_human_labels,49,7.22,15.72,-0.93
9,9_20251023_Pluto1,4,four,50,7.56,16.09,-3.89
9,9_20251023_Pluto1,4,no_top,50,13.71,22.54,-7.13
9,9_20251023_Pluto1,4,no_bottom,50,5.5,15.63,-3.19
9,9_20251023_Pluto1,4,no_left,50,11.28,21.15,-9.09
9,9_20251023_Pluto1,4,no_right,50,5.98,15.88,-0.67
9,9_20251023_Pluto1,4,drop_lowconf,50,6.44,16.27,-4.8
9,9_20251023_Pluto1,4,four_fallback,50,6.57,16.4,-5.15
9,9_20251023_Pluto1,4,four_med5,50,8.52,17.61,-4.5
9,9_20251023_Pluto1,4,four_med31,50,8.9,16.71,-4.9
9,9_20251023_Pluto1,human labels,no_top_on_human_labels,50,4.76,10.71,-2.26
10,10_20251022_Pluto1,2,four,50,13.34,78.89,4.15
10,10_20251022_Pluto1,2,no_top,50,13.85,78.14,0.34
10,10_20251022_Pluto1,2,no_bottom,50,18.1,88.87,11.09
10,10_20251022_Pluto1,2,no_left,50,11.86,63.78,4.25
10,10_20251022_Pluto1,2,no_right,50,16.54,110.51,8.96
10,10_20251022_Pluto1,2,drop_lowconf,50,13.89,68.11,4.37
10,10_20251022_Pluto1,2,four_fallback,50,11.91,67.33,4.35
10,10_20251022_Pluto1,2,four_med5,50,13.18,68.0,4.84
10,10_20251022_Pluto1,2,four_med31,50,14.13,67.12,5.42
10,10_20251022_Pluto1,human labels,no_top_on_human_labels,50,5.28,13.46,-4.43
11,11_20251017_Terra_spont_1,2,four,50,3.86,16.65,-1.72
11,11_20251017_Terra_spont_1,2,no_top,50,4.99,17.82,2.64
11,11_20251017_Terra_spont_1,2,no_bottom,50,6.89,15.31,-6.26
11,11_20251017_Terra_spont_1,2,no_left,50,11.27,23.5,-9.44
11,11_20251017_Terra_spont_1,2,no_right,50,6.59,17.12,4.07
11,11_20251017_Terra_spont_1,2,drop_lowconf,50,7.05,25.88,3.07
11,11_20251017_Terra_spont_1,2,four_fallback,50,4.36,16.76,-1.72
11,11_20251017_Terra_spont_1,2,four_med5,50,3.9,15.92,-1.54
11,11_20251017_Terra_spont_1,2,four_med31,50,4.0,12.55,-2.13
11,11_20251017_Terra_spont_1,human labels,no_top_on_human_labels,50,5.46,10.01,0.55
12,12_20251016_Terra_spont_2,1,four,50,1.54,4.82,-0.45
12,12_20251016_Terra_spont_2,1,no_top,50,2.95,10.64,-0.1
12,12_20251016_Terra_spont_2,1,no_bottom,50,3.64,10.74,-1.51
12,12_20251016_Terra_spont_2,1,no_left,50,2.82,6.55,-0.79
12,12_20251016_Terra_spont_2,1,no_right,50,3.63,8.43,0.29
12,12_20251016_Terra_spont_2,1,drop_lowconf,50,3.35,8.43,-0.39
12,12_20251016_Terra_spont_2,1,four_fallback,50,1.54,4.82,-0.45
12,12_20251016_Terra_spont_2,1,four_med5,50,2.09,4.95,-0.37
12,12_20251016_Terra_spont_2,1,four_med31,50,2.69,7.3,-0.87
12,12_20251016_Terra_spont_2,human labels,no_top_on_human_labels,50,3.97,7.67,-2.75
13,13_20251015_Terra_spont_1,1,four,50,3.34,17.96,0.31
13,13_20251015_Terra_spont_1,1,no_top,50,10.91,28.11,10.33
13,13_20251015_Terra_spont_1,1,no_bottom,50,10.42,17.45,-9.63
13,13_20251015_Terra_spont_1,1,no_left,50,10.38,15.89,-10.38
13,13_20251015_Terra_spont_1,1,no_right,50,11.55,28.27,10.62
13,13_20251015_Terra_spont_1,1,drop_lowconf,50,8.29,17.84,-7.07
13,13_20251015_Terra_spont_1,1,four_fallback,50,4.86,18.94,0.08
13,13_20251015_Terra_spont_1,1,four_med5,50,3.51,12.02,0.09
13,13_20251015_Terra_spont_1,1,four_med31,50,3.82,13.49,-0.01
13,13_20251015_Terra_spont_1,human labels,no_top_on_human_labels,50,4.3,10.24,4.24
14,14_20251014_Terra_spont_1,3,four,49,6.08,15.59,-6.08
14,14_20251014_Terra_spont_1,3,no_top,49,7.2,13.36,4.35
14,14_20251014_Terra_spont_1,3,no_bottom,49,14.69,30.99,-14.69
14,14_20251014_Terra_spont_1,3,no_left,49,19.31,30.07,-19.31
14,14_20251014_Terra_spont_1,3,no_right,49,7.49,17.87,4.55
14,14_20251014_Terra_spont_1,3,drop_lowconf,49,8.14,18.36,3.61
14,14_20251014_Terra_spont_1,3,four_fallback,49,4.95,15.64,-2.56
14,14_20251014_Terra_spont_1,3,four_med5,49,5.55,15.96,-5.42
14,14_20251014_Terra_spont_1,3,four_med31,49,5.99,15.2,-5.55
14,14_20251014_Terra_spont_1,human labels,no_top_on_human_labels,49,8.08,14.33,8.08
15,15_20251013_Terra_spont_1,2,four,50,11.06,41.02,5.79
15,15_20251013_Terra_spont_1,2,no_top,50,12.25,35.82,6.27
15,15_20251013_Terra_spont_1,2,no_bottom,50,11.69,50.0,7.12
15,15_20251013_Terra_spont_1,2,no_left,50,13.35,43.89,4.57
15,15_20251013_Terra_spont_1,2,no_right,50,12.59,38.76,8.93
15,15_20251013_Terra_spont_1,2,drop_lowconf,50,10.12,38.41,7.57
15,15_20251013_Terra_spont_1,2,four_fallback,50,11.2,38.41,5.65
15,15_20251013_Terra_spont_1,2,four_med5,50,10.58,45.15,6.04
15,15_20251013_Terra_spont_1,2,four_med31,50,9.18,47.34,5.84
15,15_20251013_Terra_spont_1,human labels,no_top_on_human_labels,50,4.17,11.11,0.82
16,16_20251010_Terra_spont_1,2,four,50,3.58,9.69,-1.79
16,16_20251010_Terra_spont_1,2,no_top,50,6.96,13.08,6.96
16,16_20251010_Terra_spont_1,2,no_bottom,50,11.47,20.54,-11.47
16,16_20251010_Terra_spont_1,2,no_left,50,12.98,20.28,-12.98
16,16_20251010_Terra_spont_1,2,no_right,50,8.07,22.45,7.97
16,16_20251010_Terra_spont_1,2,drop_lowconf,50,8.73,19.83,8.61
16,16_20251010_Terra_spont_1,2,four_fallback,50,3.22,8.87,-1.21
16,16_20251010_Terra_spont_1,2,four_med5,50,3.18,8.65,-1.53
16,16_20251010_Terra_spont_1,2,four_med31,50,3.09,8.7,-1.24
16,16_20251010_Terra_spont_1,human labels,no_top_on_human_labels,50,7.55,11.7,7.55
all,all videos pooled,,four,843,5.57,33.82,-1.34
all,all videos pooled,,no_top,843,7.71,34.6,1.2
all,all videos pooled,,no_bottom,843,10.48,41.13,-4.62
all,all videos pooled,,no_left,843,11.4,36.76,-5.28
all,all videos pooled,,no_right,843,9.56,37.64,3.19
all,all videos pooled,,drop_lowconf,843,8.55,33.96,0.24
all,all videos pooled,,four_fallback,843,5.71,33.55,-1.51
all,all videos pooled,,four_med5,843,5.42,34.2,-1.31
all,all videos pooled,,four_med31,843,5.53,33.59,-1.66
all,all videos pooled,,no_top_on_human_labels,843,4.98,12.09,0.34
