video,closed_frames,open_frames,AUC_open_rel5,AUC_open_relv,AUC_min_conf,AUC_mean_conf,AUC_axes_off,AUC_aspect
0,0,148,,,,,,
1,2,184,0.519,0.783,1.0,0.997,0.905,0.443
2,4,119,0.996,0.983,0.996,1.0,0.758,0.128
3,4,101,0.849,0.809,0.998,1.0,1.0,0.282
4,6,122,0.993,0.99,0.98,0.992,0.959,0.541
5,1,88,1.0,1.0,1.0,1.0,1.0,1.0
6,1,107,1.0,0.991,1.0,1.0,0.991,0.636
7,4,86,0.75,0.776,1.0,1.0,1.0,0.5
8,1,108,1.0,0.991,1.0,1.0,1.0,0.0
9,5,163,0.993,0.991,0.985,0.998,0.991,0.233
10,0,128,,,,,,
11,0,130,,,,,,
12,0,88,,,,,,
13,0,110,,,,,,
all,28,1682,0.901,0.93,0.992,0.995,0.944,0.399
