video,unit,mouse,date,labels_at_plateau,plateau_median_px,zero_label_px,status,note
0,0_first5minvedio,mouse A,5-min,60,12.04,,final,rule fired at 100
1,1_20251031_Pluto_spont_1,Pluto,2025-10-31,20,10.37,208.23,final,new mouse; rule fired at 60
2,2_20251031_Pluto_spont_3,Pluto,2025-10-31,20,7.73,9.99,final,rule fired at 60
3,3_20251031_Pluto_spont_2,Pluto,2025-10-31,20,3.40,4.43,final,rule fired at 60
4,4_20251030_Pluto_spont_1,Pluto,2025-10-30,40,15.01,32.11,final,poor image quality; run 2 (convention v2); rule fired at 80
5,5_20251029_Pluto_spont_1,Pluto,2025-10-29,20,15.85,11.90,final,median rule fired at 0 but 12% of frames were > 50 px off; user decision 20 labels
6,6_20251028_Pluto_spont_1,Pluto,2025-10-28,20,6.75,9.36,final,rule fired at 60
7,7_20251027_Pluto_spont1,Pluto,2025-10-27,0,5.36,5.36,final,rule fired at 40: the video-6 model already fits this day
8,8_20251024_Pluto_spont1,Pluto,2025-10-24,20,25.34,27.46,final,rule fired at 60; 12-16% of frames > 50 px at every step
9,9_20251023_Pluto1,Pluto,2025-10-23,80,8.20,23.41,final,rule fired at 120
10,10_20251022_Pluto1,Pluto,2025-10-22,40,10.32,18.13,final,rule fired at 80
11,11_20251017_Terra_spont_1,Terra,2025-10-17,40,8.86,25.96,final,rule fired at 80
12,12_20251016_Terra_spont_2,Terra,2025-10-16,0,5.13,5.13,final,rule fired at 40: the video-11 model already fits this day (20 labels 5.77 px; 40 labels 5.84 px)
13,13_20251015_Terra_spont_1,Terra,2025-10-15,20,9.43,69.13,final,rule fired at 60 (20 / 40 / 60 = 9.43 / 9.44 / 9.67 px); user decision 2026-10-06
14,14_20251014_Terra_spont_1,Terra,2025-10-14,60,10.30,13.33,final,user decision 2026-10-07; 0 labels 13.33 px (16% of frames > 50 px); 20 / 40 / 60 / 80 / 100 = 10.83 / 12.41 / 10.30 / 10.45 / 10.24; two flat steps after 60 (80 and 100 within 3% of 10.30)
15,15_20251013_Terra_spont_1,Terra,2025-10-13,40,9.73,10.57,rule fired at 80; awaiting user decision,0 labels 10.57 px (video-14 60-label model 1513); 20 / 40 / 60 / 80 = 11.42 / 9.73 / 9.61 / 10.24; two flat steps after 40 (60 within 3% of 9.73; 80 worse); test50 pre-labeled with model 1511 before video 14's plateau was known
