mouse,threshold,video,frame,time_s,r
Pluto,0.3,1,62910,1048.5,0.3002
Pluto,0.3,2,28183,469.7,0.3
Pluto,0.3,3,66489,1108.2,0.3
Pluto,0.3,4,55537,925.6,0.3
Pluto,0.3,6,27075,451.2,0.2998
Pluto,0.3,7,21867,364.4,0.3002
Pluto,0.347,1,56362,939.4,0.347
Pluto,0.347,2,18937,315.6,0.347
Pluto,0.347,3,71210,1186.8,0.347
Pluto,0.347,4,33114,551.9,0.347
Pluto,0.347,5,23187,386.4,0.3469
Pluto,0.347,6,27901,465.0,0.347
Pluto,0.365,1,69483,1158.0,0.365
Pluto,0.365,2,18287,304.8,0.365
Pluto,0.365,3,28190,469.8,0.365
Pluto,0.365,4,31984,533.1,0.365
Pluto,0.365,5,23415,390.2,0.365
Pluto,0.365,6,28263,471.1,0.365
Pluto,0.4,1,24724,412.1,0.4
Pluto,0.4,2,25319,422.0,0.4
Pluto,0.4,3,41546,692.4,0.4
Pluto,0.4,4,29927,498.8,0.4
Pluto,0.4,5,23487,391.4,0.3992
Pluto,0.4,6,17213,286.9,0.4
