video,mouse,date,frames,eye_width_median_px,eye_width_p05_px,eye_width_p95_px,opening_median_px,r_p05,r_p25,r_median,r_p75,r_p95,implausible_frames_pct
0,mouse A,5-min,18014,493.2,482.8,504.0,289.0,0.521,0.565,0.586,0.611,0.653,0.9
1,Pluto,2025-10-31,71748,433.3,385.6,469.6,179.9,0.327,0.372,0.415,0.457,0.569,1.39
2,Pluto,2025-10-31,71748,448.6,413.4,482.2,185.4,0.337,0.373,0.413,0.468,0.536,0.77
3,Pluto,2025-10-31,71748,416.6,374.8,456.0,148.3,0.291,0.323,0.356,0.408,0.499,0.4
4,Pluto,2025-10-30,71748,435.7,419.7,474.9,166.0,0.306,0.345,0.381,0.43,0.498,0.45
5,Pluto,2025-10-29,71748,467.9,447.4,492.0,228.8,0.437,0.473,0.489,0.505,0.539,0.07
6,Pluto,2025-10-28,71748,454.0,421.1,488.6,214.6,0.361,0.41,0.473,0.516,0.579,0.17
7,Pluto,2025-10-27,71748,443.9,433.4,467.0,202.6,0.391,0.431,0.456,0.482,0.529,0.24
8,Pluto,2025-10-24,71748,428.4,378.6,464.9,155.6,0.265,0.308,0.363,0.448,0.522,0.74
9,Pluto,2025-10-23,71748,413.6,362.8,449.8,136.4,0.248,0.294,0.33,0.399,0.47,0.48
10,Pluto,2025-10-22,71748,391.6,349.9,432.0,117.0,0.22,0.253,0.299,0.364,0.431,0.74
11,Terra,2025-10-17,71748,417.3,397.4,449.1,143.5,0.292,0.321,0.344,0.369,0.442,0.24
12,Terra,2025-10-16,71748,438.0,379.7,466.1,163.6,0.273,0.329,0.374,0.429,0.509,1.59
13,Terra,2025-10-15,71748,456.8,435.7,476.5,202.6,0.387,0.414,0.444,0.47,0.519,0.43
14,Terra,2025-10-14,71748,452.4,409.0,470.5,175.2,0.294,0.352,0.387,0.419,0.466,0.6
15,Terra,2025-10-13,71748,428.8,356.1,470.1,153.0,0.185,0.262,0.357,0.47,0.617,1.62
16,Terra,2025-10-10,71748,465.2,455.4,474.6,213.6,0.412,0.447,0.459,0.478,0.547,0.02
