video,unit,labels_this_video,step,plateau_model,keypoint,n,median_error_px,p90_error_px,mean_confidence,share_conf_ge_0.6,spearman_conf_error
0,0_first5minvedio,20,1,False,pupil_top,49,12.51,25.25,0.761,0.837,-0.45
0,0_first5minvedio,20,1,False,pupil_bottom,50,4.85,10.16,0.877,0.96,-0.14
0,0_first5minvedio,20,1,False,pupil_left,50,4.56,12.55,0.772,0.86,-0.53
0,0_first5minvedio,20,1,False,pupil_right,50,5.1,10.58,0.787,1.0,-0.04
0,0_first5minvedio,20,1,False,eyelid_top,50,13.04,26.14,0.673,0.74,-0.06
0,0_first5minvedio,20,1,False,eyelid_bottom,50,5.04,19.43,0.82,0.94,-0.47
0,0_first5minvedio,20,1,False,eye_nasal_corner,50,18.7,32.81,0.479,0.18,-0.05
0,0_first5minvedio,20,1,False,eye_temporal_corner,50,12.57,26.19,0.075,0.0,-0.21
0,0_first5minvedio,40,2,False,pupil_top,49,12.28,20.23,0.785,0.898,-0.15
0,0_first5minvedio,40,2,False,pupil_bottom,50,4.65,8.77,0.829,0.96,-0.16
0,0_first5minvedio,40,2,False,pupil_left,50,7.91,15.28,0.954,1.0,-0.06
0,0_first5minvedio,40,2,False,pupil_right,50,4.57,10.93,0.858,1.0,-0.21
0,0_first5minvedio,40,2,False,eyelid_top,50,12.48,20.93,0.711,0.78,-0.22
0,0_first5minvedio,40,2,False,eyelid_bottom,50,5.13,17.69,0.799,0.92,-0.06
0,0_first5minvedio,40,2,False,eye_nasal_corner,50,16.44,30.05,0.821,0.88,-0.1
0,0_first5minvedio,40,2,False,eye_temporal_corner,50,11.67,26.63,0.449,0.04,-0.18
0,0_first5minvedio,60,3,True,pupil_top,49,11.77,20.86,0.918,1.0,-0.2
0,0_first5minvedio,60,3,True,pupil_bottom,50,4.49,9.69,0.875,0.98,-0.03
0,0_first5minvedio,60,3,True,pupil_left,50,8.06,16.65,0.949,0.98,0.07
0,0_first5minvedio,60,3,True,pupil_right,50,4.44,10.05,0.898,1.0,-0.07
0,0_first5minvedio,60,3,True,eyelid_top,50,11.69,20.51,0.825,0.96,-0.13
0,0_first5minvedio,60,3,True,eyelid_bottom,50,5.23,16.91,0.961,1.0,-0.0
0,0_first5minvedio,60,3,True,eye_nasal_corner,50,18.02,29.19,0.763,0.88,-0.06
0,0_first5minvedio,60,3,True,eye_temporal_corner,50,10.4,21.62,0.561,0.34,-0.08
0,0_first5minvedio,80,4,False,pupil_top,49,12.6,20.23,0.731,0.898,-0.03
0,0_first5minvedio,80,4,False,pupil_bottom,50,4.53,9.51,0.916,0.98,-0.12
0,0_first5minvedio,80,4,False,pupil_left,50,8.82,14.92,0.896,0.98,-0.32
0,0_first5minvedio,80,4,False,pupil_right,50,5.32,10.2,0.898,1.0,0.0
0,0_first5minvedio,80,4,False,eyelid_top,50,11.45,24.44,0.705,0.86,-0.06
0,0_first5minvedio,80,4,False,eyelid_bottom,50,5.18,17.05,0.885,0.96,-0.1
0,0_first5minvedio,80,4,False,eye_nasal_corner,50,16.48,31.84,0.744,0.9,-0.17
0,0_first5minvedio,80,4,False,eye_temporal_corner,50,12.08,30.72,0.603,0.58,-0.17
0,0_first5minvedio,100,5,False,pupil_top,49,12.05,20.14,0.775,0.918,-0.05
0,0_first5minvedio,100,5,False,pupil_bottom,50,4.16,10.55,0.963,0.96,-0.19
0,0_first5minvedio,100,5,False,pupil_left,50,8.97,16.76,0.912,1.0,-0.05
0,0_first5minvedio,100,5,False,pupil_right,50,4.58,9.57,0.901,1.0,-0.12
0,0_first5minvedio,100,5,False,eyelid_top,50,11.13,23.99,0.782,0.92,-0.23
0,0_first5minvedio,100,5,False,eyelid_bottom,50,5.3,16.27,0.919,0.96,-0.01
0,0_first5minvedio,100,5,False,eye_nasal_corner,50,17.46,33.3,0.881,0.98,-0.18
0,0_first5minvedio,100,5,False,eye_temporal_corner,50,10.74,21.86,0.634,0.72,-0.21
1,1_20251031_Pluto_spont_1,0,0,False,pupil_top,50,334.26,360.2,0.308,0.0,0.05
1,1_20251031_Pluto_spont_1,0,0,False,pupil_bottom,50,0.0,8.97,0.57,0.48,-0.18
1,1_20251031_Pluto_spont_1,0,0,False,pupil_left,50,69.87,412.76,0.405,0.02,-0.46
1,1_20251031_Pluto_spont_1,0,0,False,pupil_right,50,0.0,10.38,0.905,1.0,0.15
1,1_20251031_Pluto_spont_1,0,0,False,eyelid_top,50,333.4,493.97,0.316,0.0,-0.27
1,1_20251031_Pluto_spont_1,0,0,False,eyelid_bottom,50,0.0,2.27,0.447,0.04,-0.05
1,1_20251031_Pluto_spont_1,0,0,False,eye_nasal_corner,50,33.51,49.15,0.335,0.0,0.41
1,1_20251031_Pluto_spont_1,0,0,False,eye_temporal_corner,50,56.4,71.91,0.139,0.0,0.07
1,1_20251031_Pluto_spont_1,20,1,True,pupil_top,50,9.64,17.58,0.561,0.3,-0.0
1,1_20251031_Pluto_spont_1,20,1,True,pupil_bottom,50,5.44,12.48,0.937,0.96,-0.18
1,1_20251031_Pluto_spont_1,20,1,True,pupil_left,50,13.04,44.22,0.46,0.16,-0.37
1,1_20251031_Pluto_spont_1,20,1,True,pupil_right,50,4.15,10.83,0.821,1.0,0.08
1,1_20251031_Pluto_spont_1,20,1,True,eyelid_top,50,7.78,14.34,0.591,0.44,-0.11
1,1_20251031_Pluto_spont_1,20,1,True,eyelid_bottom,50,5.56,14.26,0.784,0.9,0.07
1,1_20251031_Pluto_spont_1,20,1,True,eye_nasal_corner,50,6.71,18.87,0.684,0.9,-0.06
1,1_20251031_Pluto_spont_1,20,1,True,eye_temporal_corner,50,9.48,21.9,0.464,0.08,-0.36
1,1_20251031_Pluto_spont_1,40,2,False,pupil_top,50,9.74,18.49,0.576,0.4,0.17
1,1_20251031_Pluto_spont_1,40,2,False,pupil_bottom,50,5.31,11.41,0.884,0.94,-0.36
1,1_20251031_Pluto_spont_1,40,2,False,pupil_left,50,12.32,49.71,0.6,0.54,-0.49
1,1_20251031_Pluto_spont_1,40,2,False,pupil_right,50,4.12,10.91,0.829,1.0,0.03
1,1_20251031_Pluto_spont_1,40,2,False,eyelid_top,50,7.54,13.67,0.65,0.78,0.07
1,1_20251031_Pluto_spont_1,40,2,False,eyelid_bottom,50,5.07,15.15,0.819,0.96,-0.12
1,1_20251031_Pluto_spont_1,40,2,False,eye_nasal_corner,50,14.26,26.0,0.897,1.0,-0.0
1,1_20251031_Pluto_spont_1,40,2,False,eye_temporal_corner,50,11.5,22.6,0.494,0.36,-0.32
1,1_20251031_Pluto_spont_1,60,3,False,pupil_top,50,12.71,23.75,0.506,0.28,-0.03
1,1_20251031_Pluto_spont_1,60,3,False,pupil_bottom,50,4.96,16.57,0.785,0.94,-0.49
1,1_20251031_Pluto_spont_1,60,3,False,pupil_left,50,12.26,32.41,0.597,0.52,-0.23
1,1_20251031_Pluto_spont_1,60,3,False,pupil_right,50,3.73,10.69,0.857,1.0,-0.21
1,1_20251031_Pluto_spont_1,60,3,False,eyelid_top,50,6.75,15.48,0.656,0.66,0.05
1,1_20251031_Pluto_spont_1,60,3,False,eyelid_bottom,50,4.24,11.7,0.87,0.98,-0.23
1,1_20251031_Pluto_spont_1,60,3,False,eye_nasal_corner,50,12.45,24.61,0.914,1.0,-0.02
1,1_20251031_Pluto_spont_1,60,3,False,eye_temporal_corner,50,11.06,23.08,0.615,0.58,-0.39
1,1_20251031_Pluto_spont_1,80,4,False,pupil_top,50,10.89,22.58,0.493,0.14,0.12
1,1_20251031_Pluto_spont_1,80,4,False,pupil_bottom,50,5.43,14.65,0.898,1.0,-0.05
1,1_20251031_Pluto_spont_1,80,4,False,pupil_left,50,12.6,37.69,0.689,0.86,-0.32
1,1_20251031_Pluto_spont_1,80,4,False,pupil_right,50,3.33,10.53,0.95,1.0,-0.17
1,1_20251031_Pluto_spont_1,80,4,False,eyelid_top,50,7.48,15.41,0.78,0.9,0.17
1,1_20251031_Pluto_spont_1,80,4,False,eyelid_bottom,50,5.74,16.17,0.796,0.92,0.13
1,1_20251031_Pluto_spont_1,80,4,False,eye_nasal_corner,50,12.11,24.43,0.884,0.98,0.11
1,1_20251031_Pluto_spont_1,80,4,False,eye_temporal_corner,50,11.32,28.11,0.719,0.72,-0.51
1,1_20251031_Pluto_spont_1,100,5,False,pupil_top,50,9.85,18.24,0.603,0.6,0.1
1,1_20251031_Pluto_spont_1,100,5,False,pupil_bottom,50,5.14,14.2,0.933,0.98,-0.43
1,1_20251031_Pluto_spont_1,100,5,False,pupil_left,50,12.47,40.3,0.715,0.74,-0.34
1,1_20251031_Pluto_spont_1,100,5,False,pupil_right,50,3.24,10.92,0.963,1.0,-0.06
1,1_20251031_Pluto_spont_1,100,5,False,eyelid_top,50,7.62,13.58,0.84,1.0,-0.22
1,1_20251031_Pluto_spont_1,100,5,False,eyelid_bottom,50,5.39,15.6,0.878,0.98,-0.37
1,1_20251031_Pluto_spont_1,100,5,False,eye_nasal_corner,50,12.23,22.65,0.878,0.96,-0.15
1,1_20251031_Pluto_spont_1,100,5,False,eye_temporal_corner,50,10.63,25.49,0.733,0.86,-0.39
1,1_20251031_Pluto_spont_1,120,6,False,pupil_top,50,10.72,20.07,0.755,0.94,-0.17
1,1_20251031_Pluto_spont_1,120,6,False,pupil_bottom,50,5.63,15.52,0.823,1.0,0.04
1,1_20251031_Pluto_spont_1,120,6,False,pupil_left,50,12.05,38.86,0.726,0.74,-0.13
1,1_20251031_Pluto_spont_1,120,6,False,pupil_right,50,3.4,10.77,0.89,1.0,-0.05
1,1_20251031_Pluto_spont_1,120,6,False,eyelid_top,50,7.39,12.65,0.835,1.0,-0.08
1,1_20251031_Pluto_spont_1,120,6,False,eyelid_bottom,50,5.79,13.31,0.914,0.98,0.09
1,1_20251031_Pluto_spont_1,120,6,False,eye_nasal_corner,50,11.32,24.41,0.951,0.96,0.06
1,1_20251031_Pluto_spont_1,120,6,False,eye_temporal_corner,50,12.69,26.91,0.798,0.96,-0.48
1,1_20251031_Pluto_spont_1,140,7,False,pupil_top,50,9.38,20.89,0.63,0.68,-0.04
1,1_20251031_Pluto_spont_1,140,7,False,pupil_bottom,50,5.98,14.53,0.859,1.0,-0.07
1,1_20251031_Pluto_spont_1,140,7,False,pupil_left,50,12.09,36.19,0.703,0.66,-0.23
1,1_20251031_Pluto_spont_1,140,7,False,pupil_right,50,3.48,10.79,0.949,1.0,-0.04
1,1_20251031_Pluto_spont_1,140,7,False,eyelid_top,50,7.72,14.58,0.868,0.94,-0.13
1,1_20251031_Pluto_spont_1,140,7,False,eyelid_bottom,50,7.97,16.43,0.9,1.0,-0.18
1,1_20251031_Pluto_spont_1,140,7,False,eye_nasal_corner,50,12.23,24.23,0.901,1.0,-0.06
1,1_20251031_Pluto_spont_1,140,7,False,eye_temporal_corner,50,11.75,26.15,0.727,0.82,-0.33
2,2_20251031_Pluto_spont_3,0,0,False,pupil_top,50,20.02,77.94,0.434,0.22,-0.44
2,2_20251031_Pluto_spont_3,0,0,False,pupil_bottom,49,0.0,0.0,0.931,0.959,
2,2_20251031_Pluto_spont_3,0,0,False,pupil_left,49,0.0,57.38,0.676,0.653,-0.54
2,2_20251031_Pluto_spont_3,0,0,False,pupil_right,50,0.0,8.78,0.847,0.98,-0.21
2,2_20251031_Pluto_spont_3,0,0,False,eyelid_top,49,7.07,42.5,0.524,0.429,-0.42
2,2_20251031_Pluto_spont_3,0,0,False,eyelid_bottom,50,0.0,0.0,0.956,0.98,-0.23
2,2_20251031_Pluto_spont_3,0,0,False,eye_nasal_corner,50,0.0,1.64,0.772,0.9,-0.22
2,2_20251031_Pluto_spont_3,0,0,False,eye_temporal_corner,50,4.66,10.3,0.738,0.86,-0.25
2,2_20251031_Pluto_spont_3,20,1,True,pupil_top,50,18.26,46.62,0.663,0.56,-0.6
2,2_20251031_Pluto_spont_3,20,1,True,pupil_bottom,49,1.46,3.46,0.911,0.959,0.04
2,2_20251031_Pluto_spont_3,20,1,True,pupil_left,49,3.72,19.49,0.757,0.776,-0.5
2,2_20251031_Pluto_spont_3,20,1,True,pupil_right,50,2.71,7.7,0.89,1.0,-0.09
2,2_20251031_Pluto_spont_3,20,1,True,eyelid_top,49,5.58,35.95,0.794,0.816,-0.51
2,2_20251031_Pluto_spont_3,20,1,True,eyelid_bottom,50,1.29,2.25,0.932,0.98,-0.36
2,2_20251031_Pluto_spont_3,20,1,True,eye_nasal_corner,50,3.16,8.22,0.714,0.86,-0.27
2,2_20251031_Pluto_spont_3,20,1,True,eye_temporal_corner,50,5.21,13.27,0.743,0.86,-0.36
2,2_20251031_Pluto_spont_3,40,2,False,pupil_top,50,13.97,32.38,0.677,0.66,-0.5
2,2_20251031_Pluto_spont_3,40,2,False,pupil_bottom,49,1.71,3.47,0.931,0.959,-0.42
2,2_20251031_Pluto_spont_3,40,2,False,pupil_left,49,2.97,51.57,0.754,0.776,-0.47
2,2_20251031_Pluto_spont_3,40,2,False,pupil_right,50,3.11,7.51,0.887,1.0,-0.07
2,2_20251031_Pluto_spont_3,40,2,False,eyelid_top,49,4.85,29.86,0.847,0.837,-0.53
2,2_20251031_Pluto_spont_3,40,2,False,eyelid_bottom,50,1.06,2.58,0.977,1.0,-0.26
2,2_20251031_Pluto_spont_3,40,2,False,eye_nasal_corner,50,4.05,7.69,0.802,0.92,-0.36
2,2_20251031_Pluto_spont_3,40,2,False,eye_temporal_corner,50,4.55,10.74,0.745,0.94,-0.38
2,2_20251031_Pluto_spont_3,60,3,False,pupil_top,50,10.24,33.38,0.702,0.72,-0.25
2,2_20251031_Pluto_spont_3,60,3,False,pupil_bottom,49,2.14,4.38,0.871,0.959,-0.31
2,2_20251031_Pluto_spont_3,60,3,False,pupil_left,49,3.39,12.37,0.834,0.939,-0.5
2,2_20251031_Pluto_spont_3,60,3,False,pupil_right,50,3.29,9.16,0.907,0.98,0.04
2,2_20251031_Pluto_spont_3,60,3,False,eyelid_top,49,5.13,18.3,0.825,0.857,-0.43
2,2_20251031_Pluto_spont_3,60,3,False,eyelid_bottom,50,0.99,2.97,0.976,1.0,-0.13
2,2_20251031_Pluto_spont_3,60,3,False,eye_nasal_corner,50,4.41,9.55,0.745,0.84,-0.06
2,2_20251031_Pluto_spont_3,60,3,False,eye_temporal_corner,50,4.94,12.67,0.809,0.88,-0.28
2,2_20251031_Pluto_spont_3,80,4,False,pupil_top,50,14.0,29.16,0.713,0.84,-0.31
2,2_20251031_Pluto_spont_3,80,4,False,pupil_bottom,49,2.09,3.76,0.858,0.959,-0.21
2,2_20251031_Pluto_spont_3,80,4,False,pupil_left,49,3.36,11.96,0.754,0.857,-0.45
2,2_20251031_Pluto_spont_3,80,4,False,pupil_right,50,3.55,8.56,0.93,1.0,-0.06
2,2_20251031_Pluto_spont_3,80,4,False,eyelid_top,49,4.87,15.91,0.85,0.878,-0.38
2,2_20251031_Pluto_spont_3,80,4,False,eyelid_bottom,50,1.34,2.56,0.937,0.96,-0.12
2,2_20251031_Pluto_spont_3,80,4,False,eye_nasal_corner,50,5.56,8.43,0.773,0.9,-0.06
2,2_20251031_Pluto_spont_3,80,4,False,eye_temporal_corner,50,4.97,10.81,0.85,0.94,-0.16
3,3_20251031_Pluto_spont_2,0,0,False,pupil_top,50,4.41,9.29,0.842,1.0,0.04
3,3_20251031_Pluto_spont_2,0,0,False,pupil_bottom,50,2.97,11.81,0.836,0.96,-0.33
3,3_20251031_Pluto_spont_2,0,0,False,pupil_left,48,3.36,64.5,0.533,0.167,-0.08
3,3_20251031_Pluto_spont_2,0,0,False,pupil_right,50,1.65,4.56,0.925,1.0,-0.06
3,3_20251031_Pluto_spont_2,0,0,False,eyelid_top,50,1.6,3.52,0.99,1.0,-0.23
3,3_20251031_Pluto_spont_2,0,0,False,eyelid_bottom,50,4.18,8.91,0.867,0.98,-0.71
3,3_20251031_Pluto_spont_2,0,0,False,eye_nasal_corner,50,1.69,3.31,0.971,1.0,-0.54
3,3_20251031_Pluto_spont_2,0,0,False,eye_temporal_corner,50,1.93,4.26,0.829,0.96,-0.15
3,3_20251031_Pluto_spont_2,20,1,True,pupil_top,50,3.33,10.22,0.888,1.0,0.11
3,3_20251031_Pluto_spont_2,20,1,True,pupil_bottom,50,2.54,9.49,0.877,0.96,0.07
3,3_20251031_Pluto_spont_2,20,1,True,pupil_left,48,2.31,60.3,0.694,0.708,-0.24
3,3_20251031_Pluto_spont_2,20,1,True,pupil_right,50,1.81,4.69,0.934,1.0,-0.33
3,3_20251031_Pluto_spont_2,20,1,True,eyelid_top,50,1.31,2.87,0.991,1.0,-0.17
3,3_20251031_Pluto_spont_2,20,1,True,eyelid_bottom,50,2.69,6.51,0.805,0.96,-0.01
3,3_20251031_Pluto_spont_2,20,1,True,eye_nasal_corner,50,1.2,3.18,0.92,1.0,-0.25
3,3_20251031_Pluto_spont_2,20,1,True,eye_temporal_corner,50,1.86,4.43,0.932,1.0,0.12
3,3_20251031_Pluto_spont_2,40,2,False,pupil_top,50,5.46,10.46,0.931,1.0,-0.13
3,3_20251031_Pluto_spont_2,40,2,False,pupil_bottom,50,2.63,12.09,0.867,0.98,-0.58
3,3_20251031_Pluto_spont_2,40,2,False,pupil_left,48,2.42,47.91,0.632,0.625,-0.17
3,3_20251031_Pluto_spont_2,40,2,False,pupil_right,50,1.63,4.01,0.946,1.0,0.21
3,3_20251031_Pluto_spont_2,40,2,False,eyelid_top,50,2.04,3.91,0.974,1.0,-0.11
3,3_20251031_Pluto_spont_2,40,2,False,eyelid_bottom,50,2.42,6.91,0.869,1.0,-0.3
3,3_20251031_Pluto_spont_2,40,2,False,eye_nasal_corner,50,1.85,3.0,0.926,1.0,-0.29
3,3_20251031_Pluto_spont_2,40,2,False,eye_temporal_corner,50,1.95,3.66,0.854,1.0,-0.12
3,3_20251031_Pluto_spont_2,60,3,False,pupil_top,50,5.08,11.23,0.912,1.0,-0.16
3,3_20251031_Pluto_spont_2,60,3,False,pupil_bottom,50,2.97,9.85,0.873,0.94,-0.63
3,3_20251031_Pluto_spont_2,60,3,False,pupil_left,48,2.05,25.14,0.682,0.708,-0.06
3,3_20251031_Pluto_spont_2,60,3,False,pupil_right,50,1.44,3.87,0.945,1.0,0.13
3,3_20251031_Pluto_spont_2,60,3,False,eyelid_top,50,1.33,2.77,0.971,1.0,-0.29
3,3_20251031_Pluto_spont_2,60,3,False,eyelid_bottom,50,2.15,6.1,0.911,0.98,-0.52
3,3_20251031_Pluto_spont_2,60,3,False,eye_nasal_corner,50,2.37,3.65,0.938,1.0,0.42
3,3_20251031_Pluto_spont_2,60,3,False,eye_temporal_corner,50,1.98,3.55,0.926,1.0,-0.05
4,4_20251030_Pluto_spont_1,0,0,False,pupil_top,50,50.21,59.58,0.823,0.98,-0.29
4,4_20251030_Pluto_spont_1,0,0,False,pupil_bottom,50,22.93,40.51,0.897,0.96,0.26
4,4_20251030_Pluto_spont_1,0,0,False,pupil_left,50,39.52,144.96,0.495,0.24,-0.32
4,4_20251030_Pluto_spont_1,0,0,False,pupil_right,50,47.03,60.13,0.818,0.98,0.04
4,4_20251030_Pluto_spont_1,0,0,False,eyelid_top,50,0.0,0.0,0.72,0.92,
4,4_20251030_Pluto_spont_1,0,0,False,eyelid_bottom,50,0.0,0.0,0.976,1.0,0.01
4,4_20251030_Pluto_spont_1,0,0,False,eye_nasal_corner,50,0.0,0.0,0.84,0.96,
4,4_20251030_Pluto_spont_1,0,0,False,eye_temporal_corner,50,0.0,0.0,0.828,0.98,
4,4_20251030_Pluto_spont_1,20,1,False,pupil_top,50,43.41,57.52,0.401,0.1,0.49
4,4_20251030_Pluto_spont_1,20,1,False,pupil_bottom,50,21.04,37.98,0.77,0.94,-0.14
4,4_20251030_Pluto_spont_1,20,1,False,pupil_left,50,36.26,101.66,0.497,0.24,-0.36
4,4_20251030_Pluto_spont_1,20,1,False,pupil_right,50,9.82,48.73,0.804,0.88,-0.24
4,4_20251030_Pluto_spont_1,20,1,False,eyelid_top,50,1.92,4.64,0.925,1.0,-0.2
4,4_20251030_Pluto_spont_1,20,1,False,eyelid_bottom,50,1.61,3.38,0.898,1.0,-0.02
4,4_20251030_Pluto_spont_1,20,1,False,eye_nasal_corner,50,3.64,8.48,0.845,0.9,-0.14
4,4_20251030_Pluto_spont_1,20,1,False,eye_temporal_corner,50,3.12,5.72,0.733,0.74,-0.33
4,4_20251030_Pluto_spont_1,40,2,True,pupil_top,50,15.99,25.61,0.669,0.72,-0.02
4,4_20251030_Pluto_spont_1,40,2,True,pupil_bottom,50,16.11,28.53,0.855,0.96,-0.05
4,4_20251030_Pluto_spont_1,40,2,True,pupil_left,50,22.08,47.75,0.635,0.64,-0.03
4,4_20251030_Pluto_spont_1,40,2,True,pupil_right,50,9.7,27.23,0.925,0.96,-0.54
4,4_20251030_Pluto_spont_1,40,2,True,eyelid_top,50,3.86,6.44,0.838,1.0,-0.58
4,4_20251030_Pluto_spont_1,40,2,True,eyelid_bottom,50,1.67,3.88,0.953,0.98,0.0
4,4_20251030_Pluto_spont_1,40,2,True,eye_nasal_corner,50,3.63,7.22,0.928,0.94,-0.25
4,4_20251030_Pluto_spont_1,40,2,True,eye_temporal_corner,50,1.75,4.46,0.94,1.0,-0.52
4,4_20251030_Pluto_spont_1,60,3,False,pupil_top,50,16.35,55.19,0.524,0.18,-0.03
4,4_20251030_Pluto_spont_1,60,3,False,pupil_bottom,50,15.22,26.85,0.746,0.86,-0.19
4,4_20251030_Pluto_spont_1,60,3,False,pupil_left,50,19.47,45.86,0.642,0.56,-0.02
4,4_20251030_Pluto_spont_1,60,3,False,pupil_right,50,8.69,32.0,0.765,0.82,-0.09
4,4_20251030_Pluto_spont_1,60,3,False,eyelid_top,50,3.52,8.07,0.819,0.94,-0.57
4,4_20251030_Pluto_spont_1,60,3,False,eyelid_bottom,50,2.06,4.16,0.969,1.0,0.1
4,4_20251030_Pluto_spont_1,60,3,False,eye_nasal_corner,50,2.99,7.47,0.898,0.96,-0.29
4,4_20251030_Pluto_spont_1,60,3,False,eye_temporal_corner,50,2.69,4.29,0.862,1.0,-0.12
4,4_20251030_Pluto_spont_1,80,4,False,pupil_top,50,14.23,21.51,0.725,0.74,-0.43
4,4_20251030_Pluto_spont_1,80,4,False,pupil_bottom,50,15.42,28.4,0.803,0.92,-0.31
4,4_20251030_Pluto_spont_1,80,4,False,pupil_left,50,39.07,115.55,0.554,0.4,-0.2
4,4_20251030_Pluto_spont_1,80,4,False,pupil_right,50,8.76,23.14,0.843,0.9,-0.26
4,4_20251030_Pluto_spont_1,80,4,False,eyelid_top,50,2.59,6.46,0.906,1.0,-0.37
4,4_20251030_Pluto_spont_1,80,4,False,eyelid_bottom,50,1.75,3.96,0.943,1.0,0.05
4,4_20251030_Pluto_spont_1,80,4,False,eye_nasal_corner,50,3.61,8.08,0.878,0.96,-0.49
4,4_20251030_Pluto_spont_1,80,4,False,eye_temporal_corner,50,2.42,4.5,0.813,0.98,0.0
5,5_20251029_Pluto_spont_1,0,0,False,pupil_top,49,23.96,39.63,0.279,0.0,-0.07
5,5_20251029_Pluto_spont_1,0,0,False,pupil_bottom,50,1.23,9.89,0.954,1.0,-0.06
5,5_20251029_Pluto_spont_1,0,0,False,pupil_left,50,1.99,4.46,0.931,1.0,0.16
5,5_20251029_Pluto_spont_1,0,0,False,pupil_right,50,2.26,3.95,0.861,1.0,-0.18
5,5_20251029_Pluto_spont_1,0,0,False,eyelid_top,50,8.14,33.38,0.476,0.24,-0.46
5,5_20251029_Pluto_spont_1,0,0,False,eyelid_bottom,50,1.25,2.23,0.893,1.0,-0.1
5,5_20251029_Pluto_spont_1,0,0,False,eye_nasal_corner,50,3.67,6.65,0.63,0.64,0.18
5,5_20251029_Pluto_spont_1,0,0,False,eye_temporal_corner,50,6.19,18.81,0.374,0.3,-0.56
5,5_20251029_Pluto_spont_1,20,1,True,pupil_top,49,38.8,55.25,0.647,0.735,0.19
5,5_20251029_Pluto_spont_1,20,1,True,pupil_bottom,50,2.41,8.63,0.906,1.0,-0.34
5,5_20251029_Pluto_spont_1,20,1,True,pupil_left,50,1.24,2.29,0.975,1.0,0.09
5,5_20251029_Pluto_spont_1,20,1,True,pupil_right,50,3.71,26.44,0.778,0.92,-0.16
5,5_20251029_Pluto_spont_1,20,1,True,eyelid_top,50,2.99,9.55,0.878,1.0,-0.12
5,5_20251029_Pluto_spont_1,20,1,True,eyelid_bottom,50,2.4,3.65,0.947,1.0,-0.19
5,5_20251029_Pluto_spont_1,20,1,True,eye_nasal_corner,50,4.35,6.15,0.854,0.98,-0.09
5,5_20251029_Pluto_spont_1,20,1,True,eye_temporal_corner,50,7.48,15.3,0.632,0.58,-0.6
5,5_20251029_Pluto_spont_1,40,2,False,pupil_top,49,34.4,50.24,0.672,0.837,-0.05
5,5_20251029_Pluto_spont_1,40,2,False,pupil_bottom,50,2.32,8.8,0.918,1.0,0.34
5,5_20251029_Pluto_spont_1,40,2,False,pupil_left,50,1.42,3.23,0.964,1.0,0.01
5,5_20251029_Pluto_spont_1,40,2,False,pupil_right,50,6.52,35.72,0.776,0.88,0.13
5,5_20251029_Pluto_spont_1,40,2,False,eyelid_top,50,3.33,10.85,0.905,1.0,0.17
5,5_20251029_Pluto_spont_1,40,2,False,eyelid_bottom,50,2.6,4.5,0.935,1.0,0.51
5,5_20251029_Pluto_spont_1,40,2,False,eye_nasal_corner,50,3.63,5.1,0.985,1.0,0.26
5,5_20251029_Pluto_spont_1,40,2,False,eye_temporal_corner,50,6.0,18.88,0.673,0.56,-0.47
6,6_20251028_Pluto_spont_1,20,1,True,pupil_top,50,9.39,23.34,0.475,0.2,-0.11
6,6_20251028_Pluto_spont_1,20,1,True,pupil_bottom,50,1.38,8.19,0.956,1.0,-0.43
6,6_20251028_Pluto_spont_1,20,1,True,pupil_left,50,1.68,3.3,0.923,1.0,-0.2
6,6_20251028_Pluto_spont_1,20,1,True,pupil_right,50,5.15,11.67,0.832,0.98,-0.34
6,6_20251028_Pluto_spont_1,20,1,True,eyelid_top,50,6.67,17.16,0.629,0.52,-0.45
6,6_20251028_Pluto_spont_1,20,1,True,eyelid_bottom,50,6.38,8.43,0.732,1.0,0.25
6,6_20251028_Pluto_spont_1,20,1,True,eye_nasal_corner,50,4.94,7.36,0.775,0.94,-0.19
6,6_20251028_Pluto_spont_1,20,1,True,eye_temporal_corner,50,5.47,11.2,0.889,1.0,0.1
6,6_20251028_Pluto_spont_1,40,2,False,pupil_top,50,12.81,26.17,0.622,0.46,-0.25
6,6_20251028_Pluto_spont_1,40,2,False,pupil_bottom,50,1.42,6.06,0.909,1.0,-0.51
6,6_20251028_Pluto_spont_1,40,2,False,pupil_left,50,1.54,3.03,0.961,1.0,-0.38
6,6_20251028_Pluto_spont_1,40,2,False,pupil_right,50,7.35,11.62,0.905,0.92,-0.29
6,6_20251028_Pluto_spont_1,40,2,False,eyelid_top,50,5.61,10.27,0.718,0.84,-0.11
6,6_20251028_Pluto_spont_1,40,2,False,eyelid_bottom,50,11.36,17.98,0.85,1.0,-0.17
6,6_20251028_Pluto_spont_1,40,2,False,eye_nasal_corner,50,3.7,5.79,0.942,1.0,0.06
6,6_20251028_Pluto_spont_1,40,2,False,eye_temporal_corner,50,5.03,13.81,0.959,1.0,-0.22
6,6_20251028_Pluto_spont_1,60,3,False,pupil_top,50,23.45,36.06,0.553,0.38,-0.19
6,6_20251028_Pluto_spont_1,60,3,False,pupil_bottom,50,1.93,7.96,0.872,1.0,0.13
6,6_20251028_Pluto_spont_1,60,3,False,pupil_left,50,1.5,3.19,0.983,1.0,0.14
6,6_20251028_Pluto_spont_1,60,3,False,pupil_right,50,6.78,11.32,0.801,0.92,-0.39
6,6_20251028_Pluto_spont_1,60,3,False,eyelid_top,50,9.09,17.07,0.677,0.72,-0.53
6,6_20251028_Pluto_spont_1,60,3,False,eyelid_bottom,50,8.26,22.2,0.666,0.54,0.44
6,6_20251028_Pluto_spont_1,60,3,False,eye_nasal_corner,50,4.7,6.4,0.969,1.0,0.08
6,6_20251028_Pluto_spont_1,60,3,False,eye_temporal_corner,50,5.66,11.57,0.922,1.0,-0.04
7,7_20251027_Pluto_spont1,20,1,True,pupil_top,50,8.3,16.27,0.712,0.96,-0.04
7,7_20251027_Pluto_spont1,20,1,True,pupil_bottom,50,2.47,3.73,0.857,1.0,-0.47
7,7_20251027_Pluto_spont1,20,1,True,pupil_left,50,2.2,3.39,0.77,1.0,-0.15
7,7_20251027_Pluto_spont1,20,1,True,pupil_right,50,4.09,5.64,0.776,1.0,-0.18
7,7_20251027_Pluto_spont1,20,1,True,eyelid_top,50,10.14,12.72,0.82,1.0,0.05
7,7_20251027_Pluto_spont1,20,1,True,eyelid_bottom,50,2.51,6.49,0.93,1.0,-0.64
7,7_20251027_Pluto_spont1,20,1,True,eye_nasal_corner,50,2.71,6.83,0.794,1.0,-0.48
7,7_20251027_Pluto_spont1,20,1,True,eye_temporal_corner,50,4.35,6.16,0.88,1.0,0.09
7,7_20251027_Pluto_spont1,40,2,False,pupil_top,50,9.58,14.88,0.822,1.0,-0.25
7,7_20251027_Pluto_spont1,40,2,False,pupil_bottom,50,1.88,3.67,0.879,1.0,-0.56
7,7_20251027_Pluto_spont1,40,2,False,pupil_left,50,1.9,3.54,0.854,0.98,0.1
7,7_20251027_Pluto_spont1,40,2,False,pupil_right,50,4.24,6.37,0.802,0.98,-0.27
7,7_20251027_Pluto_spont1,40,2,False,eyelid_top,50,10.33,12.91,0.947,1.0,0.07
7,7_20251027_Pluto_spont1,40,2,False,eyelid_bottom,50,2.83,6.32,0.904,1.0,-0.26
7,7_20251027_Pluto_spont1,40,2,False,eye_nasal_corner,50,2.76,7.65,0.923,1.0,0.33
7,7_20251027_Pluto_spont1,40,2,False,eye_temporal_corner,50,3.71,5.68,0.954,1.0,-0.08
8,8_20251024_Pluto_spont1,20,1,True,pupil_top,49,28.25,51.23,0.546,0.245,-0.58
8,8_20251024_Pluto_spont1,20,1,True,pupil_bottom,49,26.33,59.83,0.673,0.694,-0.63
8,8_20251024_Pluto_spont1,20,1,True,pupil_left,49,29.83,121.45,0.423,0.184,-0.4
8,8_20251024_Pluto_spont1,20,1,True,pupil_right,50,12.31,29.63,0.666,0.56,-0.07
8,8_20251024_Pluto_spont1,20,1,True,eyelid_top,50,6.21,11.06,0.849,1.0,-0.28
8,8_20251024_Pluto_spont1,20,1,True,eyelid_bottom,50,12.09,20.5,0.741,0.88,-0.07
8,8_20251024_Pluto_spont1,20,1,True,eye_nasal_corner,50,2.85,5.61,0.835,0.96,-0.06
8,8_20251024_Pluto_spont1,20,1,True,eye_temporal_corner,50,5.11,13.53,0.708,0.88,-0.51
8,8_20251024_Pluto_spont1,40,2,False,pupil_top,49,28.34,49.84,0.659,0.612,-0.38
8,8_20251024_Pluto_spont1,40,2,False,pupil_bottom,49,25.21,62.01,0.74,0.816,-0.39
8,8_20251024_Pluto_spont1,40,2,False,pupil_left,49,81.31,119.22,0.681,0.796,0.05
8,8_20251024_Pluto_spont1,40,2,False,pupil_right,50,11.62,26.94,0.866,0.96,0.13
8,8_20251024_Pluto_spont1,40,2,False,eyelid_top,50,6.83,11.18,0.949,1.0,-0.02
8,8_20251024_Pluto_spont1,40,2,False,eyelid_bottom,50,11.64,21.41,0.864,0.96,0.09
8,8_20251024_Pluto_spont1,40,2,False,eye_nasal_corner,50,3.74,6.47,0.889,0.96,-0.14
8,8_20251024_Pluto_spont1,40,2,False,eye_temporal_corner,50,4.88,13.64,0.913,0.98,-0.17
8,8_20251024_Pluto_spont1,60,3,False,pupil_top,49,31.27,62.22,0.56,0.367,-0.53
8,8_20251024_Pluto_spont1,60,3,False,pupil_bottom,49,26.69,62.42,0.731,0.918,0.02
8,8_20251024_Pluto_spont1,60,3,False,pupil_left,49,84.28,121.31,0.713,0.816,-0.06
8,8_20251024_Pluto_spont1,60,3,False,pupil_right,50,10.88,25.29,0.683,0.76,0.06
8,8_20251024_Pluto_spont1,60,3,False,eyelid_top,50,5.68,11.36,0.927,1.0,-0.4
8,8_20251024_Pluto_spont1,60,3,False,eyelid_bottom,50,10.92,23.59,0.822,0.9,-0.13
8,8_20251024_Pluto_spont1,60,3,False,eye_nasal_corner,50,3.58,6.64,0.902,0.96,-0.47
8,8_20251024_Pluto_spont1,60,3,False,eye_temporal_corner,50,3.97,9.56,0.879,0.98,-0.11
9,9_20251023_Pluto1,20,1,False,pupil_top,50,6.15,12.78,0.632,0.56,-0.43
9,9_20251023_Pluto1,20,1,False,pupil_bottom,50,16.66,32.72,0.436,0.1,-0.05
9,9_20251023_Pluto1,20,1,False,pupil_left,50,10.26,17.11,0.7,0.8,-0.4
9,9_20251023_Pluto1,20,1,False,pupil_right,50,3.16,9.21,0.705,0.92,-0.14
9,9_20251023_Pluto1,20,1,False,eyelid_top,50,4.95,8.93,0.568,0.44,-0.11
9,9_20251023_Pluto1,20,1,False,eyelid_bottom,50,4.8,21.93,0.573,0.42,-0.21
9,9_20251023_Pluto1,20,1,False,eye_nasal_corner,50,5.62,23.57,0.613,0.4,-0.03
9,9_20251023_Pluto1,20,1,False,eye_temporal_corner,50,3.53,6.88,0.65,0.78,-0.49
9,9_20251023_Pluto1,40,2,False,pupil_top,50,6.8,12.8,0.799,0.96,-0.28
9,9_20251023_Pluto1,40,2,False,pupil_bottom,50,14.56,23.98,0.559,0.38,0.07
9,9_20251023_Pluto1,40,2,False,pupil_left,50,7.72,13.48,0.738,0.8,-0.02
9,9_20251023_Pluto1,40,2,False,pupil_right,50,5.14,9.07,0.863,1.0,-0.33
9,9_20251023_Pluto1,40,2,False,eyelid_top,50,3.18,6.18,0.803,1.0,-0.08
9,9_20251023_Pluto1,40,2,False,eyelid_bottom,50,6.51,18.28,0.726,0.76,-0.02
9,9_20251023_Pluto1,40,2,False,eye_nasal_corner,50,5.14,35.83,0.752,0.96,-0.32
9,9_20251023_Pluto1,40,2,False,eye_temporal_corner,50,3.93,5.95,0.923,1.0,0.15
9,9_20251023_Pluto1,60,3,False,pupil_top,50,9.76,14.58,0.691,0.82,0.17
9,9_20251023_Pluto1,60,3,False,pupil_bottom,50,10.99,22.61,0.529,0.26,0.14
9,9_20251023_Pluto1,60,3,False,pupil_left,50,9.59,17.33,0.726,0.82,-0.08
9,9_20251023_Pluto1,60,3,False,pupil_right,50,5.23,7.8,0.868,1.0,-0.22
9,9_20251023_Pluto1,60,3,False,eyelid_top,50,3.29,6.55,0.739,0.96,0.0
9,9_20251023_Pluto1,60,3,False,eyelid_bottom,50,7.01,13.8,0.594,0.36,0.23
9,9_20251023_Pluto1,60,3,False,eye_nasal_corner,50,5.12,12.95,0.852,1.0,0.06
9,9_20251023_Pluto1,60,3,False,eye_temporal_corner,50,3.95,7.66,0.907,1.0,-0.07
9,9_20251023_Pluto1,80,4,True,pupil_top,50,10.54,15.8,0.928,1.0,-0.27
9,9_20251023_Pluto1,80,4,True,pupil_bottom,50,10.79,23.39,0.557,0.34,0.0
9,9_20251023_Pluto1,80,4,True,pupil_left,50,8.55,13.29,0.696,0.78,-0.22
9,9_20251023_Pluto1,80,4,True,pupil_right,50,5.63,9.02,0.818,1.0,-0.19
9,9_20251023_Pluto1,80,4,True,eyelid_top,50,4.12,8.12,0.78,1.0,-0.4
9,9_20251023_Pluto1,80,4,True,eyelid_bottom,50,4.62,8.78,0.726,0.84,0.11
9,9_20251023_Pluto1,80,4,True,eye_nasal_corner,50,5.85,21.9,0.83,0.96,-0.38
9,9_20251023_Pluto1,80,4,True,eye_temporal_corner,50,3.69,6.15,0.831,1.0,0.27
9,9_20251023_Pluto1,100,5,False,pupil_top,50,10.41,16.54,0.81,0.96,-0.27
9,9_20251023_Pluto1,100,5,False,pupil_bottom,50,13.4,25.46,0.51,0.28,0.11
9,9_20251023_Pluto1,100,5,False,pupil_left,50,8.73,13.63,0.779,0.9,0.11
9,9_20251023_Pluto1,100,5,False,pupil_right,50,4.98,9.34,0.894,1.0,-0.26
9,9_20251023_Pluto1,100,5,False,eyelid_top,50,3.94,7.7,0.809,1.0,-0.24
9,9_20251023_Pluto1,100,5,False,eyelid_bottom,50,3.85,10.17,0.621,0.56,-0.18
9,9_20251023_Pluto1,100,5,False,eye_nasal_corner,50,6.4,38.4,0.742,0.94,-0.37
9,9_20251023_Pluto1,100,5,False,eye_temporal_corner,50,3.52,6.69,0.892,1.0,0.33
9,9_20251023_Pluto1,120,6,False,pupil_top,50,9.6,14.66,0.706,0.88,-0.22
9,9_20251023_Pluto1,120,6,False,pupil_bottom,50,11.64,23.98,0.637,0.6,-0.13
9,9_20251023_Pluto1,120,6,False,pupil_left,50,8.26,13.7,0.664,0.74,0.1
9,9_20251023_Pluto1,120,6,False,pupil_right,50,5.55,9.96,0.831,1.0,-0.02
9,9_20251023_Pluto1,120,6,False,eyelid_top,50,4.01,6.3,0.829,1.0,-0.44
9,9_20251023_Pluto1,120,6,False,eyelid_bottom,50,6.3,10.6,0.855,1.0,0.24
9,9_20251023_Pluto1,120,6,False,eye_nasal_corner,50,6.7,37.47,0.748,0.94,-0.01
9,9_20251023_Pluto1,120,6,False,eye_temporal_corner,50,3.75,8.25,0.946,1.0,-0.01
10,10_20251022_Pluto1,20,1,False,pupil_top,50,10.95,33.75,0.709,0.86,-0.2
10,10_20251022_Pluto1,20,1,False,pupil_bottom,50,14.48,25.15,0.494,0.2,0.23
10,10_20251022_Pluto1,20,1,False,pupil_left,50,7.37,44.21,0.687,0.66,-0.64
10,10_20251022_Pluto1,20,1,False,pupil_right,50,11.77,52.79,0.778,0.96,-0.21
10,10_20251022_Pluto1,20,1,False,eyelid_top,50,10.75,22.84,0.669,0.76,-0.32
10,10_20251022_Pluto1,20,1,False,eyelid_bottom,50,8.89,18.44,0.603,0.56,0.11
10,10_20251022_Pluto1,20,1,False,eye_nasal_corner,50,4.35,11.77,0.692,0.74,-0.49
10,10_20251022_Pluto1,20,1,False,eye_temporal_corner,50,2.02,3.55,0.871,0.98,-0.27
10,10_20251022_Pluto1,40,2,True,pupil_top,50,8.55,32.55,0.767,0.96,-0.09
10,10_20251022_Pluto1,40,2,True,pupil_bottom,50,13.7,27.98,0.731,0.94,-0.0
10,10_20251022_Pluto1,40,2,True,pupil_left,50,7.1,39.07,0.674,0.74,-0.66
10,10_20251022_Pluto1,40,2,True,pupil_right,50,9.34,50.38,0.815,0.96,0.02
10,10_20251022_Pluto1,40,2,True,eyelid_top,50,11.65,22.56,0.699,0.88,-0.11
10,10_20251022_Pluto1,40,2,True,eyelid_bottom,50,9.71,18.19,0.783,0.92,0.03
10,10_20251022_Pluto1,40,2,True,eye_nasal_corner,50,3.07,9.96,0.812,0.98,-0.38
10,10_20251022_Pluto1,40,2,True,eye_temporal_corner,50,3.55,5.5,0.865,0.98,-0.4
10,10_20251022_Pluto1,60,3,False,pupil_top,50,8.31,31.38,0.739,0.98,0.12
10,10_20251022_Pluto1,60,3,False,pupil_bottom,50,14.04,30.06,0.668,0.76,-0.18
10,10_20251022_Pluto1,60,3,False,pupil_left,50,6.43,31.27,0.63,0.6,-0.55
10,10_20251022_Pluto1,60,3,False,pupil_right,50,11.06,48.23,0.733,0.98,0.22
10,10_20251022_Pluto1,60,3,False,eyelid_top,50,10.42,22.36,0.62,0.5,-0.06
10,10_20251022_Pluto1,60,3,False,eyelid_bottom,50,9.24,20.04,0.844,0.96,-0.14
10,10_20251022_Pluto1,60,3,False,eye_nasal_corner,50,4.24,14.39,0.761,0.94,-0.53
10,10_20251022_Pluto1,60,3,False,eye_temporal_corner,50,3.32,5.57,0.813,0.98,-0.12
10,10_20251022_Pluto1,80,4,False,pupil_top,50,8.52,29.6,0.792,0.98,0.04
10,10_20251022_Pluto1,80,4,False,pupil_bottom,50,14.56,29.63,0.667,0.76,-0.0
10,10_20251022_Pluto1,80,4,False,pupil_left,50,7.28,416.33,0.693,0.62,-0.73
10,10_20251022_Pluto1,80,4,False,pupil_right,50,10.64,46.74,0.828,0.96,0.16
10,10_20251022_Pluto1,80,4,False,eyelid_top,50,11.46,20.7,0.736,1.0,0.02
10,10_20251022_Pluto1,80,4,False,eyelid_bottom,50,8.88,18.58,0.808,0.98,-0.11
10,10_20251022_Pluto1,80,4,False,eye_nasal_corner,50,3.59,11.08,0.803,0.9,-0.51
10,10_20251022_Pluto1,80,4,False,eye_temporal_corner,50,3.51,5.96,0.762,0.96,-0.35
11,11_20251017_Terra_spont_1,20,1,False,pupil_top,50,7.6,15.77,0.847,0.96,-0.21
11,11_20251017_Terra_spont_1,20,1,False,pupil_bottom,50,3.87,17.17,0.815,0.94,-0.22
11,11_20251017_Terra_spont_1,20,1,False,pupil_left,50,2.86,468.44,0.835,0.86,-0.62
11,11_20251017_Terra_spont_1,20,1,False,pupil_right,50,6.56,14.42,0.67,0.76,-0.32
11,11_20251017_Terra_spont_1,20,1,False,eyelid_top,50,5.47,16.13,0.877,0.96,-0.24
11,11_20251017_Terra_spont_1,20,1,False,eyelid_bottom,50,5.75,10.37,0.759,0.8,-0.32
11,11_20251017_Terra_spont_1,20,1,False,eye_nasal_corner,50,10.36,26.09,0.683,0.7,-0.56
11,11_20251017_Terra_spont_1,20,1,False,eye_temporal_corner,50,9.68,18.55,0.723,0.92,0.07
11,11_20251017_Terra_spont_1,40,2,True,pupil_top,50,6.59,16.05,0.897,0.96,-0.45
11,11_20251017_Terra_spont_1,40,2,True,pupil_bottom,50,4.31,15.02,0.899,0.96,-0.41
11,11_20251017_Terra_spont_1,40,2,True,pupil_left,50,2.91,11.28,0.9,0.96,-0.57
11,11_20251017_Terra_spont_1,40,2,True,pupil_right,50,5.93,16.78,0.758,0.92,-0.28
11,11_20251017_Terra_spont_1,40,2,True,eyelid_top,50,4.7,16.84,0.932,0.98,-0.22
11,11_20251017_Terra_spont_1,40,2,True,eyelid_bottom,50,5.25,9.76,0.89,0.96,-0.22
11,11_20251017_Terra_spont_1,40,2,True,eye_nasal_corner,50,10.38,23.53,0.708,0.82,-0.27
11,11_20251017_Terra_spont_1,40,2,True,eye_temporal_corner,50,9.14,16.94,0.841,0.94,0.15
11,11_20251017_Terra_spont_1,60,3,False,pupil_top,50,7.28,16.09,0.957,1.0,-0.04
11,11_20251017_Terra_spont_1,60,3,False,pupil_bottom,50,4.75,13.91,0.915,0.98,-0.29
11,11_20251017_Terra_spont_1,60,3,False,pupil_left,50,3.32,10.69,0.937,0.96,-0.53
11,11_20251017_Terra_spont_1,60,3,False,pupil_right,50,5.86,16.24,0.912,0.94,0.21
11,11_20251017_Terra_spont_1,60,3,False,eyelid_top,50,5.55,16.9,0.92,1.0,-0.3
11,11_20251017_Terra_spont_1,60,3,False,eyelid_bottom,50,5.53,15.07,0.901,0.98,-0.05
11,11_20251017_Terra_spont_1,60,3,False,eye_nasal_corner,50,9.28,19.89,0.809,0.94,-0.21
11,11_20251017_Terra_spont_1,60,3,False,eye_temporal_corner,50,8.92,18.46,0.792,0.98,0.19
11,11_20251017_Terra_spont_1,80,4,False,pupil_top,50,6.81,15.65,0.969,1.0,-0.18
11,11_20251017_Terra_spont_1,80,4,False,pupil_bottom,50,4.21,12.67,0.935,0.98,-0.32
11,11_20251017_Terra_spont_1,80,4,False,pupil_left,50,3.3,11.45,0.902,0.96,-0.54
11,11_20251017_Terra_spont_1,80,4,False,pupil_right,50,6.07,14.9,0.936,0.96,-0.21
11,11_20251017_Terra_spont_1,80,4,False,eyelid_top,50,5.15,16.37,0.987,1.0,-0.22
11,11_20251017_Terra_spont_1,80,4,False,eyelid_bottom,50,5.42,10.17,0.849,0.98,-0.07
11,11_20251017_Terra_spont_1,80,4,False,eye_nasal_corner,50,9.17,20.99,0.774,0.96,-0.27
11,11_20251017_Terra_spont_1,80,4,False,eye_temporal_corner,50,8.43,16.76,0.824,0.96,-0.02
all,all videos pooled (plateau-point models),,,True,pupil_top,597,10.92,35.18,0.723,0.72,-0.36
all,all videos pooled (plateau-point models),,,True,pupil_bottom,598,4.82,24.22,0.836,0.896,-0.46
all,all videos pooled (plateau-point models),,,True,pupil_left,596,4.88,39.17,0.739,0.745,-0.6
all,all videos pooled (plateau-point models),,,True,pupil_right,600,4.84,17.9,0.826,0.942,-0.26
all,all videos pooled (plateau-point models),,,True,eyelid_top,599,5.82,15.03,0.802,0.883,-0.44
all,all videos pooled (plateau-point models),,,True,eyelid_bottom,600,3.89,13.27,0.849,0.952,-0.33
all,all videos pooled (plateau-point models),,,True,eye_nasal_corner,600,4.45,17.0,0.801,0.935,-0.38
all,all videos pooled (plateau-point models),,,True,eye_temporal_corner,600,4.75,13.93,0.774,0.805,-0.51
