set,frame,closed_by_labeler,aspect,centre_off,min_conf,opening_px
0_first5minvedio/training-data/labels/batch01,img000240.png,False,0.9776727674150499,0.0,0.7480405569076538,254.50323486328125
0_first5minvedio/training-data/labels/batch01,img000325.png,False,0.8152567449329151,0.0,0.5847421884536743,214.98641967773438
0_first5minvedio/training-data/labels/batch01,img000430.png,False,0.9673657806142602,0.0,0.8857707977294922,254.8773651123047
0_first5minvedio/training-data/labels/batch01,img000975.png,False,0.9737293520740938,0.0,0.7932726144790649,264.93414306640625
0_first5minvedio/training-data/labels/batch01,img001325.png,False,0.9748655943878861,0.0,0.7996427416801453,263.57958984375
0_first5minvedio/training-data/labels/batch01,img001875.png,False,0.9137037437052942,0.0,0.7978940010070801,256.8673095703125
0_first5minvedio/training-data/labels/batch01,img003330.png,False,0.8982149919248764,0.0,0.8699038028717041,261.2525634765625
0_first5minvedio/training-data/labels/batch01,img003520.png,False,0.8940698003235139,0.0,0.8248164057731628,265.74359130859375
0_first5minvedio/training-data/labels/batch01,img003985.png,False,0.9220116537409828,0.0,0.8564679026603699,266.9881591796875
0_first5minvedio/training-data/labels/batch01,img004240.png,False,0.9316880847893778,0.0,0.8601438999176025,263.7838439941406
0_first5minvedio/training-data/labels/batch01,img004675.png,False,0.9677463241763186,0.0,0.7018494606018066,262.1070556640625
0_first5minvedio/training-data/labels/batch01,img005910.png,False,0.8771632789112354,0.0,0.8510228395462036,242.18951416015625
0_first5minvedio/training-data/labels/batch01,img007195.png,False,0.9295326086654706,0.0,0.7963932752609253,265.2529602050781
0_first5minvedio/training-data/labels/batch01,img007400.png,False,0.8946960503158065,0.0,0.7674151659011841,257.23040771484375
0_first5minvedio/training-data/labels/batch01,img007470.png,False,0.9217138495140489,0.0,0.8383867740631104,259.84210205078125
0_first5minvedio/training-data/labels/batch01,img007655.png,False,0.9308980419404589,0.0,0.6924891471862793,261.5421447753906
0_first5minvedio/training-data/labels/batch01,img008075.png,False,0.9003695083868355,0.0,0.7613652944564819,268.2869567871094
0_first5minvedio/training-data/labels/batch01,img008925.png,False,0.948790835845111,0.0,0.8026994466781616,278.6702880859375
0_first5minvedio/training-data/labels/batch01,img009055.png,False,0.965221818327375,0.0,0.7074373364448547,284.38031005859375
0_first5minvedio/training-data/labels/batch01,img010420.png,False,0.9359957294808601,0.0,0.7709046602249146,255.81007385253906
0_first5minvedio/training-data/labels/batch02,img000140.png,False,0.9682885408401489,0.028528337083488568,0.613433837890625,306.1466064453125
0_first5minvedio/training-data/labels/batch02,img000502.png,False,0.9226376414299011,0.02785035042983072,0.7670772075653076,284.9833984375
0_first5minvedio/training-data/labels/batch02,img000611.png,False,0.9654091000556946,0.009265864580256314,0.7456997036933899,320.3944091796875
0_first5minvedio/training-data/labels/batch02,img001104.png,False,0.8959617614746094,0.042318793846333295,0.8016353845596313,283.4888916015625
0_first5minvedio/training-data/labels/batch02,img001950.png,False,0.8712611198425293,0.02346318788193596,0.6907608509063721,277.5955505371094
0_first5minvedio/training-data/labels/batch02,img002109.png,False,0.8144844770431519,0.05488437193465961,0.6987642049789429,255.01638793945312
0_first5minvedio/training-data/labels/batch02,img003161.png,False,0.7925806641578674,0.04644910784802867,0.5672904849052429,248.62232971191406
0_first5minvedio/training-data/labels/batch02,img004742.png,False,0.8619758486747742,0.05014236120574425,0.7603206634521484,288.9476623535156
0_first5minvedio/training-data/labels/batch02,img004855.png,False,0.8695496916770935,0.03506829536358773,0.6638529300689697,287.2830505371094
0_first5minvedio/training-data/labels/batch02,img005073.png,False,0.8247267007827759,0.06025092654097577,0.7909367084503174,264.41168212890625
0_first5minvedio/training-data/labels/batch02,img005180.png,False,0.9133349657058716,0.07765737049110802,0.6314184665679932,297.4901428222656
0_first5minvedio/training-data/labels/batch02,img005532.png,False,0.6900690197944641,0.0910053891891474,0.5206079483032227,273.6109313964844
0_first5minvedio/training-data/labels/batch02,img005824.png,False,0.8501738905906677,0.15618550106303306,0.326227068901062,189.42364501953125
0_first5minvedio/training-data/labels/batch02,img006764.png,False,0.9020615220069885,0.004471340743630628,0.7909916043281555,316.4859924316406
0_first5minvedio/training-data/labels/batch02,img008197.png,False,0.8715116381645203,0.030128178812076446,0.7280817627906799,303.6025390625
0_first5minvedio/training-data/labels/batch02,img009139.png,False,0.979163646697998,0.010624389237921722,0.3210153877735138,668.4268798828125
0_first5minvedio/training-data/labels/batch02,img009210.png,False,0.9927632212638855,0.028537203213202696,0.25602254271507263,327.65301513671875
0_first5minvedio/training-data/labels/batch02,img009324.png,False,0.9623852968215942,0.00791107360664807,0.45917943120002747,322.5123596191406
0_first5minvedio/training-data/labels/batch02,img009629.png,True,0.7671812772750854,1.1604658765705667,0.2298179566860199,401.39202880859375
0_first5minvedio/training-data/labels/batch02,img009796.png,False,0.8543483018875122,0.041751997406708236,0.7624459862709045,283.9516906738281
0_first5minvedio/training-data/labels/batch03,img000775.png,False,0.9662883877754211,0.025033408981117444,0.7136587500572205,312.0770568847656
0_first5minvedio/training-data/labels/batch03,img000837.png,False,0.8528255224227905,0.057753645641636424,0.5471270680427551,235.55731201171875
0_first5minvedio/training-data/labels/batch03,img000904.png,False,0.910413384437561,0.02869325969085536,0.5561816096305847,294.0700378417969
0_first5minvedio/training-data/labels/batch03,img001236.png,False,0.9169179797172546,0.032968557331849,0.8668773770332336,302.3240966796875
0_first5minvedio/training-data/labels/batch03,img001637.png,False,0.8782268762588501,0.05141212531959764,0.7940868139266968,267.16015625
0_first5minvedio/training-data/labels/batch03,img002517.png,False,0.8801690936088562,0.012341117380604146,0.41730713844299316,313.491455078125
0_first5minvedio/training-data/labels/batch03,img002633.png,False,0.9109156131744385,0.0807984295753924,0.6304881572723389,277.0662841796875
0_first5minvedio/training-data/labels/batch03,img002737.png,False,0.9044483304023743,0.07842207872212438,0.6432831883430481,274.8246765136719
0_first5minvedio/training-data/labels/batch03,img002985.png,False,0.8629286289215088,0.0343402207259154,0.8511737585067749,272.1163024902344
0_first5minvedio/training-data/labels/batch03,img003917.png,False,0.8833019137382507,0.028748889864514723,0.8219267725944519,304.5137939453125
0_first5minvedio/training-data/labels/batch03,img004060.png,False,0.9349827766418457,0.04869216105472721,0.7968173027038574,311.15386962890625
0_first5minvedio/training-data/labels/batch03,img004915.png,False,0.8323427438735962,0.049389043493054965,0.729981005191803,266.6110534667969
0_first5minvedio/training-data/labels/batch03,img005345.png,False,0.8904159665107727,0.04603963315663678,0.868419349193573,295.1564025878906
0_first5minvedio/training-data/labels/batch03,img005466.png,False,0.8690680265426636,0.03888886744026252,0.8305690884590149,291.4986877441406
0_first5minvedio/training-data/labels/batch03,img006131.png,False,0.8286880850791931,0.03850691346988318,0.7966570854187012,258.9671325683594
0_first5minvedio/training-data/labels/batch03,img006556.png,False,0.8720225095748901,0.027718855279488905,0.7802177667617798,292.82489013671875
0_first5minvedio/training-data/labels/batch03,img006872.png,False,0.8521957993507385,0.05700509483511579,0.88176029920578,279.9754638671875
0_first5minvedio/training-data/labels/batch03,img007306.png,False,0.848396360874176,0.05528018701702572,0.7466780543327332,246.70350646972656
0_first5minvedio/training-data/labels/batch03,img008579.png,False,0.8459268808364868,0.0346415480033468,0.8213565349578857,286.9530334472656
0_first5minvedio/training-data/labels/batch03,img008847.png,False,0.8678559064865112,0.04153575150662694,0.7888469099998474,293.8375244140625
0_first5minvedio/training-data/labels/batch04,img000697.png,False,0.8781179785728455,0.02665454665225773,0.8294021487236023,279.0786437988281
0_first5minvedio/training-data/labels/batch04,img001721.png,False,0.8737515807151794,0.04074444540841409,0.8530116677284241,268.23809814453125
0_first5minvedio/training-data/labels/batch04,img002230.png,False,0.8969641923904419,0.02120760193016711,0.82303386926651,281.65020751953125
0_first5minvedio/training-data/labels/batch04,img002811.png,False,0.9007388949394226,0.045856694992478686,0.6986384391784668,287.37274169921875
0_first5minvedio/training-data/labels/batch04,img002874.png,False,0.8934270739555359,0.03959753531729223,0.8171737790107727,290.46209716796875
0_first5minvedio/training-data/labels/batch04,img003052.png,False,0.8479174971580505,0.030872864866704812,0.850045382976532,282.49554443359375
0_first5minvedio/training-data/labels/batch04,img003406.png,False,0.8597651720046997,0.040288554873729766,0.8990623354911804,292.70880126953125
0_first5minvedio/training-data/labels/batch04,img003602.png,False,0.8794878125190735,0.013828960966686626,0.8718493580818176,306.4423828125
0_first5minvedio/training-data/labels/batch04,img003671.png,False,0.9056715965270996,0.020469673639970223,0.8569586277008057,315.2434997558594
0_first5minvedio/training-data/labels/batch04,img003749.png,False,0.8820921778678894,0.035495402935194466,0.8512270450592041,294.9921875
0_first5minvedio/training-data/labels/batch04,img004302.png,False,0.8805112242698669,0.024257227654085972,0.7823217511177063,309.5875549316406
0_first5minvedio/training-data/labels/batch04,img004566.png,False,0.8979348540306091,0.03063054112861373,0.8349449634552002,292.222412109375
0_first5minvedio/training-data/labels/batch04,img006062.png,False,0.8536719083786011,0.04327131459796642,0.8458297252655029,282.2408447265625
0_first5minvedio/training-data/labels/batch04,img006623.png,False,0.9055958986282349,0.03492268320936226,0.8012707233428955,312.7805480957031
0_first5minvedio/training-data/labels/batch04,img007052.png,False,0.850433349609375,0.05523114071704823,0.8814387321472168,295.28106689453125
0_first5minvedio/training-data/labels/batch04,img007959.png,False,0.8696908950805664,0.02461867960480861,0.8698214888572693,283.429443359375
0_first5minvedio/training-data/labels/batch04,img008750.png,False,0.8469505906105042,0.043040554516076475,0.8856673240661621,293.7843933105469
0_first5minvedio/training-data/labels/batch04,img009989.png,False,0.8838851451873779,0.03830661294298797,0.9317559003829956,291.277587890625
0_first5minvedio/training-data/labels/batch04,img010074.png,False,0.8823302388191223,0.020729341750676738,0.8105382919311523,293.0405578613281
0_first5minvedio/training-data/labels/batch04,img010524.png,False,0.8919833898544312,0.0367248072198907,0.8581014275550842,287.6467590332031
0_first5minvedio/training-data/labels/batch05,img000033.png,False,0.9676523208618164,0.027628209306483176,0.87105792760849,312.3283996582031
0_first5minvedio/training-data/labels/batch05,img001507.png,False,0.8821706771850586,0.04656176866311848,0.812210202217102,289.7445983886719
0_first5minvedio/training-data/labels/batch05,img001574.png,False,0.9095633029937744,0.05737479045388983,0.8879439830780029,289.26171875
0_first5minvedio/training-data/labels/batch05,img002024.png,False,0.8585309386253357,0.04286084207536795,0.9242550730705261,281.376953125
0_first5minvedio/training-data/labels/batch05,img002317.png,False,0.9127839207649231,0.013924081678378239,0.8867430686950684,295.6248779296875
0_first5minvedio/training-data/labels/batch05,img002452.png,False,0.9208859801292419,0.040414072949451776,0.7070968151092529,272.55499267578125
0_first5minvedio/training-data/labels/batch05,img003267.png,False,0.8595139980316162,0.02672781996435888,0.914357602596283,282.3786926269531
0_first5minvedio/training-data/labels/batch05,img003839.png,False,0.8734146356582642,0.03745446792886837,0.9076747298240662,303.9643859863281
0_first5minvedio/training-data/labels/batch05,img004374.png,False,0.9394460916519165,0.020230186114506235,0.8012269139289856,313.643310546875
0_first5minvedio/training-data/labels/batch05,img004497.png,False,0.8190388083457947,0.05379316886072635,0.7447023987770081,253.45826721191406
0_first5minvedio/training-data/labels/batch05,img005710.png,False,0.8173691034317017,0.03170041331598936,0.722444474697113,261.8324279785156
0_first5minvedio/training-data/labels/batch05,img006986.png,False,0.8372530937194824,0.04529804634604743,0.6036360859870911,265.437744140625
0_first5minvedio/training-data/labels/batch05,img007121.png,False,0.8367270827293396,0.06336710777704342,0.8012157082557678,286.3217468261719
0_first5minvedio/training-data/labels/batch05,img007574.png,False,0.8559631705284119,0.03747857821469229,0.8267416954040527,283.9766540527344
0_first5minvedio/training-data/labels/batch05,img008349.png,False,0.9000594019889832,0.03261785767678427,0.7936320900917053,299.4718322753906
0_first5minvedio/training-data/labels/batch05,img008419.png,False,0.8450034856796265,0.019461517301201336,0.8753944039344788,275.0408935546875
0_first5minvedio/training-data/labels/batch05,img008642.png,False,0.8414433598518372,0.0412110954096831,0.8264650702476501,284.7078552246094
0_first5minvedio/training-data/labels/batch05,img009423.png,False,0.9688853621482849,0.01688823066092714,0.7337018847465515,320.2077941894531
0_first5minvedio/training-data/labels/batch05,img009527.png,False,0.9018619060516357,0.04336147433803475,0.8608714938163757,317.92596435546875
0_first5minvedio/training-data/labels/batch05,img010227.png,False,0.8722387552261353,0.0384238847293746,0.7812513709068298,282.4627685546875
0_first5minvedio/training-data/labels/test50,img014414.png,False,0.8933700674422156,0.0,0.7213605642318726,260.20318603515625
0_first5minvedio/training-data/labels/test50,img014487.png,False,0.9867218176760674,0.0,0.8272737264633179,260.1805725097656
0_first5minvedio/training-data/labels/test50,img014560.png,False,0.9984628922260439,0.0,0.7469919919967651,270.5716857910156
0_first5minvedio/training-data/labels/test50,img014634.png,False,1.007812104708158,0.0,0.7361127138137817,266.3519592285156
0_first5minvedio/training-data/labels/test50,img014707.png,False,0.9929911603106922,0.0,0.6943570375442505,263.4293518066406
0_first5minvedio/training-data/labels/test50,img014781.png,False,0.9382062671373144,0.0,0.8274084329605103,268.71044921875
0_first5minvedio/training-data/labels/test50,img014854.png,False,0.9264414745293141,0.0,0.7454609870910645,264.4372863769531
0_first5minvedio/training-data/labels/test50,img014928.png,False,0.9467096377762688,0.0,0.7281560897827148,269.0063171386719
0_first5minvedio/training-data/labels/test50,img015001.png,False,0.93506225592891,0.0,0.7482472658157349,268.8844299316406
0_first5minvedio/training-data/labels/test50,img015075.png,False,0.9084553564442112,0.0,0.9044498205184937,278.6242980957031
0_first5minvedio/training-data/labels/test50,img015148.png,False,0.9218862987894914,0.0,0.7218649983406067,286.1539306640625
0_first5minvedio/training-data/labels/test50,img015221.png,False,0.9628996816034842,0.0,0.6898419857025146,289.3905029296875
0_first5minvedio/training-data/labels/test50,img015295.png,False,0.9751877445002468,0.0,0.5092585682868958,287.0595397949219
0_first5minvedio/training-data/labels/test50,img015368.png,False,1.0415117765118584,0.0,0.5615167617797852,290.0618896484375
0_first5minvedio/training-data/labels/test50,img015442.png,False,0.9706867785417888,0.0,0.7372220158576965,283.1729736328125
0_first5minvedio/training-data/labels/test50,img015515.png,False,0.9594452232408692,0.0,0.5693380832672119,284.75579833984375
0_first5minvedio/training-data/labels/test50,img015589.png,False,0.9313592994054355,0.0,0.8456138372421265,265.0509948730469
0_first5minvedio/training-data/labels/test50,img015662.png,False,0.9317957151501305,0.0,0.8278398513793945,269.8036804199219
0_first5minvedio/training-data/labels/test50,img015736.png,True,0.916723756237371,0.0,0.7756127119064331,267.1352844238281
0_first5minvedio/training-data/labels/test50,img015809.png,False,0.9330232647501671,0.0,0.7352264523506165,268.2157287597656
0_first5minvedio/training-data/labels/test50,img015882.png,False,0.9174471504157552,0.0,0.754916787147522,260.1385192871094
0_first5minvedio/training-data/labels/test50,img015956.png,False,0.9281555937785568,0.0,0.75407874584198,276.998046875
0_first5minvedio/training-data/labels/test50,img016029.png,False,0.9159808554433634,0.0,0.7689782977104187,264.6654357910156
0_first5minvedio/training-data/labels/test50,img016103.png,False,0.9387591779114978,0.0,0.8183032870292664,267.8466796875
0_first5minvedio/training-data/labels/test50,img016176.png,False,0.9461880898823307,0.0,0.8533192873001099,268.107666015625
0_first5minvedio/training-data/labels/test50,img016250.png,False,0.9661614901058857,0.0,0.7845105528831482,245.888427734375
0_first5minvedio/training-data/labels/test50,img016323.png,False,0.8977317473850384,0.0,0.8312402963638306,232.88755798339844
0_first5minvedio/training-data/labels/test50,img016397.png,False,0.9243378286055793,0.0,0.7517547011375427,264.6873474121094
0_first5minvedio/training-data/labels/test50,img016470.png,False,0.9032507530478743,0.0,0.7645086050033569,237.53082275390625
0_first5minvedio/training-data/labels/test50,img016544.png,False,0.8976232110240369,0.0,0.7157955169677734,248.8015899658203
0_first5minvedio/training-data/labels/test50,img016617.png,False,0.926976325642956,0.0,0.6739910840988159,248.7013702392578
0_first5minvedio/training-data/labels/test50,img016690.png,False,0.9083804304765619,0.0,0.8410723209381104,256.31817626953125
0_first5minvedio/training-data/labels/test50,img016764.png,False,0.9043654816328301,0.0,0.822981595993042,257.1529541015625
0_first5minvedio/training-data/labels/test50,img016837.png,False,0.9291124138721263,0.0,0.8903917074203491,258.62158203125
0_first5minvedio/training-data/labels/test50,img016911.png,False,0.846023008973799,0.0,0.7810500264167786,246.53302001953125
0_first5minvedio/training-data/labels/test50,img016984.png,False,0.8876613068311,0.0,0.7342203855514526,250.9121856689453
0_first5minvedio/training-data/labels/test50,img017058.png,False,0.8915666528130317,0.0,0.7657172679901123,257.3597412109375
0_first5minvedio/training-data/labels/test50,img017131.png,False,0.9073294497343525,0.0,0.7507925033569336,256.8779296875
0_first5minvedio/training-data/labels/test50,img017205.png,False,0.850673132036524,0.0,0.6053060293197632,218.61251831054688
0_first5minvedio/training-data/labels/test50,img017278.png,False,0.896723784169505,0.0,0.8978865146636963,244.50775146484375
0_first5minvedio/training-data/labels/test50,img017351.png,False,0.9332197626493675,0.0,0.8501641750335693,251.77613830566406
0_first5minvedio/training-data/labels/test50,img017425.png,False,0.9185286362202287,0.0,0.7978904247283936,255.1128692626953
0_first5minvedio/training-data/labels/test50,img017498.png,False,0.8522305199894813,0.0,0.7701156139373779,234.57484436035156
0_first5minvedio/training-data/labels/test50,img017572.png,False,0.9119018947368421,0.0,0.7922174334526062,248.0675048828125
0_first5minvedio/training-data/labels/test50,img017645.png,False,0.9027680648097408,0.0,0.8171777129173279,241.1325225830078
0_first5minvedio/training-data/labels/test50,img017719.png,False,0.9192941325930467,0.0,0.7590099573135376,242.32945251464844
0_first5minvedio/training-data/labels/test50,img017792.png,False,0.9465786206350565,0.0,0.7559230327606201,251.05589294433594
0_first5minvedio/training-data/labels/test50,img017866.png,False,0.9446064495609776,0.0,0.8164168000221252,250.53012084960938
0_first5minvedio/training-data/labels/test50,img017939.png,False,0.9311646241565964,0.0,0.8771932125091553,249.72613525390625
0_first5minvedio/training-data/labels/test50,img018013.png,False,0.9200605066594076,0.0,0.798909068107605,249.5264129638672
0_first5minvedio/training-data/labels/val20,img010694.png,False,0.9687827204324145,0.0,0.7495098114013672,261.41217041015625
0_first5minvedio/training-data/labels/val20,img010883.png,False,0.9465967863103387,0.0,0.8405395150184631,258.2398681640625
0_first5minvedio/training-data/labels/val20,img011072.png,False,0.9075341146179476,0.0,0.8218762874603271,271.23895263671875
0_first5minvedio/training-data/labels/val20,img011262.png,False,0.9155217801590794,0.0,0.7760140895843506,269.1716003417969
0_first5minvedio/training-data/labels/val20,img011451.png,False,0.9012752347774525,0.0,0.7048708200454712,264.2338562011719
0_first5minvedio/training-data/labels/val20,img011641.png,False,0.8962374300803034,0.0,0.8948112726211548,244.3979949951172
0_first5minvedio/training-data/labels/val20,img011830.png,False,0.876342180224783,0.0,0.8453878164291382,240.02684020996094
0_first5minvedio/training-data/labels/val20,img012019.png,False,0.9317134212564748,0.0,0.8336795568466187,253.2910614013672
0_first5minvedio/training-data/labels/val20,img012209.png,False,0.9164039272831411,0.0,0.6830430626869202,253.3411865234375
0_first5minvedio/training-data/labels/val20,img012398.png,False,0.9558690822343672,0.0,0.7500737309455872,256.6876220703125
0_first5minvedio/training-data/labels/val20,img012588.png,False,0.9365251782906552,0.0,0.7130866050720215,257.5311279296875
0_first5minvedio/training-data/labels/val20,img012777.png,False,0.9237383977602373,0.0,0.8766637444496155,254.52728271484375
0_first5minvedio/training-data/labels/val20,img012967.png,False,0.9244358950971638,0.0,0.8865237236022949,255.86581420898438
0_first5minvedio/training-data/labels/val20,img013156.png,False,0.9222798297088711,0.0,0.7886132597923279,258.58343505859375
0_first5minvedio/training-data/labels/val20,img013345.png,False,0.9165114211635851,0.0,0.7987266778945923,257.5104064941406
0_first5minvedio/training-data/labels/val20,img013535.png,False,0.9202640489485565,0.0,0.8424606919288635,261.8146667480469
0_first5minvedio/training-data/labels/val20,img013724.png,False,0.9075639328130438,0.0,0.7597000598907471,263.1310729980469
0_first5minvedio/training-data/labels/val20,img013914.png,False,0.9191427915583836,0.0,0.7767004370689392,258.2195739746094
0_first5minvedio/training-data/labels/val20,img014103.png,False,0.8843950501123983,0.0,0.717225193977356,260.9398498535156
0_first5minvedio/training-data/labels/val20,img014293.png,False,0.8975277006517068,0.0,0.8902939558029175,261.5805358886719
1_20251031_Pluto_spont_1/training-data/labels/batch01,img003555.png,False,0.6108063459396362,6.338147714725349,0.28226321935653687,375.1028747558594
1_20251031_Pluto_spont_1/training-data/labels/batch01,img004835.png,False,5.200501441955566,8.803317910519107,0.27621346712112427,650.2448120117188
1_20251031_Pluto_spont_1/training-data/labels/batch01,img005160.png,False,7.989602565765381,30.69763866007688,0.21035969257354736,643.4991455078125
1_20251031_Pluto_spont_1/training-data/labels/batch01,img009900.png,False,3.996490240097046,1.1371829005586094,0.21006552875041962,631.7816772460938
1_20251031_Pluto_spont_1/training-data/labels/batch01,img015750.png,False,0.2708301544189453,3.7172139264446917,0.3653964102268219,362.23309326171875
1_20251031_Pluto_spont_1/training-data/labels/batch01,img016180.png,False,0.3615315556526184,3.573948465166675,0.36643049120903015,364.8963317871094
1_20251031_Pluto_spont_1/training-data/labels/batch01,img020220.png,False,0.4509705901145935,0.3403020510044132,0.4129372537136078,258.0041198730469
1_20251031_Pluto_spont_1/training-data/labels/batch01,img020855.png,False,0.47547098994255066,0.5416727651158294,0.429030179977417,284.81866455078125
1_20251031_Pluto_spont_1/training-data/labels/batch01,img023390.png,False,6.076287269592285,37.208903419306466,0.19390875101089478,628.287109375
1_20251031_Pluto_spont_1/training-data/labels/batch01,img025805.png,True,0.19471506774425507,0.9187305069456972,0.3793047368526459,367.8409118652344
1_20251031_Pluto_spont_1/training-data/labels/batch01,img026550.png,False,1.0612139701843262,2.165285601973296,0.3507373631000519,279.9437255859375
1_20251031_Pluto_spont_1/training-data/labels/batch01,img027855.png,False,1.441171646118164,1.9299711410365123,0.3868180811405182,375.3038024902344
1_20251031_Pluto_spont_1/training-data/labels/batch01,img034180.png,False,0.437314510345459,3.1972876152895915,0.3554990887641907,372.2592468261719
1_20251031_Pluto_spont_1/training-data/labels/batch01,img034910.png,False,0.04549204558134079,0.8102243991978046,0.19007661938667297,645.3225708007812
1_20251031_Pluto_spont_1/training-data/labels/batch01,img043245.png,False,7.715993404388428,14.432781283593094,0.29398882389068604,390.80096435546875
1_20251031_Pluto_spont_1/training-data/labels/batch01,img046865.png,False,0.1781652718782425,0.6169093436263792,0.47385790944099426,338.56182861328125
1_20251031_Pluto_spont_1/training-data/labels/batch01,img051670.png,True,1.0592424869537354,1.320333018593136,0.17945155501365662,382.1123962402344
1_20251031_Pluto_spont_1/training-data/labels/batch01,img051855.png,True,0.2878247797489166,4.494135533989395,0.23126566410064697,821.53173828125
1_20251031_Pluto_spont_1/training-data/labels/batch01,img053625.png,False,0.36433547735214233,3.2236155221438247,0.24614541232585907,375.47442626953125
1_20251031_Pluto_spont_1/training-data/labels/batch01,img055440.png,False,0.11949644237756729,1.0186160557008241,0.2811904549598694,376.6216735839844
1_20251031_Pluto_spont_1/training-data/labels/batch02,img002095.png,False,1.0185075998306274,0.08988117307218171,0.5723437070846558,230.47451782226562
1_20251031_Pluto_spont_1/training-data/labels/batch02,img002622.png,False,1.0633959770202637,0.08580722330041343,0.5685625672340393,189.1686248779297
1_20251031_Pluto_spont_1/training-data/labels/batch02,img006517.png,False,0.8340074419975281,0.04754410603833099,0.4484714865684509,211.60301208496094
1_20251031_Pluto_spont_1/training-data/labels/batch02,img010755.png,False,0.9053463935852051,0.10723403984867626,0.6634213924407959,210.99790954589844
1_20251031_Pluto_spont_1/training-data/labels/batch02,img015379.png,False,0.767572283744812,0.019144127374919134,0.5004928112030029,173.3345947265625
1_20251031_Pluto_spont_1/training-data/labels/batch02,img015499.png,False,0.7865772843360901,0.011227355288352527,0.691735029220581,173.01385498046875
1_20251031_Pluto_spont_1/training-data/labels/batch02,img020518.png,False,0.8997859358787537,0.028790889152184265,0.3787800967693329,267.1313171386719
1_20251031_Pluto_spont_1/training-data/labels/batch02,img022433.png,False,0.9965083599090576,0.10575102690668906,0.4560941457748413,247.01406860351562
1_20251031_Pluto_spont_1/training-data/labels/batch02,img023938.png,False,0.2230604887008667,0.4536834228433795,0.42330971360206604,114.65058135986328
1_20251031_Pluto_spont_1/training-data/labels/batch02,img024026.png,False,0.29925835132598877,0.40199636212799233,0.34095245599746704,154.63282775878906
1_20251031_Pluto_spont_1/training-data/labels/batch02,img025990.png,False,1.0219722986221313,0.16953256154183513,0.3818068504333496,183.82681274414062
1_20251031_Pluto_spont_1/training-data/labels/batch02,img026193.png,False,0.8983361124992371,0.12253318207286834,0.506776750087738,181.56446838378906
1_20251031_Pluto_spont_1/training-data/labels/batch02,img032527.png,False,0.9357497692108154,0.12513455682736194,0.44062915444374084,184.4765625
1_20251031_Pluto_spont_1/training-data/labels/batch02,img033961.png,False,0.8195309638977051,0.010916994907711421,0.5368967056274414,190.47000122070312
1_20251031_Pluto_spont_1/training-data/labels/batch02,img043007.png,False,0.9069597125053406,0.11516988834193781,0.30511903762817383,181.67440795898438
1_20251031_Pluto_spont_1/training-data/labels/batch02,img045093.png,False,0.6469985246658325,0.07105093717272565,0.39883553981781006,156.00267028808594
1_20251031_Pluto_spont_1/training-data/labels/batch02,img046063.png,False,0.8485000729560852,0.049304494523856664,0.6382516026496887,255.6935272216797
1_20251031_Pluto_spont_1/training-data/labels/batch02,img052505.png,False,0.7577528953552246,0.047765803037877246,0.6042911410331726,170.998291015625
1_20251031_Pluto_spont_1/training-data/labels/batch02,img052956.png,False,0.6747469305992126,0.06805467992694608,0.5040143132209778,149.32147216796875
1_20251031_Pluto_spont_1/training-data/labels/batch02,img054124.png,False,0.7275495529174805,0.04692276610663007,0.6978630423545837,170.9312286376953
1_20251031_Pluto_spont_1/training-data/labels/batch03,img000945.png,False,0.9161702394485474,0.13775887628625227,0.5579149127006531,194.18911743164062
1_20251031_Pluto_spont_1/training-data/labels/batch03,img001207.png,False,0.9126483201980591,0.12409563222739849,0.483234703540802,199.09046936035156
1_20251031_Pluto_spont_1/training-data/labels/batch03,img001859.png,True,1.0328309535980225,0.08650473971659842,0.24460957944393158,235.8684844970703
1_20251031_Pluto_spont_1/training-data/labels/batch03,img005355.png,False,0.8912668824195862,0.09002180621862008,0.754656970500946,213.67527770996094
1_20251031_Pluto_spont_1/training-data/labels/batch03,img006196.png,False,0.8468726277351379,0.12149553263481531,0.2923525869846344,245.22056579589844
1_20251031_Pluto_spont_1/training-data/labels/batch03,img006345.png,False,0.4652794897556305,0.44564163766126225,0.5365341901779175,204.87985229492188
1_20251031_Pluto_spont_1/training-data/labels/batch03,img006774.png,False,0.5352446436882019,0.641001041652113,0.1916874647140503,273.1413879394531
1_20251031_Pluto_spont_1/training-data/labels/batch03,img007308.png,False,0.8501988649368286,0.05132419334004188,0.45787519216537476,268.02081298828125
1_20251031_Pluto_spont_1/training-data/labels/batch03,img008116.png,False,0.7017579078674316,0.5995334534261507,0.33213871717453003,248.5862274169922
1_20251031_Pluto_spont_1/training-data/labels/batch03,img015287.png,False,0.3468015491962433,0.38912531220919266,0.4291537404060364,180.87542724609375
1_20251031_Pluto_spont_1/training-data/labels/batch03,img017758.png,False,0.3336123526096344,0.5197734603226895,0.4900251030921936,189.5240478515625
1_20251031_Pluto_spont_1/training-data/labels/batch03,img018770.png,False,0.7743997573852539,0.05138679263376109,0.6202948093414307,168.05789184570312
1_20251031_Pluto_spont_1/training-data/labels/batch03,img019938.png,False,1.0764108896255493,0.1946147173643674,0.48170140385627747,181.287841796875
1_20251031_Pluto_spont_1/training-data/labels/batch03,img023057.png,False,0.9515897631645203,0.02186081638741778,0.7438366413116455,235.4012908935547
1_20251031_Pluto_spont_1/training-data/labels/batch03,img025902.png,False,0.7009193897247314,0.052429705257085714,0.5937654972076416,178.86245727539062
1_20251031_Pluto_spont_1/training-data/labels/batch03,img029840.png,False,0.8544796109199524,0.04410469786092631,0.34357932209968567,187.9670867919922
1_20251031_Pluto_spont_1/training-data/labels/batch03,img030669.png,False,0.7870052456855774,0.04400765647007837,0.6790924072265625,170.34173583984375
1_20251031_Pluto_spont_1/training-data/labels/batch03,img039305.png,False,0.9565097093582153,0.09577738245118071,0.5649299025535583,195.3562469482422
1_20251031_Pluto_spont_1/training-data/labels/batch03,img045216.png,False,0.5951247811317444,0.12247175504387978,0.330086886882782,140.69802856445312
1_20251031_Pluto_spont_1/training-data/labels/batch03,img050719.png,True,0.9757917523384094,3.3231087235165693,0.1996571570634842,77.53924560546875
1_20251031_Pluto_spont_1/training-data/labels/batch04,img001956.png,False,1.0002052783966064,0.05990649000436696,0.39628365635871887,241.58258056640625
1_20251031_Pluto_spont_1/training-data/labels/batch04,img002402.png,False,1.0699903964996338,0.039275083100431624,0.5835062265396118,193.69329833984375
1_20251031_Pluto_spont_1/training-data/labels/batch04,img005094.png,False,0.9210763573646545,0.05535400291372627,0.5705773234367371,206.66390991210938
1_20251031_Pluto_spont_1/training-data/labels/batch04,img005977.png,False,0.8954812288284302,0.033334799738809665,0.702021598815918,229.3498992919922
1_20251031_Pluto_spont_1/training-data/labels/batch04,img006878.png,False,0.9243589043617249,0.049032500572899464,0.25272831320762634,271.4753112792969
1_20251031_Pluto_spont_1/training-data/labels/batch04,img012399.png,False,0.8115993738174438,0.017377193645397675,0.40808284282684326,175.46905517578125
1_20251031_Pluto_spont_1/training-data/labels/batch04,img017669.png,False,0.8868287801742554,0.10527960737000192,0.6638016104698181,189.54522705078125
1_20251031_Pluto_spont_1/training-data/labels/batch04,img018318.png,False,0.6873222589492798,0.07009810967348333,0.6744668483734131,153.44796752929688
1_20251031_Pluto_spont_1/training-data/labels/batch04,img018910.png,False,0.9730128049850464,0.13607789048582586,0.40135735273361206,178.03298950195312
1_20251031_Pluto_spont_1/training-data/labels/batch04,img021610.png,False,0.8606123328208923,0.0679010859999131,0.7846810221672058,267.6751403808594
1_20251031_Pluto_spont_1/training-data/labels/batch04,img034501.png,False,0.9512318968772888,0.042308270559220845,0.6041575074195862,244.51458740234375
1_20251031_Pluto_spont_1/training-data/labels/batch04,img035164.png,False,1.7315003871917725,1.1618690612452145,0.17048600316047668,108.36156463623047
1_20251031_Pluto_spont_1/training-data/labels/batch04,img038829.png,False,0.9589296579360962,0.05073605125148053,0.673693060874939,241.282958984375
1_20251031_Pluto_spont_1/training-data/labels/batch04,img039838.png,False,0.8293630480766296,0.05962419377199369,0.47839561104774475,178.80593872070312
1_20251031_Pluto_spont_1/training-data/labels/batch04,img047624.png,False,0.9102764129638672,0.06987830909614313,0.5492871403694153,199.59274291992188
1_20251031_Pluto_spont_1/training-data/labels/batch04,img047710.png,False,0.8877909779548645,0.05078730485844363,0.5143126249313354,201.91114807128906
1_20251031_Pluto_spont_1/training-data/labels/batch04,img050649.png,False,0.8666957020759583,0.0089004012116181,0.38338950276374817,178.88552856445312
1_20251031_Pluto_spont_1/training-data/labels/batch04,img051591.png,True,0.6438871026039124,0.17724803872057016,0.06190027296543121,375.1776123046875
1_20251031_Pluto_spont_1/training-data/labels/batch04,img051918.png,False,0.8270092010498047,0.11958128782044654,0.3545013964176178,139.3374786376953
1_20251031_Pluto_spont_1/training-data/labels/batch04,img053490.png,False,0.7953158020973206,0.019438901346491226,0.35441842675209045,172.3470916748047
1_20251031_Pluto_spont_1/training-data/labels/batch05,img000034.png,False,0.9899621605873108,0.16427564198522532,0.23334947228431702,260.1404724121094
1_20251031_Pluto_spont_1/training-data/labels/batch05,img002476.png,False,1.1160547733306885,0.07755041743394832,0.6354040503501892,191.70460510253906
1_20251031_Pluto_spont_1/training-data/labels/batch05,img015562.png,False,1.0693475008010864,0.17446385950081078,0.619613766670227,177.48385620117188
1_20251031_Pluto_spont_1/training-data/labels/batch05,img016013.png,False,0.33828005194664,0.40289193538394946,0.41803669929504395,175.3367462158203
1_20251031_Pluto_spont_1/training-data/labels/batch05,img017476.png,False,1.0895620584487915,0.11947592084178187,0.6280601620674133,189.12228393554688
1_20251031_Pluto_spont_1/training-data/labels/batch05,img018208.png,False,0.8671088218688965,0.07781178432159727,0.45274674892425537,118.06033325195312
1_20251031_Pluto_spont_1/training-data/labels/batch05,img020449.png,False,0.916532576084137,0.02251423029875386,0.8092976212501526,271.1366271972656
1_20251031_Pluto_spont_1/training-data/labels/batch05,img020580.png,False,0.8616077303886414,0.03870434946725313,0.8585551977157593,265.3937683105469
1_20251031_Pluto_spont_1/training-data/labels/batch05,img021999.png,False,0.9540649056434631,0.0493492955626041,0.5185761451721191,252.8130340576172
1_20251031_Pluto_spont_1/training-data/labels/batch05,img024107.png,False,0.9374457001686096,0.2413053372477287,0.48397234082221985,155.0545196533203
1_20251031_Pluto_spont_1/training-data/labels/batch05,img032325.png,False,0.8818451762199402,0.12209541867646066,0.3639445900917053,187.20655822753906
1_20251031_Pluto_spont_1/training-data/labels/batch05,img034372.png,False,0.8927780389785767,0.09964239652804115,0.6382012963294983,240.7976531982422
1_20251031_Pluto_spont_1/training-data/labels/batch05,img034754.png,False,0.8005983829498291,0.09780948667258017,0.46570539474487305,210.51898193359375
1_20251031_Pluto_spont_1/training-data/labels/batch05,img036686.png,False,0.7486425042152405,0.03327362485884699,0.5039148926734924,178.12200927734375
1_20251031_Pluto_spont_1/training-data/labels/batch05,img037174.png,False,1.0221043825149536,0.1773076287957405,0.41263940930366516,181.40562438964844
1_20251031_Pluto_spont_1/training-data/labels/batch05,img037328.png,False,0.9316173791885376,0.12094574533007746,0.518852949142456,179.3296356201172
1_20251031_Pluto_spont_1/training-data/labels/batch05,img040546.png,False,1.0637147426605225,0.1821486932565323,0.422973096370697,186.178466796875
1_20251031_Pluto_spont_1/training-data/labels/batch05,img047132.png,True,1.1885879039764404,0.7826442239930164,0.1152794137597084,273.8211669921875
1_20251031_Pluto_spont_1/training-data/labels/batch05,img050895.png,False,0.850568413734436,0.041248535753793655,0.5133980512619019,240.37875366210938
1_20251031_Pluto_spont_1/training-data/labels/batch05,img056474.png,False,0.6613234281539917,0.07638045019708088,0.5442054867744446,146.3087921142578
1_20251031_Pluto_spont_1/training-data/labels/batch06,img000138.png,False,0.8318192656304114,0.21093435599435947,0.2723643481731415,253.3878871184482
1_20251031_Pluto_spont_1/training-data/labels/batch06,img002820.png,False,1.0052277486372436,0.08646963290994734,0.6425758004188538,201.6162215158291
1_20251031_Pluto_spont_1/training-data/labels/batch06,img004165.png,True,1.1923836871684335,0.11715915689806203,0.31751903891563416,181.38299743221307
1_20251031_Pluto_spont_1/training-data/labels/batch06,img007221.png,False,0.9131872933751528,0.009675990363659731,0.6221645474433899,275.3770953375053
1_20251031_Pluto_spont_1/training-data/labels/batch06,img012867.png,False,0.7881592346877151,0.026527225410530913,0.528379499912262,178.9810517705089
1_20251031_Pluto_spont_1/training-data/labels/batch06,img016313.png,False,0.8267301755164254,0.029753075020232472,0.5652570128440857,177.80370665940603
1_20251031_Pluto_spont_1/training-data/labels/batch06,img016903.png,True,1.059649146809302,0.19621542882236104,0.5449457764625549,173.62746405537322
1_20251031_Pluto_spont_1/training-data/labels/batch06,img024920.png,False,0.6137885920206088,0.07058348751493845,0.6554571986198425,143.45449189670455
1_20251031_Pluto_spont_1/training-data/labels/batch06,img026069.png,False,0.7539700331826553,0.024861246584483528,0.5722455978393555,181.16049050728813
1_20251031_Pluto_spont_1/training-data/labels/batch06,img030467.png,False,0.8221866203448763,0.022279613235499453,0.7353554964065552,184.3333995590219
1_20251031_Pluto_spont_1/training-data/labels/batch06,img035077.png,False,0.885635576874696,0.03428137351916766,0.5513193607330322,222.46447421845525
1_20251031_Pluto_spont_1/training-data/labels/batch06,img037847.png,False,0.9231594405625859,0.11231027681762061,0.5826312303543091,177.69916175880752
1_20251031_Pluto_spont_1/training-data/labels/batch06,img038396.png,False,0.6442913779684046,0.09491633136811999,0.6404111981391907,153.00326168961064
1_20251031_Pluto_spont_1/training-data/labels/batch06,img040162.png,False,0.8282388436560497,0.028041911405451477,0.46059510111808777,177.67313333901004
1_20251031_Pluto_spont_1/training-data/labels/batch06,img043336.png,False,0.765708465516847,0.015008954718366076,0.5071055293083191,181.41175524692332
1_20251031_Pluto_spont_1/training-data/labels/batch06,img043579.png,False,0.7718218641205667,0.019121375568780307,0.5916319489479065,179.9008063433033
1_20251031_Pluto_spont_1/training-data/labels/batch06,img043688.png,False,0.8073124357193122,0.03373220721838292,0.534809947013855,175.19303017354426
1_20251031_Pluto_spont_1/training-data/labels/batch06,img044994.png,False,0.4177381253728666,0.21504767660548735,0.35439321398735046,126.36624760810692
1_20251031_Pluto_spont_1/training-data/labels/batch06,img051521.png,False,0.8650252613523804,0.057342889200988165,0.8405871391296387,198.87435138539612
1_20251031_Pluto_spont_1/training-data/labels/batch06,img052816.png,False,0.7375095440279542,0.02382505723237417,0.5973396301269531,148.05379202858603
1_20251031_Pluto_spont_1/training-data/labels/batch07,img000309.png,False,0.8975415825843811,0.08713606066909871,0.5586215257644653,180.42442321777344
1_20251031_Pluto_spont_1/training-data/labels/batch07,img004724.png,False,1.0181964635849,0.062200429024986695,0.8674551248550415,221.37301635742188
1_20251031_Pluto_spont_1/training-data/labels/batch07,img005656.png,False,0.940146803855896,0.09046049845262708,0.7009038329124451,221.0533447265625
1_20251031_Pluto_spont_1/training-data/labels/batch07,img006439.png,False,0.6536616683006287,0.05435867281180557,0.3088352382183075,170.2095184326172
1_20251031_Pluto_spont_1/training-data/labels/batch07,img006595.png,False,0.8882148861885071,0.019578837869130616,0.3375565707683563,250.46531677246094
1_20251031_Pluto_spont_1/training-data/labels/batch07,img007074.png,False,0.9200176000595093,0.052826008678116314,0.4355320632457733,268.735595703125
1_20251031_Pluto_spont_1/training-data/labels/batch07,img007135.png,False,0.892584502696991,0.018634380288069238,0.5079396963119507,254.96307373046875
1_20251031_Pluto_spont_1/training-data/labels/batch07,img008941.png,False,0.9194570779800415,0.08508552561178145,0.6736147403717041,230.0781707763672
1_20251031_Pluto_spont_1/training-data/labels/batch07,img009691.png,False,0.9743850827217102,0.11988654470803127,0.7584812045097351,239.34681701660156
1_20251031_Pluto_spont_1/training-data/labels/batch07,img013570.png,False,0.9232841730117798,0.11419347545154043,0.7956735491752625,208.22657775878906
1_20251031_Pluto_spont_1/training-data/labels/batch07,img019422.png,False,1.0481975078582764,0.15059566367024985,0.6090205907821655,178.5457763671875
1_20251031_Pluto_spont_1/training-data/labels/batch07,img029497.png,False,0.896733820438385,0.024887741685567434,0.800588071346283,214.76727294921875
1_20251031_Pluto_spont_1/training-data/labels/batch07,img037545.png,False,0.8428248763084412,0.0559915492924467,0.46764448285102844,181.638916015625
1_20251031_Pluto_spont_1/training-data/labels/batch07,img040044.png,False,0.8238193392753601,0.04119331419047512,0.5140811204910278,182.38528442382812
1_20251031_Pluto_spont_1/training-data/labels/batch07,img044890.png,False,0.8853057622909546,0.030601331360750886,0.8867484331130981,217.0762176513672
1_20251031_Pluto_spont_1/training-data/labels/batch07,img046130.png,False,0.8439372777938843,0.04561100248873422,0.7918215394020081,256.60955810546875
1_20251031_Pluto_spont_1/training-data/labels/batch07,img050072.png,False,0.9612878561019897,0.16212367798573055,0.7088152766227722,194.0579833984375
1_20251031_Pluto_spont_1/training-data/labels/batch07,img051754.png,False,0.8020544052124023,0.12581611573450674,0.4143485426902771,126.61335754394531
1_20251031_Pluto_spont_1/training-data/labels/batch07,img052886.png,False,0.652877151966095,0.06098785409244931,0.6566264033317566,141.56980895996094
1_20251031_Pluto_spont_1/training-data/labels/batch07,img053950.png,False,0.8116317987442017,0.03400807217626679,0.6761994361877441,179.45164489746094
1_20251031_Pluto_spont_1/training-data/labels/test50,img064573.png,False,0.20611472427845,4.704606470225277,0.26621049642562866,231.55677795410156
1_20251031_Pluto_spont_1/training-data/labels/test50,img064719.png,False,0.17435422539710999,1.1042676914103116,0.3212500214576721,360.1226501464844
1_20251031_Pluto_spont_1/training-data/labels/test50,img064865.png,False,0.1280176341533661,1.0829660544518829,0.34648454189300537,364.17724609375
1_20251031_Pluto_spont_1/training-data/labels/test50,img065012.png,False,0.12137053906917572,1.1255391350713355,0.3652087450027466,363.19976806640625
1_20251031_Pluto_spont_1/training-data/labels/test50,img065158.png,False,0.8081124424934387,0.9871390393492206,0.14254681766033173,624.4783935546875
1_20251031_Pluto_spont_1/training-data/labels/test50,img065305.png,False,0.15114860236644745,1.0895290564484645,0.26656845211982727,620.5723876953125
1_20251031_Pluto_spont_1/training-data/labels/test50,img065451.png,False,0.8632171154022217,2.9555228982022537,0.4538809657096863,237.9059295654297
1_20251031_Pluto_spont_1/training-data/labels/test50,img065597.png,False,0.321332186460495,3.798849606222501,0.2868731617927551,365.2618713378906
1_20251031_Pluto_spont_1/training-data/labels/test50,img065744.png,False,0.2026306688785553,1.0492580878777684,0.2431950718164444,621.0327758789062
1_20251031_Pluto_spont_1/training-data/labels/test50,img065890.png,False,0.9770912528038025,2.9189888150702212,0.34110480546951294,254.48036193847656
1_20251031_Pluto_spont_1/training-data/labels/test50,img066037.png,False,0.4431242346763611,0.4768640930496176,0.4250812828540802,255.33447265625
1_20251031_Pluto_spont_1/training-data/labels/test50,img066183.png,False,5.132068634033203,1.5944818362438153,0.13310301303863525,623.521728515625
1_20251031_Pluto_spont_1/training-data/labels/test50,img066329.png,False,0.44133156538009644,0.46922822120711305,0.46904245018959045,238.1672821044922
1_20251031_Pluto_spont_1/training-data/labels/test50,img066476.png,False,0.4631722867488861,0.4661163137670128,0.3908216953277588,268.2037048339844
1_20251031_Pluto_spont_1/training-data/labels/test50,img066622.png,False,0.13152223825454712,4.062310720325011,0.28220319747924805,360.50579833984375
1_20251031_Pluto_spont_1/training-data/labels/test50,img066769.png,False,0.15863581001758575,4.085274045514632,0.14218467473983765,616.1141967773438
1_20251031_Pluto_spont_1/training-data/labels/test50,img066915.png,False,5.07942008972168,4.365614907634672,0.13420751690864563,348.7060546875
1_20251031_Pluto_spont_1/training-data/labels/test50,img067061.png,False,0.5691326856613159,0.0738328161338857,0.19479653239250183,160.69606018066406
1_20251031_Pluto_spont_1/training-data/labels/test50,img067208.png,False,0.10546398162841797,3.7981966990713696,0.226582333445549,627.2061157226562
1_20251031_Pluto_spont_1/training-data/labels/test50,img067354.png,False,1.5692119598388672,4.065086240630926,0.17324334383010864,343.6595764160156
1_20251031_Pluto_spont_1/training-data/labels/test50,img067501.png,False,1.4804649353027344,4.087717567870711,0.2116452157497406,330.6516418457031
1_20251031_Pluto_spont_1/training-data/labels/test50,img067647.png,False,0.2090846598148346,0.8778559493785422,0.13518795371055603,627.3317260742188
1_20251031_Pluto_spont_1/training-data/labels/test50,img067793.png,False,0.4092114567756653,3.485071378390126,0.17817042768001556,625.9228515625
1_20251031_Pluto_spont_1/training-data/labels/test50,img067940.png,False,1.6823927164077759,4.5578052113556575,0.2155320644378662,625.2784423828125
1_20251031_Pluto_spont_1/training-data/labels/test50,img068086.png,False,0.4159701466560364,3.4352703792388897,0.22053714096546173,627.0645751953125
1_20251031_Pluto_spont_1/training-data/labels/test50,img068233.png,False,0.050447408109903336,0.7134520877772075,0.35330823063850403,361.66900634765625
1_20251031_Pluto_spont_1/training-data/labels/test50,img068379.png,False,0.2640947699546814,4.168379053755817,0.19538509845733643,619.4244995117188
1_20251031_Pluto_spont_1/training-data/labels/test50,img068526.png,False,0.047230154275894165,1.1147623029594362,0.36857113242149353,240.70347595214844
1_20251031_Pluto_spont_1/training-data/labels/test50,img068672.png,False,0.2108021080493927,4.077388513668572,0.412700355052948,352.1419372558594
1_20251031_Pluto_spont_1/training-data/labels/test50,img068818.png,False,0.09925246983766556,1.1175474474168803,0.3323383629322052,349.76031494140625
1_20251031_Pluto_spont_1/training-data/labels/test50,img068965.png,False,0.13136093318462372,1.074197200355474,0.24964196979999542,619.826904296875
1_20251031_Pluto_spont_1/training-data/labels/test50,img069111.png,False,0.16978777945041656,1.0229096686051304,0.3202325105667114,357.63720703125
1_20251031_Pluto_spont_1/training-data/labels/test50,img069258.png,False,0.15253862738609314,1.001036202020425,0.4546920657157898,356.5372009277344
1_20251031_Pluto_spont_1/training-data/labels/test50,img069404.png,False,0.16898766160011292,0.9869237065947802,0.26964807510375977,356.712158203125
1_20251031_Pluto_spont_1/training-data/labels/test50,img069550.png,False,0.17002460360527039,1.0055467719478088,0.37989115715026855,370.1292419433594
1_20251031_Pluto_spont_1/training-data/labels/test50,img069697.png,False,0.2552444338798523,0.7019345104699525,0.3252008557319641,249.69639587402344
1_20251031_Pluto_spont_1/training-data/labels/test50,img069843.png,False,0.4662299156188965,0.4745906786783883,0.27761536836624146,255.7564239501953
1_20251031_Pluto_spont_1/training-data/labels/test50,img069990.png,False,0.15464915335178375,0.9952330666231298,0.20390921831130981,626.803955078125
1_20251031_Pluto_spont_1/training-data/labels/test50,img070136.png,False,0.1551162153482437,1.0008706272535504,0.3286370635032654,364.279052734375
1_20251031_Pluto_spont_1/training-data/labels/test50,img070282.png,False,0.40084540843963623,3.8628409327364785,0.4405145049095154,360.8288879394531
1_20251031_Pluto_spont_1/training-data/labels/test50,img070429.png,False,0.5126134753227234,0.4887751294159271,0.31597036123275757,251.15353393554688
1_20251031_Pluto_spont_1/training-data/labels/test50,img070575.png,False,5.9879469871521,5.252188053486902,0.08419474959373474,368.23284912109375
1_20251031_Pluto_spont_1/training-data/labels/test50,img070722.png,False,0.16875293850898743,1.0056090255672647,0.4780009388923645,359.53521728515625
1_20251031_Pluto_spont_1/training-data/labels/test50,img070868.png,False,0.20329859852790833,0.9430975363418701,0.30664604902267456,361.8542785644531
1_20251031_Pluto_spont_1/training-data/labels/test50,img071014.png,False,1.764880657196045,4.563146370926583,0.13582657277584076,341.35198974609375
1_20251031_Pluto_spont_1/training-data/labels/test50,img071161.png,False,0.7744020223617554,0.9473483486711733,0.24819086492061615,331.8692321777344
1_20251031_Pluto_spont_1/training-data/labels/test50,img071307.png,False,1.0143896341323853,2.806920244962325,0.3045806884765625,254.4115753173828
1_20251031_Pluto_spont_1/training-data/labels/test50,img071454.png,False,0.360758513212204,3.945032918269722,0.23896004259586334,624.5656127929688
1_20251031_Pluto_spont_1/training-data/labels/test50,img071600.png,False,4.072754383087158,9.52870566930435,0.15376153588294983,631.4288940429688
1_20251031_Pluto_spont_1/training-data/labels/test50,img071747.png,False,0.8944315314292908,1.1675472855156266,0.1584920585155487,633.4391479492188
1_20251031_Pluto_spont_1/training-data/labels/val20,img057278.png,False,4.235391139984131,23.51363147526484,0.2321767956018448,375.6231994628906
1_20251031_Pluto_spont_1/training-data/labels/val20,img057655.png,False,0.18386971950531006,0.8291551188425121,0.459891140460968,384.0610656738281
1_20251031_Pluto_spont_1/training-data/labels/val20,img058033.png,False,0.451762855052948,0.4954589978626976,0.6461315751075745,282.751708984375
1_20251031_Pluto_spont_1/training-data/labels/val20,img058410.png,False,0.4178997576236725,0.47052381877346866,0.5657163262367249,277.0073547363281
1_20251031_Pluto_spont_1/training-data/labels/val20,img058788.png,False,0.19483359158039093,0.5952663103815685,0.2145833671092987,270.801025390625
1_20251031_Pluto_spont_1/training-data/labels/val20,img059165.png,False,0.5111824870109558,0.4677387708959061,0.41355252265930176,262.5447082519531
1_20251031_Pluto_spont_1/training-data/labels/val20,img059543.png,False,0.970882773399353,2.7084662252125002,0.2350192666053772,266.65887451171875
1_20251031_Pluto_spont_1/training-data/labels/val20,img059921.png,False,2.817812442779541,8.037042728273867,0.3869765102863312,265.1134948730469
1_20251031_Pluto_spont_1/training-data/labels/val20,img060298.png,False,0.9634283781051636,2.7613832320376264,0.48285165429115295,261.9630126953125
1_20251031_Pluto_spont_1/training-data/labels/val20,img060676.png,False,0.9276777505874634,2.689092748752556,0.3977871537208557,264.6996154785156
1_20251031_Pluto_spont_1/training-data/labels/val20,img061053.png,False,0.5873573422431946,0.23142010502223548,0.11471354216337204,641.1522216796875
1_20251031_Pluto_spont_1/training-data/labels/val20,img061431.png,False,0.18777763843536377,0.6402091608206258,0.3376190662384033,236.0844268798828
1_20251031_Pluto_spont_1/training-data/labels/val20,img061808.png,False,0.45645371079444885,0.5143213369251961,0.43615633249282837,290.2261047363281
1_20251031_Pluto_spont_1/training-data/labels/val20,img062186.png,False,4.735593795776367,1.9554523347407025,0.11912365257740021,438.1358642578125
1_20251031_Pluto_spont_1/training-data/labels/val20,img062564.png,False,2.752107620239258,1.9999635662622166,0.10089971125125885,625.168212890625
1_20251031_Pluto_spont_1/training-data/labels/val20,img062941.png,False,0.3473930358886719,0.5659874944932416,0.27469152212142944,203.98179626464844
1_20251031_Pluto_spont_1/training-data/labels/val20,img063319.png,False,0.20596690475940704,0.6138471039129579,0.34398990869522095,244.10186767578125
1_20251031_Pluto_spont_1/training-data/labels/val20,img063696.png,False,0.07310032844543457,0.716795204229611,0.18866044282913208,369.058349609375
1_20251031_Pluto_spont_1/training-data/labels/val20,img064074.png,False,0.4633358120918274,0.45672160804143613,0.1847933679819107,326.3025817871094
1_20251031_Pluto_spont_1/training-data/labels/val20,img064452.png,False,0.4282822608947754,0.5114281088350568,0.3891270160675049,248.1437225341797
2_pluton2/training-data/labels/batch01,img005325.png,False,0.8296077251434326,0.04203743293297223,0.3869539201259613,192.41749572753906
2_pluton2/training-data/labels/batch01,img005530.png,False,0.8321549296379089,0.025991897197828268,0.5962271094322205,179.6608123779297
2_pluton2/training-data/labels/batch01,img008385.png,False,0.7889752388000488,0.03967886096599472,0.272417277097702,164.8544921875
2_pluton2/training-data/labels/batch01,img011675.png,False,0.8693191409111023,0.05462586988565977,0.4495778977870941,235.44639587402344
2_pluton2/training-data/labels/batch01,img014080.png,False,0.8256738185882568,0.002891575490896323,0.4896281659603119,175.40338134765625
2_pluton2/training-data/labels/batch01,img015470.png,False,0.6490341424942017,0.10589828810683774,0.32042673230171204,147.98858642578125
2_pluton2/training-data/labels/batch01,img018430.png,False,0.7630852460861206,0.017217207062414225,0.5304744243621826,164.09161376953125
2_pluton2/training-data/labels/batch01,img021150.png,False,0.5404902696609497,0.061262126642022935,0.11026451736688614,399.3132019042969
2_pluton2/training-data/labels/batch01,img025855.png,False,0.8455510139465332,0.04617790678617954,0.6360510587692261,185.08274841308594
2_pluton2/training-data/labels/batch01,img027220.png,False,0.7545532584190369,0.027365063412758857,0.5530431866645813,164.39781188964844
2_pluton2/training-data/labels/batch01,img027620.png,False,0.8338298201560974,0.07395915652223946,0.5639116764068604,193.70545959472656
2_pluton2/training-data/labels/batch01,img032120.png,False,0.7971874475479126,0.10290312322000299,0.6938539743423462,205.6072540283203
2_pluton2/training-data/labels/batch01,img032585.png,False,0.7372783422470093,0.13864277645556827,0.5896234512329102,211.61497497558594
2_pluton2/training-data/labels/batch01,img032955.png,False,0.8136680126190186,0.04558161289808046,0.08917236328125,224.35623168945312
2_pluton2/training-data/labels/batch01,img037235.png,False,0.7990284562110901,0.08456003720364588,0.45967575907707214,223.97161865234375
2_pluton2/training-data/labels/batch01,img042640.png,False,0.8209161162376404,0.04268270278064338,0.43515995144844055,190.4808807373047
2_pluton2/training-data/labels/batch01,img049720.png,False,0.9626927375793457,0.10702078076211548,0.1379297822713852,209.45767211914062
2_pluton2/training-data/labels/batch01,img052250.png,False,0.7608985304832458,0.08586385059180279,0.16270408034324646,250.7969512939453
2_pluton2/training-data/labels/batch01,img054470.png,False,0.8111785054206848,0.01748525216280012,0.5899348258972168,184.6741485595703
2_pluton2/training-data/labels/batch01,img055660.png,False,0.8750736713409424,0.020815676219282382,0.76658034324646,194.13682556152344
2_pluton2/training-data/labels/batch02,img004743.png,False,0.6233351826667786,0.08232649441527015,0.5655270218849182,146.87060546875
2_pluton2/training-data/labels/batch02,img006064.png,False,0.7613425254821777,0.10445924626541266,0.586182713508606,206.2264862060547
2_pluton2/training-data/labels/batch02,img006427.png,False,0.781658411026001,0.17186327555483558,0.2699055075645447,113.84918975830078
2_pluton2/training-data/labels/batch02,img013231.png,False,0.7343869209289551,0.10950280701700237,0.5715752243995667,192.4643096923828
2_pluton2/training-data/labels/batch02,img015165.png,False,0.5850597620010376,0.13403631999178717,0.36276695132255554,138.71035766601562
2_pluton2/training-data/labels/batch02,img016666.png,False,0.684116542339325,0.1534791633625537,0.43080389499664307,192.69451904296875
2_pluton2/training-data/labels/batch02,img020908.png,True,0.7956399917602539,0.014518986899761829,0.011854627169668674,169.9154510498047
2_pluton2/training-data/labels/batch02,img022840.png,True,0.951147735118866,0.1327161439532768,0.4704892039299011,165.2563934326172
2_pluton2/training-data/labels/batch02,img026425.png,False,0.8565549254417419,0.048418589495639756,0.5146582722663879,176.48435974121094
2_pluton2/training-data/labels/batch02,img027143.png,False,0.6497555375099182,0.05511772806300414,0.5513020753860474,150.90594482421875
2_pluton2/training-data/labels/batch02,img027893.png,False,0.7732945084571838,0.10637408469113431,0.5676282048225403,206.83892822265625
2_pluton2/training-data/labels/batch02,img028146.png,True,10.419838905334473,10.652705496275718,0.01849067024886608,471.3403625488281
2_pluton2/training-data/labels/batch02,img030883.png,False,0.6690892577171326,0.055249619208392,0.46053919196128845,156.7227325439453
2_pluton2/training-data/labels/batch02,img032680.png,False,0.8013564944267273,0.10293718560637113,0.3297727108001709,228.41188049316406
2_pluton2/training-data/labels/batch02,img032803.png,False,1.1781738996505737,1.6558107794706811,0.43196097016334534,204.2963409423828
2_pluton2/training-data/labels/batch02,img040046.png,False,0.789799690246582,0.03309450390384801,0.6274434328079224,177.52964782714844
2_pluton2/training-data/labels/batch02,img049183.png,False,0.7507702112197876,0.10870011060579247,0.2988055348396301,243.40069580078125
2_pluton2/training-data/labels/batch02,img049815.png,False,0.7731848359107971,0.05795589540006917,0.624727189540863,219.97303771972656
2_pluton2/training-data/labels/batch02,img051846.png,False,0.7371516823768616,0.04520812483321781,0.24610203504562378,215.84408569335938
2_pluton2/training-data/labels/batch02,img054637.png,False,0.8112463355064392,0.03619594248927572,0.6064264178276062,188.1348419189453
2_pluton2/training-data/labels/batch03,img000937.png,False,1.0505282878875732,0.10682356067857421,0.8292062282562256,222.19911193847656
2_pluton2/training-data/labels/batch03,img001712.png,False,0.6481772065162659,0.10007361373772397,0.46261468529701233,172.98023986816406
2_pluton2/training-data/labels/batch03,img002261.png,False,0.749959409236908,0.04155412869089888,0.42702776193618774,159.41249084472656
2_pluton2/training-data/labels/batch03,img002543.png,False,0.6938591599464417,0.1480357329789316,0.5682374238967896,193.52976989746094
2_pluton2/training-data/labels/batch03,img011003.png,False,1.0122270584106445,0.1930406280380727,0.4231308698654175,173.44566345214844
2_pluton2/training-data/labels/batch03,img019966.png,True,1.5280354022979736,4.13574160179031,0.07789254188537598,101.66925811767578
2_pluton2/training-data/labels/batch03,img021076.png,False,2.243692398071289,9.729348554091995,0.046110495924949646,93.83271789550781
2_pluton2/training-data/labels/batch03,img021346.png,True,1.023311972618103,0.19376816677270334,0.2459482103586197,159.24276733398438
2_pluton2/training-data/labels/batch03,img022943.png,True,0.6655876040458679,0.05662724994479169,0.6587057113647461,152.062744140625
2_pluton2/training-data/labels/batch03,img026625.png,False,0.9688378572463989,0.14881046524911376,0.36274150013923645,176.83688354492188
2_pluton2/training-data/labels/batch03,img028990.png,False,0.6939730048179626,0.02209808234013528,0.7583770155906677,154.3011474609375
2_pluton2/training-data/labels/batch03,img035972.png,False,0.7408283352851868,0.0014723535433007983,0.589287519454956,179.85826110839844
2_pluton2/training-data/labels/batch03,img037820.png,False,0.8578291535377502,0.22364661825876275,0.35984838008880615,129.62149047851562
2_pluton2/training-data/labels/batch03,img046762.png,False,0.6155259609222412,0.10899592467936366,0.4662318825721741,162.70614624023438
2_pluton2/training-data/labels/batch03,img047713.png,False,0.8271734714508057,0.05409526483010297,0.7079356908798218,209.83831787109375
2_pluton2/training-data/labels/batch03,img047980.png,True,2.4673190116882324,5.846406210355069,0.0523819774389267,610.6158447265625
2_pluton2/training-data/labels/batch03,img049905.png,False,0.7721796631813049,0.05598109071132828,0.6782264113426208,210.52783203125
2_pluton2/training-data/labels/batch03,img051414.png,False,0.8044607639312744,0.05782532290125967,0.4399084746837616,251.2566680908203
2_pluton2/training-data/labels/batch03,img054235.png,False,0.7421707510948181,0.09770903227430283,0.6308338642120361,203.01437377929688
2_pluton2/training-data/labels/batch03,img054918.png,False,0.7887946367263794,0.06058054978872653,0.5079131722450256,193.72393798828125
2_pluton2/training-data/labels/test50,img064573.png,False,0.8852871060371399,0.03533815238861572,0.29993703961372375,265.33056640625
2_pluton2/training-data/labels/test50,img064719.png,False,1.055124282836914,0.1885964495251506,0.11544734239578247,170.88563537597656
2_pluton2/training-data/labels/test50,img064865.png,False,0.8825308680534363,0.02091984118340442,0.6349864602088928,191.5505828857422
2_pluton2/training-data/labels/test50,img065012.png,False,0.7632396221160889,0.12617552466289247,0.27056875824928284,226.51815795898438
2_pluton2/training-data/labels/test50,img065158.png,False,0.83646559715271,0.05627034010334551,0.5331538915634155,215.4220428466797
2_pluton2/training-data/labels/test50,img065305.png,False,0.794087827205658,0.05327119417408702,0.5278343558311462,189.64974975585938
2_pluton2/training-data/labels/test50,img065451.png,False,0.9104227423667908,0.05499229167926787,0.6043844223022461,204.87533569335938
2_pluton2/training-data/labels/test50,img065597.png,False,0.8965611457824707,0.0244289187714285,0.6835855841636658,189.0726318359375
2_pluton2/training-data/labels/test50,img065744.png,False,0.8981481790542603,0.018269493462151058,0.6058518886566162,204.6216278076172
2_pluton2/training-data/labels/test50,img065890.png,False,0.8815260529518127,0.043207052531023325,0.5060386657714844,209.77687072753906
2_pluton2/training-data/labels/test50,img066037.png,False,0.8825398683547974,0.04254272135624286,0.7084110975265503,209.57444763183594
2_pluton2/training-data/labels/test50,img066183.png,False,0.7688580751419067,0.08400706842130842,0.691316545009613,223.91201782226562
2_pluton2/training-data/labels/test50,img066329.png,False,0.8265853524208069,0.017460512037360217,0.09298444539308548,272.28631591796875
2_pluton2/training-data/labels/test50,img066476.png,False,0.7514572143554688,0.09750131574880629,0.4225901663303375,221.193359375
2_pluton2/training-data/labels/test50,img066622.png,False,0.7605520486831665,0.027753619948204702,0.3321121037006378,247.9721221923828
2_pluton2/training-data/labels/test50,img066769.png,False,0.9489201307296753,0.050253405489072374,0.5217770934104919,208.61802673339844
2_pluton2/training-data/labels/test50,img066915.png,False,0.7570172548294067,0.10062092331474651,0.5319347381591797,222.94334411621094
2_pluton2/training-data/labels/test50,img067061.png,False,0.9477968215942383,0.058141733019500576,0.48164820671081543,220.10264587402344
2_pluton2/training-data/labels/test50,img067208.png,False,0.7439442873001099,0.09035668303746526,0.670830488204956,227.25454711914062
2_pluton2/training-data/labels/test50,img067354.png,False,0.8233945965766907,0.07552133895353833,0.4488126337528229,239.94467163085938
2_pluton2/training-data/labels/test50,img067501.png,False,0.8122789859771729,0.20259276696047168,0.2613355815410614,255.197998046875
2_pluton2/training-data/labels/test50,img067647.png,False,0.6304506063461304,0.44127527452178306,0.1743825376033783,240.7899932861328
2_pluton2/training-data/labels/test50,img067793.png,False,1.0116817951202393,0.05356791890147522,0.24393242597579956,244.38047790527344
2_pluton2/training-data/labels/test50,img067940.png,False,0.7617137432098389,0.18205252084045165,0.3441102206707001,277.0921325683594
2_pluton2/training-data/labels/test50,img068086.png,False,0.5999038219451904,0.4898149104733868,0.46640002727508545,285.2015075683594
2_pluton2/training-data/labels/test50,img068233.png,False,0.730143666267395,0.1653857743524862,0.2018834948539734,248.34388732910156
2_pluton2/training-data/labels/test50,img068379.png,False,0.6000007390975952,0.46763989223253166,0.3030293881893158,283.9372253417969
2_pluton2/training-data/labels/test50,img068526.png,False,0.9699745178222656,0.12066417752910094,0.23951037228107452,240.79705810546875
2_pluton2/training-data/labels/test50,img068672.png,False,0.7421386241912842,0.04670793488479746,0.3662468194961548,247.10362243652344
2_pluton2/training-data/labels/test50,img068818.png,False,0.740265965461731,0.059825037148554826,0.3376469612121582,242.80548095703125
2_pluton2/training-data/labels/test50,img068965.png,False,0.7928881645202637,0.12400960100238094,0.38617053627967834,275.91217041015625
2_pluton2/training-data/labels/test50,img069111.png,False,0.8154558539390564,0.08619075819235861,0.2706412374973297,259.87823486328125
2_pluton2/training-data/labels/test50,img069258.png,False,0.738246500492096,0.04398813053854364,0.2371838390827179,264.864501953125
2_pluton2/training-data/labels/test50,img069404.png,True,1.0351529121398926,0.08798744822175958,0.225455641746521,114.10303497314453
2_pluton2/training-data/labels/test50,img069550.png,False,1.0142757892608643,0.11543676526818947,0.3026551306247711,207.62112426757812
2_pluton2/training-data/labels/test50,img069697.png,False,0.6985151171684265,0.18717386069336409,0.49331793189048767,233.9169921875
2_pluton2/training-data/labels/test50,img069843.png,False,0.754237711429596,0.0732748604351435,0.189397394657135,243.54225158691406
2_pluton2/training-data/labels/test50,img069990.png,False,0.9879634380340576,0.08373599908627012,0.47057870030403137,219.62490844726562
2_pluton2/training-data/labels/test50,img070136.png,False,0.7539126873016357,0.0883153040615182,0.32875174283981323,227.8530731201172
2_pluton2/training-data/labels/test50,img070282.png,False,0.7503025531768799,0.08560846008874474,0.5613323450088501,212.73699951171875
2_pluton2/training-data/labels/test50,img070429.png,False,1.022190809249878,0.08178003408196748,0.4768761694431305,217.83934020996094
2_pluton2/training-data/labels/test50,img070575.png,False,0.8713209629058838,0.023717160277238865,0.2889346182346344,210.77371215820312
2_pluton2/training-data/labels/test50,img070722.png,False,0.9426215291023254,0.03174810213012642,0.44224900007247925,201.57138061523438
2_pluton2/training-data/labels/test50,img070868.png,False,0.8327707648277283,0.009059284014411327,0.3918425738811493,187.54881286621094
2_pluton2/training-data/labels/test50,img071014.png,False,0.7756785750389099,0.004950531190227762,0.5449732542037964,168.1562042236328
2_pluton2/training-data/labels/test50,img071161.png,False,0.7773565649986267,0.02856402283110856,0.33737263083457947,176.15740966796875
2_pluton2/training-data/labels/test50,img071307.png,False,0.8836493492126465,0.016794090964314383,0.6665520668029785,195.64859008789062
2_pluton2/training-data/labels/test50,img071454.png,False,0.8765172958374023,0.013426221607269046,0.5576558709144592,188.83331298828125
2_pluton2/training-data/labels/test50,img071600.png,False,0.9178416728973389,0.03228471415637995,0.48964908719062805,206.13241577148438
2_pluton2/training-data/labels/test50,img071747.png,False,0.8406326174736023,0.02816152791488122,0.24766741693019867,185.92591857910156
2_pluton2/training-data/labels/val20,img057278.png,False,0.9307875037193298,0.05253974032211261,0.4892917275428772,221.58786010742188
2_pluton2/training-data/labels/val20,img057655.png,False,0.7381013631820679,0.10446670010946962,0.5970595479011536,234.5361785888672
2_pluton2/training-data/labels/val20,img058033.png,False,0.8270977139472961,0.07092512569928298,0.7255771160125732,240.81570434570312
2_pluton2/training-data/labels/val20,img058410.png,False,0.5126014351844788,0.5993707351487516,0.07938699424266815,324.28656005859375
2_pluton2/training-data/labels/val20,img058788.png,False,0.7387373447418213,0.09864797597357955,0.1823907345533371,250.9402618408203
2_pluton2/training-data/labels/val20,img059165.png,False,0.790396511554718,0.05776326685694566,0.43423357605934143,287.74468994140625
2_pluton2/training-data/labels/val20,img059543.png,False,0.8030815124511719,0.05028882583906395,0.20980921387672424,254.7654266357422
2_pluton2/training-data/labels/val20,img059921.png,False,0.9388424158096313,0.03536233650228012,0.25052323937416077,230.9987335205078
2_pluton2/training-data/labels/val20,img060298.png,False,0.805206835269928,0.06567345875943378,0.44813933968544006,208.3778076171875
2_pluton2/training-data/labels/val20,img060676.png,False,0.7790838479995728,0.06744661839224682,0.4769477844238281,220.99147033691406
2_pluton2/training-data/labels/val20,img061053.png,False,0.8479124903678894,0.021831069773996372,0.4755658805370331,193.87249755859375
2_pluton2/training-data/labels/val20,img061431.png,False,0.9161040186882019,0.04107427137766189,0.28932443261146545,205.06849670410156
2_pluton2/training-data/labels/val20,img061808.png,False,0.8716623187065125,0.023113482724920156,0.6325498819351196,203.44297790527344
2_pluton2/training-data/labels/val20,img062186.png,False,0.8228635191917419,0.020677185049799467,0.6154561042785645,190.5452880859375
2_pluton2/training-data/labels/val20,img062564.png,False,0.8997084498405457,0.04496162336422487,0.639014720916748,208.5183868408203
2_pluton2/training-data/labels/val20,img062941.png,False,0.9066810607910156,0.03195305263910331,0.5980836749076843,203.68023681640625
2_pluton2/training-data/labels/val20,img063319.png,False,0.9581927061080933,0.09120841552429984,0.6808148622512817,246.9916534423828
2_pluton2/training-data/labels/val20,img063696.png,False,0.9492065906524658,0.06421745921780962,0.5067687034606934,222.37127685546875
2_pluton2/training-data/labels/val20,img064074.png,False,0.876928985118866,0.018913721804038996,0.6378668546676636,200.66534423828125
2_pluton2/training-data/labels/val20,img064452.png,False,0.8983018398284912,0.047901354277135016,0.7267686128616333,212.6590576171875
3_pluto3/training-data/labels/batch01,img001540.png,False,0.8994758129119873,0.06622320852885925,0.7841469049453735,180.60142517089844
3_pluto3/training-data/labels/batch01,img002255.png,False,0.7917100191116333,0.07271557793791901,0.854735255241394,220.1685791015625
3_pluto3/training-data/labels/batch01,img003555.png,False,0.8592951893806458,0.03356428583707414,0.8605107665061951,201.26475524902344
3_pluto3/training-data/labels/batch01,img011310.png,False,0.6498183608055115,0.06343501616853124,0.7570808529853821,148.6594696044922
3_pluto3/training-data/labels/batch01,img014835.png,False,0.7598418593406677,0.005019690912345606,0.6466822028160095,169.12876892089844
3_pluto3/training-data/labels/batch01,img018130.png,False,0.8679592609405518,0.029582885779204503,0.45074138045310974,183.73406982421875
3_pluto3/training-data/labels/batch01,img018265.png,True,0.5993898510932922,0.2988935593687492,0.14956556260585785,88.03337097167969
3_pluto3/training-data/labels/batch01,img020355.png,False,0.9359468817710876,0.03635301981617283,0.8076197504997253,201.99046325683594
3_pluto3/training-data/labels/batch01,img022910.png,False,0.6236158609390259,0.09732435158458454,0.6684154272079468,151.70703125
3_pluto3/training-data/labels/batch01,img025050.png,False,0.8099430203437805,0.006108184318598448,0.8560047745704651,180.3691864013672
3_pluto3/training-data/labels/batch01,img027420.png,False,0.6901732087135315,0.02639879125072422,0.8307135701179504,155.4947967529297
3_pluto3/training-data/labels/batch01,img030590.png,False,0.7184817790985107,0.08828841683331541,0.7422996163368225,204.51766967773438
3_pluto3/training-data/labels/batch01,img031195.png,False,0.6953048706054688,0.10688927865722342,0.6581075191497803,185.4939727783203
3_pluto3/training-data/labels/batch01,img032105.png,False,0.7515926361083984,0.023160782620989796,0.8261659741401672,174.03648376464844
3_pluto3/training-data/labels/batch01,img033185.png,False,0.8358767628669739,0.03442734788914604,0.6456996202468872,226.42588806152344
3_pluto3/training-data/labels/batch01,img042075.png,False,0.6133480668067932,0.08960028228525636,0.7769727110862732,134.16757202148438
3_pluto3/training-data/labels/batch01,img048175.png,False,0.7085139155387878,0.0208064016387398,0.808647871017456,160.05230712890625
3_pluto3/training-data/labels/batch01,img049145.png,False,0.6952419877052307,0.026319476453185567,0.8722822666168213,151.15513610839844
3_pluto3/training-data/labels/batch01,img051490.png,False,0.785196840763092,0.18565248716304583,0.7378991842269897,128.11602783203125
3_pluto3/training-data/labels/batch01,img053305.png,False,0.7312712073326111,0.18963753587523893,0.5559118986129761,114.06852722167969
