model,step,losses/train.total_loss,losses/eval.total_loss,metrics/test.mAP,metrics/test.rmse
HRNet-W18,1,0.0150965675711631,,,
HRNet-W18,2,0.0143636614084243,,,
HRNet-W18,3,0.0138991847634315,,,
HRNet-W18,4,0.0131195439025759,,,
HRNet-W18,5,0.0128504382446408,,,
HRNet-W18,6,0.0126940300688147,,,
HRNet-W18,7,0.0121000930666923,,,
HRNet-W18,8,0.011955976486206,,,
HRNet-W18,9,0.0119048580527305,,,
HRNet-W18,10,0.0115689793601632,0.0105356769636273,75.74257425742574,30.51393432617187
HRNet-W18,11,0.0117321582511067,,,
HRNet-W18,12,0.0113017605617642,,,
HRNet-W18,13,0.011089488863945,,,
HRNet-W18,14,0.0113575281575322,,,
HRNet-W18,15,0.0109421527013182,,,
HRNet-W18,16,0.0110258487984538,,,
HRNet-W18,17,0.0109319388866424,,,
HRNet-W18,18,0.0108212800696492,,,
HRNet-W18,19,0.0108624948188662,,,
HRNet-W18,20,0.0106507567688822,0.009136876091361,94.05940594059405,16.093873596191408
HRNet-W18,21,0.0109200105071067,,,
HRNet-W18,22,0.0107093462720513,,,
HRNet-W18,23,0.0102465646341443,,,
HRNet-W18,24,0.0101582081988453,,,
HRNet-W18,25,0.0104465521872043,,,
HRNet-W18,26,0.0102426158264279,,,
HRNet-W18,27,0.0102355675771832,,,
HRNet-W18,28,0.0101576289162039,,,
HRNet-W18,29,0.0104462504386901,,,
HRNet-W18,30,0.0099345436319708,0.0086033614352345,76.5990099009901,27.8481201171875
HRNet-W18,31,0.0098074041306972,,,
HRNet-W18,32,0.0102128693833947,,,
HRNet-W18,33,0.0102343615144491,,,
HRNet-W18,34,0.0099949976429343,,,
HRNet-W18,35,0.0097601190209388,,,
HRNet-W18,36,0.0100467056035995,,,
HRNet-W18,37,0.0102666215971112,,,
HRNet-W18,38,0.0100111030042171,,,
HRNet-W18,39,0.0098692113533616,,,
HRNet-W18,40,0.0095008639618754,0.0084578413516283,98.01980198019804,12.765338134765624
HRNet-W18,41,0.0096749104559421,,,
HRNet-W18,42,0.0096401060000061,,,
HRNet-W18,43,0.0095257395878434,,,
HRNet-W18,44,0.0098134288564324,,,
HRNet-W18,45,0.0100451000034809,,,
HRNet-W18,46,0.0094852102920413,,,
HRNet-W18,47,0.0095622139051556,,,
HRNet-W18,48,0.0097873723134398,,,
HRNet-W18,49,0.0095259705558419,,,
HRNet-W18,50,0.0093448180705308,0.0091646630316972,98.01980198019804,14.12731475830078
HRNet-W18,51,0.0097834719344973,,,
HRNet-W18,52,0.009386139921844,,,
HRNet-W18,53,0.0093284016475081,,,
HRNet-W18,54,0.0093246167525649,,,
HRNet-W18,55,0.0095064938068389,,,
HRNet-W18,56,0.0093975448980927,,,
HRNet-W18,57,0.0096256667748093,,,
HRNet-W18,58,0.0090502938255667,,,
HRNet-W18,59,0.0092914896085858,,,
HRNet-W18,60,0.0089992731809616,0.0080225663259625,98.01980198019804,12.1997314453125
HRNet-W18,61,0.0098154479637742,,,
HRNet-W18,62,0.009398384951055,,,
HRNet-W18,63,0.0094125466421246,,,
HRNet-W18,64,0.0093986503779888,,,
HRNet-W18,65,0.0089331688359379,,,
HRNet-W18,66,0.0092275077477097,,,
HRNet-W18,67,0.0091174282133579,,,
HRNet-W18,68,0.0093725956976413,,,
HRNet-W18,69,0.0090203061699867,,,
HRNet-W18,70,0.0093353847041726,0.008403230458498,98.01980198019804,12.468411254882811
HRNet-W18,71,0.0091322036460042,,,
HRNet-W18,72,0.009056712500751,,,
HRNet-W18,73,0.0089527228847146,,,
HRNet-W18,74,0.0087260296568274,,,
HRNet-W18,75,0.0092990128323435,,,
HRNet-W18,76,0.0092013012617826,,,
HRNet-W18,77,0.0091023845598101,,,
HRNet-W18,78,0.0093021150678396,,,
HRNet-W18,79,0.0089462958276271,,,
HRNet-W18,80,0.0093109281733632,0.0084782037883996,98.01980198019804,12.004064178466797
HRNet-W18,81,0.0091270739212632,,,
HRNet-W18,82,0.0092274565249681,,,
HRNet-W18,83,0.0089855780825018,,,
HRNet-W18,84,0.008514548651874,,,
HRNet-W18,85,0.0091582862660288,,,
HRNet-W18,86,0.0090008592233061,,,
HRNet-W18,87,0.0088604465126991,,,
HRNet-W18,88,0.0091194445267319,,,
HRNet-W18,89,0.0087922476232051,,,
HRNet-W18,90,0.0088185323402285,0.0085272705182433,98.01980198019804,12.6242919921875
HRNet-W18,91,0.0090599507093429,,,
HRNet-W18,92,0.0093110054731369,,,
HRNet-W18,93,0.00859444309026,,,
HRNet-W18,94,0.0087846750393509,,,
HRNet-W18,95,0.0090126069262623,,,
HRNet-W18,96,0.0086561758071184,,,
HRNet-W18,97,0.0085994852706789,,,
HRNet-W18,98,0.0083591407164931,,,
HRNet-W18,99,0.0086194286122918,,,
HRNet-W18,100,0.0086293136700987,0.0082534719258546,98.01980198019804,12.148052215576172
HRNet-W18,101,0.0091003784909844,,,
HRNet-W18,102,0.0089406557381153,,,
HRNet-W18,103,0.0086866356432437,,,
HRNet-W18,104,0.0088026328012347,,,
HRNet-W18,105,0.0087008932605385,,,
HRNet-W18,106,0.0085885440930724,,,
HRNet-W18,107,0.0085651399567723,,,
HRNet-W18,108,0.0085858153179287,,,
HRNet-W18,109,0.0082730697467923,,,
HRNet-W18,110,0.0084274597465991,0.0085907485336065,98.01980198019804,12.64481201171875
HRNet-W18,111,0.0085807340219616,,,
HRNet-W18,112,0.0083279954269528,,,
HRNet-W18,113,0.0087388344109058,,,
HRNet-W18,114,0.0081240618601441,,,
HRNet-W18,115,0.0081905731931328,,,
HRNet-W18,116,0.0084143122658133,,,
HRNet-W18,117,0.0079776318743824,,,
HRNet-W18,118,0.0082339281216263,,,
HRNet-W18,119,0.0084545603021979,,,
HRNet-W18,120,0.0083112185820937,0.008490334264934,98.01980198019804,13.080119323730468
HRNet-W18,121,0.0082499803975224,,,
HRNet-W18,122,0.0083425948396325,,,
HRNet-W18,123,0.0084782112389802,,,
HRNet-W18,124,0.0080710910260677,,,
HRNet-W18,125,0.0081790229305624,,,
HRNet-W18,126,0.0082071758806705,,,
HRNet-W18,127,0.0079903891310095,,,
HRNet-W18,128,0.0076402351260185,,,
HRNet-W18,129,0.0079395258799195,,,
HRNet-W18,130,0.0080881780013442,0.0084189008921384,98.01980198019804,12.604863739013672
HRNet-W18,131,0.0082251103594899,,,
HRNet-W18,132,0.0082829324528574,,,
HRNet-W18,133,0.0082086371257901,,,
HRNet-W18,134,0.0080147786065936,,,
HRNet-W18,135,0.0080740032717585,,,
HRNet-W18,136,0.0079320780932903,,,
HRNet-W18,137,0.0077713443897664,,,
HRNet-W18,138,0.0078996578231453,,,
HRNet-W18,139,0.0075374715961515,,,
HRNet-W18,140,0.0077106109820306,0.0090935286134481,96.03960396039604,13.953742980957031
HRNet-W18,141,0.007969656959176,,,
HRNet-W18,142,0.0078678000718355,,,
HRNet-W18,143,0.0075549148023128,,,
HRNet-W18,144,0.0074583576060831,,,
HRNet-W18,145,0.0078986324369907,,,
HRNet-W18,146,0.0075810700654983,,,
HRNet-W18,147,0.0079026808962225,,,
HRNet-W18,148,0.0076408819295465,,,
HRNet-W18,149,0.0077428393997251,,,
HRNet-W18,150,0.0077350684441626,0.0098080364987254,96.03960396039604,15.294113159179688
HRNet-W18,151,0.0072869560681283,,,
HRNet-W18,152,0.0074586081318557,,,
HRNet-W18,153,0.0076787122525274,,,
HRNet-W18,154,0.0078242123126983,,,
HRNet-W18,155,0.0076689985580742,,,
HRNet-W18,156,0.0072564124129712,,,
HRNet-W18,157,0.0078241564333438,,,
HRNet-W18,158,0.0074863098561763,,,
HRNet-W18,159,0.0073217242024838,,,
HRNet-W18,160,0.0073634199798107,0.0098529383540153,90.85148514851484,16.108192443847656
HRNet-W18,161,0.0071519701741635,,,
HRNet-W18,162,0.0069122430868446,,,
HRNet-W18,163,0.0067056487314403,,,
HRNet-W18,164,0.0068760006688535,,,
HRNet-W18,165,0.0067014931701123,,,
HRNet-W18,166,0.0064087291248142,,,
HRNet-W18,167,0.0066280360333621,,,
HRNet-W18,168,0.0064767091535031,,,
HRNet-W18,169,0.0065666618756949,,,
HRNet-W18,170,0.0062758228741586,0.0091896001249551,97.22772277227722,13.125282287597656
HRNet-W18,171,0.0060847043059766,,,
HRNet-W18,172,0.006288718432188,,,
HRNet-W18,173,0.0063092052005231,,,
HRNet-W18,174,0.006065531168133,,,
HRNet-W18,175,0.0064031793735921,,,
HRNet-W18,176,0.0063317962922155,,,
HRNet-W18,177,0.006352340336889,,,
HRNet-W18,178,0.0060897902585566,,,
HRNet-W18,179,0.0063378852792084,,,
HRNet-W18,180,0.0064210188575088,0.0093910349532961,93.66336633663369,14.288479614257811
HRNet-W18,181,0.0058821775019168,,,
HRNet-W18,182,0.0064948587678372,,,
HRNet-W18,183,0.0060601863078773,,,
HRNet-W18,184,0.005965469405055,,,
HRNet-W18,185,0.0062087099067866,,,
HRNet-W18,186,0.00620524212718,,,
HRNet-W18,187,0.0060832467861473,,,
HRNet-W18,188,0.0061303731054067,,,
HRNet-W18,189,0.0061516147106885,,,
HRNet-W18,190,0.0059497742913663,0.0095210773870348,92.83168316831684,14.5724609375
HRNet-W18,191,0.0060269548557698,,,
HRNet-W18,192,0.0058884434401988,,,
HRNet-W18,193,0.0061500053852796,,,
HRNet-W18,194,0.0065961913205683,,,
HRNet-W18,195,0.0061117592267692,,,
HRNet-W18,196,0.0057810037396848,,,
HRNet-W18,197,0.0059815286658704,,,
HRNet-W18,198,0.0060293176211416,,,
HRNet-W18,199,0.0064805671572685,,,
HRNet-W18,200,0.0059172161854803,0.0094403401017189,93.66336633663369,14.671160888671874
HRNet-W32,1,0.0149086499586701,,,
HRNet-W32,2,0.0141111724078655,,,
HRNet-W32,3,0.0134602636098861,,,
HRNet-W32,4,0.0130599373951554,,,
HRNet-W32,5,0.0121948607265949,,,
HRNet-W32,6,0.0127160074189305,,,
HRNet-W32,7,0.0118073774501681,,,
HRNet-W32,8,0.0121021019294857,,,
HRNet-W32,9,0.0113119557499885,,,
HRNet-W32,10,0.0115665374323725,0.0108897220343351,96.03960396039604,18.769114685058593
HRNet-W32,11,0.0111377835273742,,,
HRNet-W32,12,0.0109095834195613,,,
HRNet-W32,13,0.0108279958367347,,,
HRNet-W32,14,0.0112056704238057,,,
HRNet-W32,15,0.0104777673259377,,,
HRNet-W32,16,0.0102132549509406,,,
HRNet-W32,17,0.0106259612366557,,,
HRNet-W32,18,0.0105336708948016,,,
HRNet-W32,19,0.0103595321998,,,
HRNet-W32,20,0.0101371249184012,0.0093958899378776,97.62376237623762,14.346702575683594
HRNet-W32,21,0.0104332044720649,,,
HRNet-W32,22,0.0103687075898051,,,
HRNet-W32,23,0.0099283261224627,,,
HRNet-W32,24,0.0099115585908293,,,
HRNet-W32,25,0.0100494613870978,,,
HRNet-W32,26,0.0098654478788375,,,
HRNet-W32,27,0.0097470181062817,,,
HRNet-W32,28,0.0094854598864912,,,
HRNet-W32,29,0.0098161688074469,,,
HRNet-W32,30,0.0093840425834059,0.0087379124015569,97.62376237623762,13.093951416015624
HRNet-W32,31,0.0097925653681159,,,
HRNet-W32,32,0.0098023116588592,,,
HRNet-W32,33,0.0097630778327584,,,
HRNet-W32,34,0.0097523862496018,,,
HRNet-W32,35,0.0095824934542179,,,
HRNet-W32,36,0.0096357781440019,,,
HRNet-W32,37,0.0097431745380163,,,
HRNet-W32,38,0.0095151998102664,,,
HRNet-W32,39,0.0093505159020423,,,
HRNet-W32,40,0.0090365279465913,0.0085312919691205,98.01980198019804,12.43880615234375
HRNet-W32,41,0.0091794356703758,,,
HRNet-W32,42,0.009294637478888,,,
HRNet-W32,43,0.0093779861927032,,,
HRNet-W32,44,0.0090117985382676,,,
HRNet-W32,45,0.0090018520131707,,,
HRNet-W32,46,0.0091954497620463,,,
HRNet-W32,47,0.0092666065320372,,,
HRNet-W32,48,0.0091547239571809,,,
HRNet-W32,49,0.008807991631329,,,
HRNet-W32,50,0.0091487299650907,0.0085039976984262,98.01980198019804,11.976516723632812
HRNet-W32,51,0.0091465217992663,,,
HRNet-W32,52,0.0089069036766886,,,
HRNet-W32,53,0.0086184768006205,,,
HRNet-W32,54,0.0083234133198857,,,
HRNet-W32,55,0.0086464872583746,,,
HRNet-W32,56,0.0088591268286108,,,
HRNet-W32,57,0.0089426944032311,,,
HRNet-W32,58,0.0085803233087062,,,
HRNet-W32,59,0.0090947039425373,,,
HRNet-W32,60,0.0088169453665614,0.0085540954023599,98.01980198019804,13.125515747070311
HRNet-W32,61,0.0090595781803131,,,
HRNet-W32,62,0.0086355414241552,,,
HRNet-W32,63,0.0086054755374789,,,
HRNet-W32,64,0.0086103612557053,,,
HRNet-W32,65,0.0084169944748282,,,
HRNet-W32,66,0.0086650680750608,,,
HRNet-W32,67,0.0084877638146281,,,
HRNet-W32,68,0.0084932632744312,,,
HRNet-W32,69,0.0083876075223088,,,
HRNet-W32,70,0.0084251277148723,0.0082371113821864,98.01980198019804,12.615592956542969
HRNet-W32,71,0.008174161426723,,,
HRNet-W32,72,0.0082701044157147,,,
HRNet-W32,73,0.0081632668152451,,,
HRNet-W32,74,0.0080578280612826,,,
HRNet-W32,75,0.0086086606606841,,,
HRNet-W32,76,0.0083270790055394,,,
HRNet-W32,77,0.0080089597031474,,,
HRNet-W32,78,0.0086584761738777,,,
HRNet-W32,79,0.0077881664037704,,,
HRNet-W32,80,0.0083690322935581,0.0086606880649924,98.01980198019804,12.239790344238282
HRNet-W32,81,0.0077800848521292,,,
HRNet-W32,82,0.0080843353644013,,,
HRNet-W32,83,0.0082904919981956,,,
HRNet-W32,84,0.007553847040981,,,
HRNet-W32,85,0.0079403165727853,,,
HRNet-W32,86,0.0085299285128712,,,
HRNet-W32,87,0.0076985037885606,,,
HRNet-W32,88,0.0077126729302108,,,
HRNet-W32,89,0.0080949636176228,,,
HRNet-W32,90,0.0079718399792909,0.0087790749967098,100.0,13.021759033203123
HRNet-W32,91,0.007523272652179,,,
HRNet-W32,92,0.0076521825976669,,,
HRNet-W32,93,0.0073675638996064,,,
HRNet-W32,94,0.0076264715753495,,,
HRNet-W32,95,0.0079071978107094,,,
HRNet-W32,96,0.0078726531937718,,,
HRNet-W32,97,0.0075519164092838,,,
HRNet-W32,98,0.0072365552186965,,,
HRNet-W32,99,0.0071382410824298,,,
HRNet-W32,100,0.0070682330988347,0.0093752164393663,96.03960396039604,15.1627685546875
HRNet-W32,101,0.0073906611651182,,,
HRNet-W32,102,0.0075586289167404,,,
HRNet-W32,103,0.0071535594761371,,,
HRNet-W32,104,0.0070703816600143,,,
HRNet-W32,105,0.0073150224052369,,,
HRNet-W32,106,0.0068583618849515,,,
HRNet-W32,107,0.0073736482299864,,,
HRNet-W32,108,0.0070216380991041,,,
HRNet-W32,109,0.0069128293544054,,,
HRNet-W32,110,0.0069280951283872,0.0097916144877672,97.22772277227722,14.331240844726562
HRNet-W32,111,0.0066599119454622,,,
HRNet-W32,112,0.0074069635011255,,,
HRNet-W32,113,0.0071237557567656,,,
HRNet-W32,114,0.006581304129213,,,
HRNet-W32,115,0.0065815169364213,,,
HRNet-W32,116,0.0066214357502758,,,
HRNet-W32,117,0.0063100405968725,,,
HRNet-W32,118,0.0066524036228656,,,
HRNet-W32,119,0.0068144351243972,,,
HRNet-W32,120,0.0067832395434379,0.009347777813673,98.01980198019804,15.060516357421877
HRNet-W32,121,0.0065000671893358,,,
HRNet-W32,122,0.006140153389424,,,
HRNet-W32,123,0.0063004828989505,,,
HRNet-W32,124,0.0063393167220056,,,
HRNet-W32,125,0.0066862762905657,,,
HRNet-W32,126,0.0062356363050639,,,
HRNet-W32,127,0.0059206071309745,,,
HRNet-W32,128,0.0061433594673871,,,
HRNet-W32,129,0.0066424957476556,,,
HRNet-W32,130,0.0065781674347817,0.0092884860932827,97.62376237623762,13.9767333984375
HRNet-W32,131,0.0060317050665616,,,
HRNet-W32,132,0.0059610903263092,,,
HRNet-W32,133,0.0060048359446227,,,
HRNet-W32,134,0.0059746173210442,,,
HRNet-W32,135,0.0059374603442847,,,
HRNet-W32,136,0.0060443780384957,,,
HRNet-W32,137,0.0058177020400762,,,
HRNet-W32,138,0.0058067175559699,,,
HRNet-W32,139,0.0057341232895851,,,
HRNet-W32,140,0.006006786134094,0.0100213140249252,94.45544554455444,15.981011962890625
HRNet-W32,141,0.0055796946398913,,,
HRNet-W32,142,0.0058009643107652,,,
HRNet-W32,143,0.0056586624123156,,,
HRNet-W32,144,0.005404058843851,,,
HRNet-W32,145,0.005745880305767,,,
HRNet-W32,146,0.0054134600795805,,,
HRNet-W32,147,0.0056171044707298,,,
HRNet-W32,148,0.0056745684705674,,,
HRNet-W32,149,0.0055306530557572,,,
HRNet-W32,150,0.0055992384441196,0.0099974628537893,98.01980198019804,15.344613647460935
HRNet-W32,151,0.0054715280421078,,,
HRNet-W32,152,0.0048976466059684,,,
HRNet-W32,153,0.005178318824619,,,
HRNet-W32,154,0.0052199163474142,,,
HRNet-W32,155,0.005247164517641,,,
HRNet-W32,156,0.0055738962255418,,,
HRNet-W32,157,0.0052728708833456,,,
HRNet-W32,158,0.0055345557630062,,,
HRNet-W32,159,0.0054036998189985,,,
HRNet-W32,160,0.0046192053705453,0.0102746710181236,97.62376237623762,14.42510223388672
HRNet-W32,161,0.0048687597736716,,,
HRNet-W32,162,0.0045657479204237,,,
HRNet-W32,163,0.0040012835524976,,,
HRNet-W32,164,0.0043532359413802,,,
HRNet-W32,165,0.0043885358609259,,,
HRNet-W32,166,0.0040804953314363,,,
HRNet-W32,167,0.0043418887071311,,,
HRNet-W32,168,0.0043433024547994,,,
HRNet-W32,169,0.0041125677525997,,,
HRNet-W32,170,0.0038904522079974,0.0103625003248453,97.22772277227722,13.763716125488282
HRNet-W32,171,0.0035179043188691,,,
HRNet-W32,172,0.0036678758915513,,,
HRNet-W32,173,0.0038227650802582,,,
HRNet-W32,174,0.0044411760754883,,,
HRNet-W32,175,0.0038182092830538,,,
HRNet-W32,176,0.004100673366338,,,
HRNet-W32,177,0.0036845991853624,,,
HRNet-W32,178,0.0036593594122678,,,
HRNet-W32,179,0.003819047473371,,,
HRNet-W32,180,0.003863314865157,0.0104846050962805,97.22772277227722,14.409616088867187
HRNet-W32,181,0.0035910503938794,,,
HRNet-W32,182,0.0040397099219262,,,
HRNet-W32,183,0.0033878770191222,,,
HRNet-W32,184,0.0036804324481636,,,
HRNet-W32,185,0.0036726628895848,,,
HRNet-W32,186,0.0036771222949028,,,
HRNet-W32,187,0.0037569303531199,,,
HRNet-W32,188,0.0038274775724858,,,
HRNet-W32,189,0.0032948832958936,,,
HRNet-W32,190,0.0036411192268133,0.0108567420393228,97.62376237623762,14.81512908935547
HRNet-W32,191,0.0038203422445803,,,
HRNet-W32,192,0.00351715949364,,,
HRNet-W32,193,0.003521065460518,,,
HRNet-W32,194,0.0038175347726792,,,
HRNet-W32,195,0.0033685679081827,,,
HRNet-W32,196,0.0032401259522885,,,
HRNet-W32,197,0.0037792946677654,,,
HRNet-W32,198,0.0033869568724185,,,
HRNet-W32,199,0.0042519909329712,,,
HRNet-W32,200,0.0038180779665708,0.0107962386682629,97.62376237623762,14.8033203125
HRNet-W48,1,0.0148758990690112,,,
HRNet-W48,2,0.0141053786501288,,,
HRNet-W48,3,0.0133683709427714,,,
HRNet-W48,4,0.0131309246644377,,,
HRNet-W48,5,0.012225885875523,,,
HRNet-W48,6,0.0122590931132435,,,
HRNet-W48,7,0.011582888662815,,,
HRNet-W48,8,0.0118637578561902,,,
HRNet-W48,9,0.0111725190654397,,,
HRNet-W48,10,0.0113000934943556,0.009232903830707,72.67326732673267,36.226983642578126
HRNet-W48,11,0.0111418962478637,,,
HRNet-W48,12,0.0105630829930305,,,
HRNet-W48,13,0.0105545707046985,,,
HRNet-W48,14,0.0106175718829035,,,
HRNet-W48,15,0.0104622161015868,,,
HRNet-W48,16,0.0104720713570714,,,
HRNet-W48,17,0.0098570063710212,,,
HRNet-W48,18,0.0102556096389889,,,
HRNet-W48,19,0.0103804124519228,,,
HRNet-W48,20,0.0102839535102248,0.008495639078319,97.22772277227722,12.566790008544922
HRNet-W48,21,0.010106936097145,,,
HRNet-W48,22,0.01039669662714,,,
HRNet-W48,23,0.0098468316718935,,,
HRNet-W48,24,0.0095779756084084,,,
HRNet-W48,25,0.0098420521244406,,,
HRNet-W48,26,0.0094698825851082,,,
HRNet-W48,27,0.0094246268272399,,,
HRNet-W48,28,0.0094520347192883,,,
HRNet-W48,29,0.0095460480079054,,,
HRNet-W48,30,0.0093855643644928,0.0087021011859178,98.01980198019804,12.468272399902345
HRNet-W48,31,0.0092308009043335,,,
HRNet-W48,32,0.009204245172441,,,
HRNet-W48,33,0.0094068758189678,,,
HRNet-W48,34,0.0091317063197493,,,
HRNet-W48,35,0.0092884115874767,,,
HRNet-W48,36,0.0091933766379952,,,
HRNet-W48,37,0.0090005295351147,,,
HRNet-W48,38,0.0090988976880908,,,
HRNet-W48,39,0.0090942876413464,,,
HRNet-W48,40,0.0088763004168868,0.0087219532579183,98.01980198019804,12.708417510986328
HRNet-W48,41,0.0090023363009095,,,
HRNet-W48,42,0.0090521983802318,,,
HRNet-W48,43,0.0087807634845376,,,
HRNet-W48,44,0.0088150920346379,,,
HRNet-W48,45,0.0091428076848387,,,
HRNet-W48,46,0.0086132949218153,,,
HRNet-W48,47,0.0091019989922642,,,
HRNet-W48,48,0.0086116166785359,,,
HRNet-W48,49,0.0088240290060639,,,
HRNet-W48,50,0.0086484374478459,0.0088893566280603,96.03960396039604,14.25450439453125
HRNet-W48,51,0.0085585927590727,,,
HRNet-W48,52,0.0085127325728535,,,
HRNet-W48,53,0.0086171450093388,,,
HRNet-W48,54,0.0085935750976204,,,
HRNet-W48,55,0.0083991894498467,,,
HRNet-W48,56,0.0083470391109585,,,
HRNet-W48,57,0.008442023769021,,,
HRNet-W48,58,0.0085616940632462,,,
HRNet-W48,59,0.0083052366971969,,,
HRNet-W48,60,0.0082688899710774,0.0086183305829763,98.01980198019804,12.671289825439452
HRNet-W48,61,0.0082098534330725,,,
HRNet-W48,62,0.0083294948562979,,,
HRNet-W48,63,0.0081462329253554,,,
HRNet-W48,64,0.007874228991568,,,
HRNet-W48,65,0.0078336345031857,,,
HRNet-W48,66,0.0079650692641735,,,
HRNet-W48,67,0.0079247551038861,,,
HRNet-W48,68,0.0079259295016527,,,
HRNet-W48,69,0.0079394616186618,,,
HRNet-W48,70,0.008045301772654,0.0090438285842537,96.03960396039604,14.084986877441406
HRNet-W48,71,0.0080022001639008,,,
HRNet-W48,72,0.0076969848014414,,,
HRNet-W48,73,0.0086369765922427,,,
HRNet-W48,74,0.0076470728963613,,,
HRNet-W48,75,0.0074747293256223,,,
HRNet-W48,76,0.0078582884743809,,,
HRNet-W48,77,0.0073880902491509,,,
HRNet-W48,78,0.0074704079888761,,,
HRNet-W48,79,0.0075320512987673,,,
HRNet-W48,80,0.0072220326401293,0.008998155593872,97.62376237623762,14.508126831054687
HRNet-W48,81,0.007413460407406,,,
HRNet-W48,82,0.0073945592157542,,,
HRNet-W48,83,0.0071863210760056,,,
HRNet-W48,84,0.0073924083262681,,,
HRNet-W48,85,0.0076081347651779,,,
HRNet-W48,86,0.0072447191923856,,,
HRNet-W48,87,0.007133025676012,,,
HRNet-W48,88,0.0073247510008513,,,
HRNet-W48,89,0.0068289791233837,,,
HRNet-W48,90,0.0066503132693469,0.009790719486773,96.83168316831684,15.263735961914062
HRNet-W48,91,0.0068497895263135,,,
HRNet-W48,92,0.0072808614932,,,
HRNet-W48,93,0.0070195137523114,,,
HRNet-W48,94,0.0066547915339469,,,
HRNet-W48,95,0.0064060655422508,,,
HRNet-W48,96,0.0069704414345324,,,
HRNet-W48,97,0.0067075896076858,,,
HRNet-W48,98,0.0067176246084272,,,
HRNet-W48,99,0.0062112393788993,,,
HRNet-W48,100,0.0064318664371967,0.0101914554834365,97.62376237623762,14.443630981445311
HRNet-W48,101,0.0065770619548857,,,
HRNet-W48,102,0.0062859468162059,,,
HRNet-W48,103,0.0067964904010295,,,
HRNet-W48,104,0.0065596923232078,,,
HRNet-W48,105,0.0064338645897805,,,
HRNet-W48,106,0.0059539987705647,,,
HRNet-W48,107,0.0065628495067358,,,
HRNet-W48,108,0.0060854596085846,,,
HRNet-W48,109,0.006495380308479,,,
HRNet-W48,110,0.0059728506021201,0.0100911725312471,95.24752475247524,14.522607421875
HRNet-W48,111,0.0065700043924152,,,
HRNet-W48,112,0.0062726940959692,,,
HRNet-W48,113,0.0063097956590354,,,
HRNet-W48,114,0.0055655222386121,,,
HRNet-W48,115,0.0057796724140644,,,
HRNet-W48,116,0.0060897557996213,,,
HRNet-W48,117,0.0060418616048991,,,
HRNet-W48,118,0.0056819482706487,,,
HRNet-W48,119,0.0061149504035711,,,
HRNet-W48,120,0.006543690804392,0.0096534099429845,98.01980198019804,13.000225830078126
HRNet-W48,121,0.0057979435659945,,,
HRNet-W48,122,0.0056763868778944,,,
HRNet-W48,123,0.0059007965028285,,,
HRNet-W48,124,0.0059446631930768,,,
HRNet-W48,125,0.0058011063374578,,,
HRNet-W48,126,0.0061569921672344,,,
HRNet-W48,127,0.0053933225572109,,,
HRNet-W48,128,0.0056331921368837,,,
HRNet-W48,129,0.0057452656328678,,,
HRNet-W48,130,0.0056114196777343,0.010613459162414,96.83168316831684,15.014389038085938
HRNet-W48,131,0.0054595489054918,,,
HRNet-W48,132,0.0056135728955268,,,
HRNet-W48,133,0.0049983370117843,,,
HRNet-W48,134,0.005540074314922,,,
HRNet-W48,135,0.0050046388059854,,,
HRNet-W48,136,0.0052415351383388,,,
HRNet-W48,137,0.0056390142999589,,,
HRNet-W48,138,0.0052557201124727,,,
HRNet-W48,139,0.0049831075593829,,,
HRNet-W48,140,0.0048469929024577,0.0100558530539274,97.62376237623762,14.031301879882813
HRNet-W48,141,0.0049943961203098,,,
HRNet-W48,142,0.0051742666400969,,,
HRNet-W48,143,0.0047017480246722,,,
HRNet-W48,144,0.0051934500224888,,,
HRNet-W48,145,0.0054703443311154,,,
HRNet-W48,146,0.0051993983797729,,,
HRNet-W48,147,0.0046660066582262,,,
HRNet-W48,148,0.0045550442300736,,,
HRNet-W48,149,0.0045773121528327,,,
HRNet-W48,150,0.0046556051820516,0.0102420430630445,96.83168316831684,13.350193786621094
HRNet-W48,151,0.0045226123183965,,,
HRNet-W48,152,0.0041087279096245,,,
HRNet-W48,153,0.0047220685519278,,,
HRNet-W48,154,0.0046746185980737,,,
HRNet-W48,155,0.005071944091469,,,
HRNet-W48,156,0.0049364143051207,,,
HRNet-W48,157,0.0044711423106491,,,
HRNet-W48,158,0.0046826773323118,,,
HRNet-W48,159,0.0043557197786867,,,
HRNet-W48,160,0.0042178025469183,0.0113701838999986,96.83168316831684,14.530596923828124
HRNet-W48,161,0.0037401902955025,,,
HRNet-W48,162,0.0037421032320708,,,
HRNet-W48,163,0.003877718001604,,,
HRNet-W48,164,0.0037025094497948,,,
HRNet-W48,165,0.004108085297048,,,
HRNet-W48,166,0.0033437076490372,,,
HRNet-W48,167,0.0037803221493959,,,
HRNet-W48,168,0.0036849833559244,,,
HRNet-W48,169,0.0035614871885627,,,
HRNet-W48,170,0.0038649532943964,0.0103643666952848,96.83168316831684,14.276126098632812
HRNet-W48,171,0.0033869717735797,,,
HRNet-W48,172,0.0037010211963206,,,
HRNet-W48,173,0.0033320921938866,,,
HRNet-W48,174,0.0031372867524623,,,
HRNet-W48,175,0.0036920551210641,,,
HRNet-W48,176,0.0032083082478493,,,
HRNet-W48,177,0.0031649554148316,,,
HRNet-W48,178,0.003419496351853,,,
HRNet-W48,179,0.0033723674714565,,,
HRNet-W48,180,0.0032466941047459,0.0107077844440937,96.83168316831684,13.519290161132812
HRNet-W48,181,0.0029498960357159,,,
HRNet-W48,182,0.0036022008862346,,,
HRNet-W48,183,0.0033676149323582,,,
HRNet-W48,184,0.0031240370590239,,,
HRNet-W48,185,0.0028367086779326,,,
HRNet-W48,186,0.0030802160035818,,,
HRNet-W48,187,0.003145822091028,,,
HRNet-W48,188,0.0033488376066088,,,
HRNet-W48,189,0.0032883475068956,,,
HRNet-W48,190,0.003104287199676,0.0108662946149706,97.62376237623762,13.61951904296875
HRNet-W48,191,0.0031221329700201,,,
HRNet-W48,192,0.0033240567427128,,,
HRNet-W48,193,0.0031990483403205,,,
HRNet-W48,194,0.0031886564102023,,,
HRNet-W48,195,0.0027630457188934,,,
HRNet-W48,196,0.0025722139980643,,,
HRNet-W48,197,0.0030882197897881,,,
HRNet-W48,198,0.0029984470456838,,,
HRNet-W48,199,0.0029897317290306,,,
HRNet-W48,200,0.0031034883577376,0.0107522513717412,97.62376237623762,13.794587707519533
ResNet-50,1,0.0149534558877348,,,
ResNet-50,2,0.0139921009540557,,,
ResNet-50,3,0.0136189386248588,,,
ResNet-50,4,0.0131139131262898,,,
ResNet-50,5,0.012832585722208,,,
ResNet-50,6,0.0125318737700581,,,
ResNet-50,7,0.0122775984928011,,,
ResNet-50,8,0.0122425900772213,,,
ResNet-50,9,0.0120028257369995,,,
ResNet-50,10,0.0122228637337684,0.0095860818400979,83.89438943894389,21.085299682617187
ResNet-50,11,0.0118372095748782,,,
ResNet-50,12,0.0117204003036022,,,
ResNet-50,13,0.0119306789711117,,,
ResNet-50,14,0.0117199094966053,,,
ResNet-50,15,0.0114239798858761,,,
ResNet-50,16,0.0114048598334193,,,
ResNet-50,17,0.0113405659794807,,,
ResNet-50,18,0.0113069815561175,,,
ResNet-50,19,0.0111056268215179,,,
ResNet-50,20,0.0112382816150784,0.0090777110308408,98.01980198019804,13.241107177734374
ResNet-50,21,0.0109652876853942,,,
ResNet-50,22,0.0111726028844714,,,
ResNet-50,23,0.0108294924721121,,,
ResNet-50,24,0.0107053890824317,,,
ResNet-50,25,0.0100903948768973,,,
ResNet-50,26,0.0103952577337622,,,
ResNet-50,27,0.010264677926898,,,
ResNet-50,28,0.0105279684066772,,,
ResNet-50,29,0.0102770887315273,,,
ResNet-50,30,0.0103847319260239,0.0092832036316394,95.54455445544554,14.87371826171875
ResNet-50,31,0.0101277874782681,,,
ResNet-50,32,0.0104160709306597,,,
ResNet-50,33,0.0102380160242319,,,
ResNet-50,34,0.0100202718749642,,,
ResNet-50,35,0.0102656120434403,,,
ResNet-50,36,0.0099868020042777,,,
ResNet-50,37,0.0102936821058392,,,
ResNet-50,38,0.00984454061836,,,
ResNet-50,39,0.0098493481054902,,,
ResNet-50,40,0.0100861499086022,0.008633580058813,97.62376237623762,12.399983215332032
ResNet-50,41,0.0098335808143019,,,
ResNet-50,42,0.0098383789882063,,,
ResNet-50,43,0.0098044881597161,,,
ResNet-50,44,0.0096475034952163,,,
ResNet-50,45,0.0094917165115475,,,
ResNet-50,46,0.0103875221684575,,,
ResNet-50,47,0.0098450677469372,,,
ResNet-50,48,0.0095962574705481,,,
ResNet-50,49,0.0096709290519356,,,
ResNet-50,50,0.0095507921651005,0.0078759770840406,98.01980198019804,11.832752227783203
ResNet-50,51,0.0094301840290427,,,
ResNet-50,52,0.0093014454469084,,,
ResNet-50,53,0.0097157815471291,,,
ResNet-50,54,0.0091626951470971,,,
ResNet-50,55,0.0092523889616131,,,
ResNet-50,56,0.0094359433278441,,,
ResNet-50,57,0.0096556721255183,,,
ResNet-50,58,0.0093287862837314,,,
ResNet-50,59,0.0096213705837726,,,
ResNet-50,60,0.0095181772485375,0.0085801156237721,98.01980198019804,12.317375183105469
ResNet-50,61,0.00991025660187,,,
ResNet-50,62,0.0093141822144389,,,
ResNet-50,63,0.0093933334574103,,,
ResNet-50,64,0.0096007483080029,,,
ResNet-50,65,0.0093058478087186,,,
ResNet-50,66,0.0095081366598606,,,
ResNet-50,67,0.0094234477728605,,,
ResNet-50,68,0.0091951852664351,,,
ResNet-50,69,0.0093025108799338,,,
ResNet-50,70,0.0092807598412036,0.0087477760389447,97.22772277227722,12.384696197509763
ResNet-50,71,0.0093110902234911,,,
ResNet-50,72,0.0096031660214066,,,
ResNet-50,73,0.0089968023821711,,,
ResNet-50,74,0.0089953541755676,,,
ResNet-50,75,0.0092937974259257,,,
ResNet-50,76,0.0088968155905604,,,
ResNet-50,77,0.0093960687518119,,,
ResNet-50,78,0.0095146987587213,,,
ResNet-50,79,0.0090080639347434,,,
ResNet-50,80,0.0091584743931889,0.0095309261232614,98.01980198019804,14.513031005859377
ResNet-50,81,0.009186971001327,,,
ResNet-50,82,0.0089925974607467,,,
ResNet-50,83,0.0088604697957634,,,
ResNet-50,84,0.0087336366996169,,,
ResNet-50,85,0.0087631307542324,,,
ResNet-50,86,0.0090430984273552,,,
ResNet-50,87,0.0092429406940937,,,
ResNet-50,88,0.0085674794390797,,,
ResNet-50,89,0.0089778779074549,,,
ResNet-50,90,0.0089198779314756,0.0086681824177503,97.22772277227722,12.499593353271484
ResNet-50,91,0.0087998015806078,,,
ResNet-50,92,0.0082293450832366,,,
ResNet-50,93,0.0080987904220819,,,
ResNet-50,94,0.0082961227744817,,,
ResNet-50,95,0.0082176001742482,,,
ResNet-50,96,0.0081921992823481,,,
ResNet-50,97,0.0077253398485481,,,
ResNet-50,98,0.008057308383286,,,
ResNet-50,99,0.0077476133592426,,,
ResNet-50,100,0.007935076020658,0.0081440908834338,97.22772277227722,12.573043823242188
ResNet-50,101,0.0080488808453083,,,
ResNet-50,102,0.0076758959330618,,,
ResNet-50,103,0.0077001987956464,,,
ResNet-50,104,0.0076870359480381,,,
ResNet-50,105,0.007759949658066,,,
ResNet-50,106,0.0080653578042984,,,
ResNet-50,107,0.0078941211104393,,,
ResNet-50,108,0.0080667426809668,,,
ResNet-50,109,0.0078741526231169,,,
ResNet-50,110,0.0077861226163804,0.0086216935887932,98.01980198019804,12.693964385986328
ResNet-50,111,0.0077700614929199,,,
ResNet-50,112,0.0076769180595874,,,
ResNet-50,113,0.0075877122581005,,,
ResNet-50,114,0.0079251723363995,,,
ResNet-50,115,0.0076352558098733,,,
ResNet-50,116,0.0078694066032767,,,
ResNet-50,117,0.0076749827712774,,,
ResNet-50,118,0.0076593100093305,,,
ResNet-50,119,0.0078013413585722,,,
ResNet-50,120,0.0074338181875646,0.0089106019586324,98.01980198019804,12.892854309082033
ResNet-50,121,0.0075804251246154,,,
ResNet-50,122,0.0074473023414611,,,
ResNet-50,123,0.0074386037886142,,,
ResNet-50,124,0.0076595521531999,,,
ResNet-50,125,0.0076769697479903,,,
ResNet-50,126,0.007504487875849,,,
ResNet-50,127,0.0077124685049057,,,
ResNet-50,128,0.007510086055845,,,
ResNet-50,129,0.0073401755653321,,,
ResNet-50,130,0.0075176903046667,0.0088375834748148,97.62376237623762,12.783003234863282
ResNet-50,131,0.0073299049399793,,,
ResNet-50,132,0.0075037591159343,,,
ResNet-50,133,0.0074118063785135,,,
ResNet-50,134,0.0074066179804503,,,
ResNet-50,135,0.0074557340703904,,,
ResNet-50,136,0.007491048425436,,,
ResNet-50,137,0.0075866454280912,,,
ResNet-50,138,0.0071756094694137,,,
ResNet-50,139,0.0076547064818441,,,
ResNet-50,140,0.0073949750512838,0.0089064333587884,98.01980198019804,12.741514587402344
ResNet-50,141,0.0074320980347692,,,
ResNet-50,142,0.0072893872857093,,,
ResNet-50,143,0.0070954426191747,,,
ResNet-50,144,0.0076364669948816,,,
ResNet-50,145,0.0072159636765718,,,
ResNet-50,146,0.0074470774270594,,,
ResNet-50,147,0.0072671337984502,,,
ResNet-50,148,0.0073310672305524,,,
ResNet-50,149,0.0073512382805347,,,
ResNet-50,150,0.0075213289819657,0.0089492052793502,98.01980198019804,12.65737075805664
ResNet-50,151,0.0073964614421129,,,
ResNet-50,152,0.0069655911065638,,,
ResNet-50,153,0.0072875716723501,,,
ResNet-50,154,0.0078552067279815,,,
ResNet-50,155,0.0072238114662468,,,
ResNet-50,156,0.0072715240530669,,,
ResNet-50,157,0.0070487563498318,,,
ResNet-50,158,0.0071994415484368,,,
ResNet-50,159,0.0073746084235608,,,
ResNet-50,160,0.0072458074428141,0.00881889462471,98.01980198019804,12.610317993164063
ResNet-50,161,0.0074470355175435,,,
ResNet-50,162,0.007144272327423,,,
ResNet-50,163,0.0075138672254979,,,
ResNet-50,164,0.0074082086794078,,,
ResNet-50,165,0.0073295459151268,,,
ResNet-50,166,0.0070040733553469,,,
ResNet-50,167,0.0073796664364635,,,
ResNet-50,168,0.007262323051691,,,
ResNet-50,169,0.0076942630112171,,,
ResNet-50,170,0.0073076984845101,0.0089219296351075,97.62376237623762,12.749373626708984
ResNet-50,171,0.0069760754704475,,,
ResNet-50,172,0.007349940482527,,,
ResNet-50,173,0.0071670766919851,,,
ResNet-50,174,0.0070181624032557,,,
ResNet-50,175,0.0071192900650203,,,
ResNet-50,176,0.0071710492484271,,,
ResNet-50,177,0.007359264884144,,,
ResNet-50,178,0.0073159425519406,,,
ResNet-50,179,0.0073839821852743,,,
ResNet-50,180,0.0073359352536499,0.0089405998587608,98.01980198019804,12.721702575683594
ResNet-50,181,0.0071838069707155,,,
ResNet-50,182,0.0073255193419754,,,
ResNet-50,183,0.0073112975805997,,,
ResNet-50,184,0.0074467114172875,,,
ResNet-50,185,0.0073278378695249,,,
ResNet-50,186,0.0073373620398342,,,
ResNet-50,187,0.0070535470731556,,,
ResNet-50,188,0.0075849792920053,,,
ResNet-50,189,0.0071742576546967,,,
ResNet-50,190,0.0071915537118911,0.0088835982605814,98.01980198019804,13.115203857421877
ResNet-50,191,0.0072733634151518,,,
ResNet-50,192,0.0074682259000837,,,
ResNet-50,193,0.0072250887751579,,,
ResNet-50,194,0.0075699500739574,,,
ResNet-50,195,0.0069706290960311,,,
ResNet-50,196,0.0074322507716715,,,
ResNet-50,197,0.0072049391455948,,,
ResNet-50,198,0.0072778328321874,,,
ResNet-50,199,0.007538188714534,,,
ResNet-50,200,0.0070208609104156,0.0088723022490739,98.01980198019804,12.650286865234374
CSPNeXt-S,1,0.0155896842479705,,,
CSPNeXt-S,2,0.014860768802464,,,
CSPNeXt-S,3,0.014406862668693,,,
CSPNeXt-S,4,0.0139673389494419,,,
CSPNeXt-S,5,0.0137636447325348,,,
CSPNeXt-S,6,0.0130395041778683,,,
CSPNeXt-S,7,0.0127959745004773,,,
CSPNeXt-S,8,0.0128492685034871,,,
CSPNeXt-S,9,0.012594630010426,,,
CSPNeXt-S,10,0.0126181431114673,0.010791890323162,98.01980198019804,14.361531066894532
CSPNeXt-S,11,0.0122257275506854,,,
CSPNeXt-S,12,0.0119578503072261,,,
CSPNeXt-S,13,0.0120237311348319,,,
CSPNeXt-S,14,0.0118625042960047,,,
CSPNeXt-S,15,0.0117253167554736,,,
CSPNeXt-S,16,0.0116092236712574,,,
CSPNeXt-S,17,0.0116428025066852,,,
CSPNeXt-S,18,0.0113220466300845,,,
CSPNeXt-S,19,0.011147104203701,,,
CSPNeXt-S,20,0.0113478722050786,0.0099505335092544,98.01980198019804,13.607344055175782
CSPNeXt-S,21,0.011259090155363,,,
CSPNeXt-S,22,0.0112827261909842,,,
CSPNeXt-S,23,0.0110612101852893,,,
CSPNeXt-S,24,0.0104512842372059,,,
CSPNeXt-S,25,0.0106377080082893,,,
CSPNeXt-S,26,0.010667192749679,,,
CSPNeXt-S,27,0.0104024279862642,,,
CSPNeXt-S,28,0.0105763999745249,,,
CSPNeXt-S,29,0.0103185260668396,,,
CSPNeXt-S,30,0.0101187750697135,0.009176842868328,98.01980198019804,13.40966796875
CSPNeXt-S,31,0.0103225661441683,,,
CSPNeXt-S,32,0.0104298936203122,,,
CSPNeXt-S,33,0.0103336339816451,,,
CSPNeXt-S,34,0.0103673050180077,,,
CSPNeXt-S,35,0.0101860137656331,,,
CSPNeXt-S,36,0.0099773313850164,,,
CSPNeXt-S,37,0.0100309951230883,,,
CSPNeXt-S,38,0.0100704738870263,,,
CSPNeXt-S,39,0.009745548479259,,,
CSPNeXt-S,40,0.0098581910133361,0.0092806573957204,98.01980198019804,12.969378662109374
CSPNeXt-S,41,0.0102835036814212,,,
CSPNeXt-S,42,0.0097809648141264,,,
CSPNeXt-S,43,0.0096212206408381,,,
CSPNeXt-S,44,0.0098113911226391,,,
CSPNeXt-S,45,0.0096991239115595,,,
CSPNeXt-S,46,0.0102343019098043,,,
CSPNeXt-S,47,0.0101778591051697,,,
CSPNeXt-S,48,0.0099426582455635,,,
CSPNeXt-S,49,0.0098303761333227,,,
CSPNeXt-S,50,0.009689818136394,0.008439689874649,98.01980198019804,13.349671936035156
CSPNeXt-S,51,0.0095135616138577,,,
CSPNeXt-S,52,0.0093026580289006,,,
CSPNeXt-S,53,0.0100121647119522,,,
CSPNeXt-S,54,0.0094663994386792,,,
CSPNeXt-S,55,0.0095800459384918,,,
CSPNeXt-S,56,0.009733204729855,,,
CSPNeXt-S,57,0.0094765992835164,,,
CSPNeXt-S,58,0.0096553154289722,,,
CSPNeXt-S,59,0.0095290318131446,,,
CSPNeXt-S,60,0.0095473146066069,0.0083508174866437,98.01980198019804,12.24746551513672
CSPNeXt-S,61,0.009441296570003,,,
CSPNeXt-S,62,0.0094110770151019,,,
CSPNeXt-S,63,0.0091961547732353,,,
CSPNeXt-S,64,0.0096035096794366,,,
CSPNeXt-S,65,0.009524124674499,,,
CSPNeXt-S,66,0.0092987306416034,,,
CSPNeXt-S,67,0.0096698701381683,,,
CSPNeXt-S,68,0.0095517849549651,,,
CSPNeXt-S,69,0.0092016896232962,,,
CSPNeXt-S,70,0.0092393290251493,0.0086401458829641,98.01980198019804,12.730125427246094
CSPNeXt-S,71,0.0095876064151525,,,
CSPNeXt-S,72,0.0093626277521252,,,
CSPNeXt-S,73,0.0091663757339119,,,
CSPNeXt-S,74,0.0090937810018658,,,
CSPNeXt-S,75,0.0090941898524761,,,
CSPNeXt-S,76,0.0091733234003186,,,
CSPNeXt-S,77,0.0092986058443784,,,
CSPNeXt-S,78,0.0096866963431239,,,
CSPNeXt-S,79,0.0089021436870098,,,
CSPNeXt-S,80,0.0092081511393189,0.0078600058332085,98.01980198019804,11.61826171875
CSPNeXt-S,81,0.0088873859494924,,,
CSPNeXt-S,82,0.0092962952330708,,,
CSPNeXt-S,83,0.0092383939772844,,,
CSPNeXt-S,84,0.0089197652414441,,,
CSPNeXt-S,85,0.0089055309072136,,,
CSPNeXt-S,86,0.0090052681043744,,,
CSPNeXt-S,87,0.0091134877875447,,,
CSPNeXt-S,88,0.0086625283583998,,,
CSPNeXt-S,89,0.0089974524453282,,,
CSPNeXt-S,90,0.0090738777071237,0.0078989136964082,98.01980198019804,12.163262176513673
CSPNeXt-S,91,0.0089545985683798,,,
CSPNeXt-S,92,0.0085695423185825,,,
CSPNeXt-S,93,0.0085860239341855,,,
CSPNeXt-S,94,0.0085526863113045,,,
CSPNeXt-S,95,0.0085585713386535,,,
CSPNeXt-S,96,0.0081838956102728,,,
CSPNeXt-S,97,0.0081124054268002,,,
CSPNeXt-S,98,0.008030192926526,,,
CSPNeXt-S,99,0.0080778719857335,,,
CSPNeXt-S,100,0.0082910740748047,0.0079580005258321,98.01980198019804,11.299319458007812
CSPNeXt-S,101,0.0083822645246982,,,
CSPNeXt-S,102,0.0082914736121892,,,
CSPNeXt-S,103,0.0080709280446171,,,
CSPNeXt-S,104,0.0083032073453068,,,
CSPNeXt-S,105,0.0081763733178377,,,
CSPNeXt-S,106,0.0082677332684397,,,
CSPNeXt-S,107,0.0081276362761855,,,
CSPNeXt-S,108,0.0083634862676262,,,
CSPNeXt-S,109,0.0082248840481042,,,
CSPNeXt-S,110,0.0081763109192252,0.0080796917900443,98.01980198019804,12.170659637451172
CSPNeXt-S,111,0.0083728805184364,,,
CSPNeXt-S,112,0.00801907107234,,,
CSPNeXt-S,113,0.0077352612279355,,,
CSPNeXt-S,114,0.0077987019903957,,,
CSPNeXt-S,115,0.0084163537248969,,,
CSPNeXt-S,116,0.0079761305823922,,,
CSPNeXt-S,117,0.0081451684236526,,,
CSPNeXt-S,118,0.0079796789214015,,,
CSPNeXt-S,119,0.0081097660586237,,,
CSPNeXt-S,120,0.0078818136826157,0.0078524835407733,98.01980198019804,11.327534484863282
CSPNeXt-S,121,0.0080678695812821,,,
CSPNeXt-S,122,0.0080211451277136,,,
CSPNeXt-S,123,0.0079335244372487,,,
CSPNeXt-S,124,0.0080149685963988,,,
CSPNeXt-S,125,0.0079381568357348,,,
CSPNeXt-S,126,0.0079489266499876,,,
CSPNeXt-S,127,0.0079901693388819,,,
CSPNeXt-S,128,0.008128804154694,,,
CSPNeXt-S,129,0.0079447627067565,,,
CSPNeXt-S,130,0.0082264458760619,0.0079033272340893,98.01980198019804,11.80987548828125
CSPNeXt-S,131,0.0081634270027279,,,
CSPNeXt-S,132,0.0076587623916566,,,
CSPNeXt-S,133,0.007493054959923,,,
CSPNeXt-S,134,0.008103041909635,,,
CSPNeXt-S,135,0.0078388722613453,,,
CSPNeXt-S,136,0.0082442807033658,,,
CSPNeXt-S,137,0.0082034096121788,,,
CSPNeXt-S,138,0.0078157940879464,,,
CSPNeXt-S,139,0.007814303971827,,,
CSPNeXt-S,140,0.0077688652090728,0.0079993996769189,98.01980198019804,11.904373168945312
CSPNeXt-S,141,0.0078953169286251,,,
CSPNeXt-S,142,0.0079463487491011,,,
CSPNeXt-S,143,0.0080732572823762,,,
CSPNeXt-S,144,0.0078911110758781,,,
CSPNeXt-S,145,0.007883938960731,,,
CSPNeXt-S,146,0.0080456705763936,,,
CSPNeXt-S,147,0.0079169301316142,,,
CSPNeXt-S,148,0.0081436475738883,,,
CSPNeXt-S,149,0.0081675006076693,,,
CSPNeXt-S,150,0.0082545140758156,0.0080945948138833,98.01980198019804,11.843413543701171
CSPNeXt-S,151,0.0078096874058246,,,
CSPNeXt-S,152,0.0075609646737575,,,
CSPNeXt-S,153,0.0078415954485535,,,
CSPNeXt-S,154,0.0082385251298546,,,
CSPNeXt-S,155,0.0080133201554417,,,
CSPNeXt-S,156,0.0079482411965727,,,
CSPNeXt-S,157,0.0077079837210476,,,
CSPNeXt-S,158,0.0078632505610585,,,
CSPNeXt-S,159,0.0079062357544898,,,
CSPNeXt-S,160,0.0078953877091407,0.0079672895371913,98.01980198019804,11.803195190429689
CSPNeXt-S,161,0.0079929288476705,,,
CSPNeXt-S,162,0.0078003066591918,,,
CSPNeXt-S,163,0.0079480530694127,,,
CSPNeXt-S,164,0.0079623227939009,,,
CSPNeXt-S,165,0.0079655004665255,,,
CSPNeXt-S,166,0.00761727290228,,,
CSPNeXt-S,167,0.0083691999316215,,,
CSPNeXt-S,168,0.0079005379229784,,,
CSPNeXt-S,169,0.0077886595390737,,,
CSPNeXt-S,170,0.0082057593390345,0.0080699305981397,98.01980198019804,11.994798278808592
CSPNeXt-S,171,0.0077915373258292,,,
CSPNeXt-S,172,0.0078106559813022,,,
CSPNeXt-S,173,0.0078629972413182,,,
CSPNeXt-S,174,0.0079320408403873,,,
CSPNeXt-S,175,0.0079099750146269,,,
CSPNeXt-S,176,0.0079484423622488,,,
CSPNeXt-S,177,0.0077389348298311,,,
CSPNeXt-S,178,0.0077110989950597,,,
CSPNeXt-S,179,0.0081160254776477,,,
CSPNeXt-S,180,0.0081243691965937,0.0080286487936973,98.01980198019804,12.30120086669922
CSPNeXt-S,181,0.0079842275008559,,,
CSPNeXt-S,182,0.0077419877052307,,,
CSPNeXt-S,183,0.0078883022069931,,,
CSPNeXt-S,184,0.0078854896128177,,,
CSPNeXt-S,185,0.0080254403874278,,,
CSPNeXt-S,186,0.0080233281478285,,,
CSPNeXt-S,187,0.0078173158690333,,,
CSPNeXt-S,188,0.0079178810119628,,,
CSPNeXt-S,189,0.0080306613817811,,,
CSPNeXt-S,190,0.008022048510611,0.0080036139115691,98.01980198019804,12.056382751464843
CSPNeXt-S,191,0.0078990692272782,,,
CSPNeXt-S,192,0.0080749923363327,,,
CSPNeXt-S,193,0.0078064301051199,,,
CSPNeXt-S,194,0.0079280789941549,,,
CSPNeXt-S,195,0.0076403804123401,,,
CSPNeXt-S,196,0.007946009747684,,,
CSPNeXt-S,197,0.0077053974382579,,,
CSPNeXt-S,198,0.0079435827210545,,,
CSPNeXt-S,199,0.0082223610952496,,,
CSPNeXt-S,200,0.0076376870274543,0.008000242523849,98.01980198019804,11.98221435546875
