video,frames,wrong50,wrong20,AUC_jump_wrong50,AUC_jump_wrong20,spearman_jump,AUC_min_conf_wrong50,AUC_min_conf_wrong20,spearman_min_conf,AUC_mean_conf_wrong50,AUC_mean_conf_wrong20,spearman_mean_conf,AUC_fitting_wrong50,AUC_fitting_wrong20,spearman_fitting
0,70,0,2,,1.0,0.31,,0.904,-0.16,,0.934,-0.28,,0.971,0.21
1,70,8,14,0.927,0.834,0.45,0.738,0.765,-0.53,0.768,0.796,-0.57,0.992,0.943,0.69
2,70,4,9,0.777,0.869,0.53,0.92,0.852,-0.56,0.913,0.855,-0.65,0.985,0.951,0.55
3,70,0,7,,0.358,0.14,,0.825,-0.37,,0.701,-0.28,,0.616,0.38
4,70,2,14,1.0,0.665,0.15,0.853,0.72,-0.17,0.662,0.608,-0.14,1.0,0.825,0.28
5,70,0,8,,0.492,-0.05,,0.694,-0.28,,0.708,-0.26,,0.604,0.2
6,70,0,1,,0.725,0.34,,0.304,-0.1,,0.681,0.06,,0.957,0.23
7,70,0,1,,0.362,-0.03,,0.942,0.14,,0.957,-0.01,,0.986,0.16
8,70,9,38,0.5,0.752,0.32,0.741,0.83,-0.54,0.767,0.882,-0.69,0.703,0.873,0.63
9,70,0,6,,0.53,0.06,,0.445,0.04,,0.417,0.02,,0.633,0.06
10,70,3,12,1.0,0.744,0.3,0.99,0.612,-0.31,0.99,0.739,-0.4,1.0,0.649,0.39
11,70,4,5,0.771,0.814,0.29,0.985,0.982,-0.54,0.924,0.935,-0.46,1.0,0.997,0.46
12,70,0,1,,0.942,0.35,,0.768,-0.47,,0.913,-0.41,,0.87,0.47
13,70,0,5,,0.526,-0.26,,0.415,0.1,,0.652,-0.21,,0.742,0.17
14,70,2,12,0.875,0.616,0.01,1.0,0.783,-0.46,0.985,0.739,-0.34,0.934,0.854,0.41
all,1050,32,135,0.844,0.723,0.26,0.929,0.785,-0.45,0.906,0.767,-0.4,0.971,0.841,0.4
