video,round,notopen,verdict,r_min,asp_rel_min,ph_rel_min,pw_rel_min,gap_top_min,gap_bot_min,ptc_min,pmean_min,econf_min,area_rel_min,r_f,asp_rel_f,gap_top_f,ptc_f,pmean_f,area_rel_f
0,1,False,eye open: the rule is wrong,0.6938357542187473,0.9766890093234171,0.7569272492746288,0.7045691849201001,-0.08432649346226816,0.06879550077452677,0.7304136157035828,0.623394176363945,0.47229140996932983,0.5429077155287475,0.6938357542187473,1.1002505475717568,-0.08432649346226816,1.0,0.6821838766336441,0.5431726633193259
0,1,False,eye open: the rule is wrong,0.4545227684093576,0.5717630940490058,0.4847714547844786,0.8484533756884307,-0.2782865833422821,0.08836159239605557,0.215438574552536,0.551949068903923,0.1472426950931549,0.40932767113599644,0.4545227684093576,0.5717630940490058,-0.08942816332140381,0.2840428650379181,0.551949068903923,0.40932767113599644
0,1,False,eye open: the rule is wrong,0.06415842906364116,0.6436843730672687,0.6326278691619055,0.7613972206422102,-0.6575666947825874,0.07494270374515856,0.1982245147228241,0.46029825508594513,0.1398220956325531,0.48258019944099484,0.6128675226082425,0.8263306001356482,-0.06779701376323836,0.4184936285018921,0.5526004061102867,0.49569061286063476
0,1,False,eye open: the rule is wrong,0.4608136473955144,0.5068702377477945,0.45118111719807763,0.47930012747451844,-0.34117808752169815,0.04299851729649296,0.4447370171546936,0.43012814596295357,0.22143366932868958,0.21580679353660573,0.4822237027439237,0.5149757094893745,0.001199617759105241,0.5797883868217468,0.44307827576994896,0.4258760412293872
0,1,False,eye open: the rule is wrong,0.8273547584967648,0.9863802634266507,0.902598505228648,0.9027416693622634,-0.08293383642221228,0.08412975522503582,0.9234871864318848,0.8010117560625076,0.5506841540336609,0.8125776618027317,0.8273547584967648,0.9911391878877056,-0.08188772534879712,0.9521584510803223,0.8010117560625076,0.818592418539293
0,1,False,eye open: the rule is wrong,0.7963994585601131,0.962258058775644,0.8334734505678996,0.8586180304016597,-0.08256648382648704,0.07388064092277863,0.4513143002986908,0.6866260766983032,0.22711516916751862,0.7121932581713264,0.7963994585601131,0.974329747144229,-0.06427040572579938,0.9941472411155701,0.7565014809370041,0.7248123266821012
0,2,False,eye open,-1.301192260181897,-1.271637721385733,-1.2269014629256503,0.6698525734118324,-0.5098352357720514,-1.8489253780651198,0.3097686171531677,0.4226653389632702,0.1493169367313385,-1.2141766629037432,0.750184994778731,0.9918819482837068,-0.07163953578561034,0.4654161036014557,0.5143520385026932,0.6666614021819636
0,2,False,eye open,1.0762018955467287,1.0100821505442732,1.058921252572942,1.0383412095868028,-0.0037684273043543997,0.11004949781466819,0.7999255061149597,0.8976552933454514,0.6948040723800659,1.1055637202329216,1.0773090116440003,1.032021259072932,-0.0034913523603791385,0.96696937084198,0.939770445227623,1.1065418563218705
0,2,False,eye open,0.7943476118452442,0.9572680453700242,0.8579075998408986,0.8842359050840587,-0.08505345396400384,0.07682986500312272,0.5893517136573792,0.7856804877519608,0.38240453600883484,0.7549440116239846,0.7943476118452442,0.9667814501545817,-0.08505345396400384,0.8536901473999023,0.8631996810436249,0.7751126230256609
0,2,False,eye open,0.8329108352635758,0.9731992240553411,0.8629065080708336,0.8652559256459061,-0.041908134340081345,0.08772814613281635,0.6761723756790161,0.7122660577297211,0.5792338848114014,0.7463179274237596,0.8329108352635758,0.9731992240553411,-0.039349265739839226,0.7750600576400757,0.7967404872179031,0.761971768557522
0,2,False,eye open,0.9887784977536499,1.0544251446744073,0.9699926795343338,0.919458515337941,-0.02254860630840811,0.1320249970841821,0.8834201097488403,0.8774515092372894,0.9236637949943542,0.8875783078041967,0.9887784977536499,1.058134587949918,-0.02254860630840811,1.0,0.8995253443717957,0.8898392258311824
0,2,False,eye open,1.0327101618868073,0.9869209264620301,1.0341132775307247,1.0419724588629773,-0.020994813485331155,0.10826382666968286,0.896274745464325,0.9282490462064743,0.7659772038459778,1.0760308034550223,1.0447615521896578,0.9869209264620301,0.0006919360094434354,0.896274745464325,0.9282490462064743,1.0791132291516294
0,2,False,eye open,-1.2422923288338714,-1.2142415480836983,-1.201473999400538,0.6201527937492552,-0.4686672394654592,-0.16923203252214836,0.2944948673248291,0.42950018122792244,0.12127391993999481,-1.1839594012392114,0.2779458331907046,-0.7771031925801978,-0.2679681136097432,0.5150916576385498,0.49059615284204483,-0.6724947964439983
1,1,True,partly closed (lid covers part of the pupil),0.6131912129161181,0.6827070099783129,0.6068415800444684,0.24996889737508163,-0.14288892427121,0.1622271704662344,0.5588710904121399,0.3825342729687691,0.2685958445072174,0.15295580317320462,0.6131912129161181,0.9378960096823309,-0.13486099652987174,0.6798329949378967,0.4131844937801361,0.4132350192667193
1,1,True,partly closed (lid covers part of the pupil),0.6871032066846636,0.3028782116720516,0.245368394248102,0.2703181029016566,-0.12962280841100737,0.15082069821912572,0.3568531572818756,0.4889805093407631,0.2910115718841553,0.06840081057328891,0.6871032066846636,0.6469441830188603,-0.10841486449901405,0.3568531572818756,0.5661021396517754,0.6633632269238263
1,1,True,partly closed (lid covers part of the pupil),0.6162343235941689,0.2570055950841932,0.5841068747585872,0.23898841808398955,-0.13433946274159325,0.15103786686282528,0.4189448654651642,0.5009986311197281,0.295377641916275,0.14075823945550314,0.6162343235941689,2.3422793012270167,-0.1203457953646194,0.6847320199012756,0.5634079128503799,0.14075823945550314
1,1,True,partly closed (lid covers part of the pupil),0.6377208634792616,0.2714849468625732,0.6181791359795613,0.2681869467472954,-0.1398884140711388,0.15131353211088835,0.3987061083316803,0.5923502519726753,0.39888012409210205,0.1779779673543681,0.6377208634792616,0.8683489958425962,-0.10320226864455873,0.5636934041976929,0.6213543266057968,0.4380647661892414
1,1,True,partly closed (lid covers part of the pupil),0.6836798768368141,0.3143846643135647,0.6945720452405426,0.7094142956969859,-0.1394312265476602,0.14840734768535335,0.4772815406322479,0.6630114540457726,0.4009634256362915,0.5009616129365722,0.6836798768368141,0.880625823930985,-0.11330243859547459,0.5198812484741211,0.7170739248394966,0.5294954853176383
1,1,True,eye closed (full closure),0.6379785845497321,0.28551714021879343,0.622693977025093,0.6884738181754148,-0.08960418455459314,0.10758402991516347,0.2720875144004822,0.4261082820594311,0.2937859892845154,0.4392744748584381,0.6379785845497321,0.28551714021879343,-0.0639972959944633,0.2720875144004822,0.4261082820594311,1.4027610815679212
1,1,False,eye open: the rule is wrong,1.1935570071712287,0.7513562324316405,1.0445894022798685,1.3265257358651992,-0.008437769575660148,0.167034860137361,0.2699086666107178,0.5024488046765327,0.2759574055671692,1.4033732979549995,1.486858685547888,0.7824748525652558,0.3448038471754275,0.29624298214912415,0.5024488046765327,1.4676631291892754
1,1,True,eye closed (full closure),-1.9739986755953416,-7.26553226404654,-3.2707159326287294,0.2453657088871617,-0.2674976596788207,-3.387123307003159,0.1538092941045761,0.20532624330371618,0.07960567623376846,-10.413631776587073,0.62866601436146,0.3549431408673772,-0.08366403718336657,0.44882333278656006,0.2801753580570221,1.0347118397966037
1,1,True,eye closed (full closure),-2.1936794204380785,-37.93758277341866,-3.4265172054051596,0.08655785353090313,-0.6224517645226504,-3.3260548628684212,0.14458335936069489,0.1918803947046399,0.11963430792093277,-9.463655858394384,-1.480305461396217,-0.868483496475039,0.7779240396000076,0.2602379322052002,0.3041156679391861,-9.463655858394384
1,1,False,eye open: the rule is wrong,0.8302776957259191,0.8403362829961832,0.8955932497112187,0.9957249459945331,-0.17411660530311934,0.14216795362242965,0.5927764773368835,0.7095142304897308,0.5551797151565552,0.9116317893422585,0.8302776957259191,0.8585561910238817,-0.16922299874433383,0.6400201916694641,0.7799325287342072,0.956011157133447
1,1,False,eye open: the rule is wrong,0.7672147580009329,0.7453056790368108,0.8316029001885236,0.983380961986651,-0.166671267180864,0.11928042595764883,0.33126023411750793,0.6512538939714432,0.42734211683273315,0.837553988367928,0.7672147580009329,0.7887209279878169,-0.15753098994717574,0.5820555686950684,0.7139970287680626,0.8728722815249272
1,2,True,partly closed (lid covers part of the pupil),-1.6050354184082067,-8.639781827982395,-1.8229690755873014,0.117220746746465,-0.09681169741973306,0.13522550349581192,0.10293080657720566,0.23036672733724117,0.0726349800825119,-2.873481343232566,0.8424550587218901,0.3549334623791168,-0.07829185528013201,0.23941418528556824,0.44857413321733475,1.9705454449762048
1,2,True,partly closed (lid covers part of the pupil),-2.2129154394941675,-11.0547272787695,-2.578535621598628,0.1728756191355088,-0.2973530469327397,-2.5429691377399433,0.11714215576648712,0.19740907661616802,0.09422022849321365,-4.3410795481043785,0.6805025611773662,2.392255600869839,-0.12218642758129519,0.5027903318405151,0.48105213046073914,0.16769097911151493
1,2,False,eye open,1.3765496560976143,0.9884369710526444,1.385096491062907,1.3320967206451708,-0.10723889994941872,0.18409612600753547,0.4831593930721283,0.5880215540528297,0.6347963809967041,1.8604604497163573,1.3863927686080466,1.0009031421486771,-0.10383805361323471,0.6371696591377258,0.655912920832634,1.9212168719437155
1,2,True,partly closed (lid covers part of the pupil),0.6770200182593428,0.32230653697321143,0.6835953402336171,0.2522352014140134,-0.16500466236216965,0.16107149692627765,0.4034823179244995,0.4638436771929264,0.17677779495716095,0.18331850486717366,0.6770200182593428,0.7698116508534582,-0.1520928165621436,0.5621710419654846,0.5054217986762524,0.5865993519140028
1,2,True,partly closed (lid covers part of the pupil),0.8328825618186998,0.866322520203804,0.8856972694699092,0.973201205278613,-0.14289422552598044,0.13864718924730043,0.4685855805873871,0.6596182808279991,0.4960131347179413,0.8702484972957331,0.8328825618186998,0.8792776334596553,-0.14101209728058425,0.4685855805873871,0.6957542151212692,0.8861573887381606
1,2,False,eye open,1.0640756678564138,1.0956062987938733,0.9214496628493367,0.7996359597024513,-0.1277883914585452,0.32980787704306247,0.7600206732749939,0.6358903273940086,0.6304281949996948,0.7460050099716901,1.0668357773853239,1.1027532636011799,-0.120314353439774,0.8047192692756653,0.6814476251602173,0.7645883727424354
1,2,False,eye open,0.8398563005675802,0.8505200807648308,0.9018924199917264,1.0049218740716637,-0.14883912574631156,0.12592052176046262,0.6434175372123718,0.6919005438685417,0.5922239422798157,0.9241719294366835,0.8398563005675802,0.8625895246261478,-0.14432794073855254,0.696355402469635,0.7251186668872833,0.9395339433900758
1,2,False,eye open,0.853913381627898,0.835835754737135,0.9008257709715354,1.0132774206682633,-0.1483720669208466,0.14557282160016363,0.31831252574920654,0.5863180682063103,0.31317031383514404,0.9322982425495577,0.853913381627898,0.8645342658806828,-0.14394917522529876,0.48228761553764343,0.6507283598184586,0.9427925297920833
2,1,True,eye closed (full closure),0.5906674411983959,-0.9614854994379999,-1.752482685335667,0.578211250646699,-0.11404975621952744,-0.2633279159894987,0.06552530080080032,0.10127803729847074,0.20979025959968567,-3.3372099541477556,0.5906674411983959,-0.05081841485238224,0.5593872567404259,0.387479692697525,0.3456065822392702,-0.2714868765182309
2,1,True,eye closed (full closure),0.3088515482680823,0.1840036135387731,0.34661199316581237,0.14436790621921294,-0.13611368087677628,0.05614968537733883,0.22097837924957275,0.19385547656565905,0.2694185972213745,0.06034073051619193,0.3088515482680823,0.1840036135387731,-0.0899182397799725,0.46737849712371826,0.2513315677642822,0.6821495815470753
2,1,True,partly closed (lid covers part of the pupil),0.6591429027496425,0.7429316386443935,0.6585693211651457,0.6752553154200116,-0.1459932491561445,0.1153247489269492,0.7130347490310669,0.6394422128796577,0.7667804956436157,0.45335269231419756,0.6591429027496425,1.0063977894120386,-0.14078143101220986,0.7130347490310669,0.6394422128796577,0.4580364967493847
2,1,True,partly closed (lid covers part of the pupil),0.6575639441218143,0.7477987250738458,0.6880746760011668,0.693201518765601,-0.14427286744176354,0.08450723007042547,0.4711501896381378,0.6095176637172699,0.5824455618858337,0.49331131296902975,0.6575639441218143,0.781189697647455,-0.14427286744176354,0.7133991122245789,0.7264756858348846,0.6743816035123329
2,1,True,partly closed (lid covers part of the pupil),0.586144329489747,0.3192073146676378,0.5924097178814018,0.2315657292414016,-0.1166974205108972,0.05009459515772805,0.24655072391033173,0.30761954188346863,0.45951932668685913,0.1467681194632048,0.586144329489747,2.820379138433787,-0.1166974205108972,0.35041871666908264,0.30761954188346863,0.1467681194632048
2,1,True,eye closed (full closure),0.2833820158340176,-1.1057012341052623,-1.7884011334750176,0.9590166499288508,-0.23512222361128474,-0.5584181356002834,0.04896731302142143,0.10245541390031576,0.10132896155118942,-3.02211423245552,0.5782538149253141,0.2667021556410274,-0.08524998958203109,0.28664666414260864,0.406997874379158,1.2008841736335347
2,1,False,eye open: the rule is wrong,1.1025052700521163,0.8700907445855639,1.0667013376672083,1.2623652280751334,-0.15670008751093886,0.14134700170854692,0.1581442952156067,0.615351065993309,0.14304305613040924,1.366280682578859,1.1996965503168613,0.9399604396615187,-0.10442155269408676,0.4517602026462555,0.7367852255702019,1.5053579600672335
2,1,False,eye open: the rule is wrong,1.178355348794347,0.9991945610346168,1.1547400091678126,1.1966035026352764,-0.11163445430678835,0.1413463349585365,0.34692811965942383,0.7702190577983856,0.2605593800544739,1.3933210978696782,1.179610287668325,1.0053207057674274,-0.10820235862816185,0.4088612198829651,0.7702190577983856,1.3969498998287768
2,1,False,eye open: the rule is wrong,1.126479934307422,0.9648084612951414,1.1149235321081803,1.1990175648140755,-0.13552460724257198,0.14108696920448388,0.2447395920753479,0.7270040363073349,0.2341899871826172,1.346070659563851,1.1307109510119653,0.9749425076547736,-0.13180230862191109,0.32788053154945374,0.7673217728734016,1.3660085545528995
2,1,False,eye open: the rule is wrong,0.8264310598194112,0.9408520605723999,0.8493378338959037,0.9113763872894378,-0.1365117306329958,0.10143434595991166,0.5261207222938538,0.7263226360082626,0.6350499391555786,0.7844937494370765,0.8264310598194112,0.9458480985911107,-0.1280745093136642,0.6553571820259094,0.7908956855535507,0.7998071396161155
2,1,False,eye open: the rule is wrong,0.7992364389751826,0.8372806921668432,0.8134450139600783,0.9568922078579941,-0.13657257157144642,0.11552977455515273,0.8016648292541504,0.830024003982544,0.9457488059997559,0.7943516605039265,0.7992364389751826,0.8794079368376658,-0.13491003042046923,0.818035364151001,0.9085460305213928,0.7952375378219837
2,2,False,eye open,0.7554407837032381,0.7852395057242909,0.7522915364420553,0.9394340368454589,-0.1444303871317248,0.1264964787265075,0.61800217628479,0.7422231584787369,0.8811219334602356,0.7289157591939877,0.7554407837032381,0.8188841026186789,-0.13067016710422136,0.667317271232605,0.8097101897001266,0.7289157591939877
2,2,False,eye open,0.8512393879005199,0.8505420697173638,0.8410546318289787,1.0229160507211246,-0.13303296245364005,0.1365497353835896,0.5143744945526123,0.6849751621484756,0.7017346620559692,0.8689032301157457,0.8512393879005199,0.8701087665368259,-0.13303296245364005,0.5143744945526123,0.7282618433237076,0.8854281096477807
2,2,True,eye closed (full closure),0.5135718035344319,0.3092005486086007,0.5405959078218111,0.6447788328113202,-0.15547410092928282,0.08306304954786015,0.5216046571731567,0.5487354919314384,0.5514489412307739,0.35839894380471765,0.5135718035344319,0.8519175875175183,-0.14317923073717548,0.6598216891288757,0.5487354919314384,0.35839894380471765
2,2,False,eye open,1.055241171737052,1.154623428100413,1.0248721090136268,0.9112073019066517,-0.14194340959286578,0.17499187398424804,0.7754425406455994,0.8062646090984344,0.8710441589355469,0.9403382373801454,1.0654758515597873,1.1642873138660152,-0.13821260990957204,0.8284277319908142,0.828476294875145,0.9531607600358307
2,2,True,eye closed (full closure),0.4381874311931135,0.15089316257512045,0.43674625994916033,0.20674946752136406,-0.14465374838521483,0.02226278284785598,0.15974406898021698,0.21382373943924904,0.20187173783779144,0.10559024242023472,0.4381874311931135,0.19008108581089628,-0.14465374838521483,0.23522105813026428,0.21382373943924904,1.7623167559657684
2,2,False,eye open,1.1519996577140235,0.9255784498175922,1.1453209984581405,0.9824141379515018,-0.12932599908321873,0.14081760220027503,0.5351928472518921,0.7551145404577255,0.6506179571151733,1.1335207733944084,1.1604899955404087,1.2156971899317923,-0.12473642538650664,0.6009304523468018,0.7863953113555908,1.1524741567322065
2,2,False,eye open,0.8305119972880419,0.8661042859482992,0.853291328082677,0.7111356546066927,-0.14851506438304787,0.12005267325082301,0.5602403879165649,0.6611459702253342,0.7115462422370911,0.6110081685546026,0.8305119972880419,0.8931802128684384,-0.145557694711839,0.6267439126968384,0.6801171377301216,0.8787569071678208
2,2,True,partly closed (lid covers part of the pupil),-0.8901767215914982,0.19814511745300467,0.43804642246947534,0.7685959191909384,-0.13880935116889612,-2.378023419594116,0.12113833427429199,0.11655954527668655,0.0982888862490654,0.9686873540161114,1.1392190613794455,0.9247148285608756,-0.07455615285243988,0.5172960758209229,0.4584840312600136,1.3470993813089178
3,1,True,eye closed (full closure),0.4608435319035111,-3.6555891134185967,-2.4372726490733396,0.34760638469246935,-0.2424356029242349,-1.169688478107026,0.06014179438352585,0.09175289049744606,0.08343654870986938,-2.852658942795428,0.4608435319035111,-3.6555891134185967,-0.11245797322635273,0.2478710263967514,0.15507075190544128,-1.3551572773927143
3,1,True,eye closed (full closure),0.3928222567552116,0.21920829255569654,0.46463502738633705,0.40678417196442535,-0.14977642891030402,-0.9987968904277377,0.5516600608825684,0.2895063441246748,0.33136457204818726,0.25047064082256365,0.3928222567552116,0.4373510274067448,-0.1458429709281063,0.5516600608825684,0.2895063441246748,0.45038072406312984
3,1,True,eye closed (full closure),0.4334526893071477,0.559631857693235,0.5126118581071631,0.07780611792392006,-0.17504880145525703,-1.0108522615430813,0.3979776203632355,0.24914203584194183,0.14237508177757263,0.04596448397624534,0.4334526893071477,0.6351386418301752,-0.1743266612944167,0.5933905243873596,0.316144410520792,0.42832691796932315
3,1,True,eye closed (full closure),0.3624411852520601,-22.56539649448805,-4.137420887286713,0.0958183164707895,-0.17789662165692222,0.03999444832323002,0.19361574947834015,0.21987946704030037,0.11780640482902527,-5.721159377934223,0.3624411852520601,-1.6105942970920097,-0.13668608170358373,0.43867188692092896,0.24418386816978455,-3.2155349740910255
3,1,True,eye closed (full closure),0.4170909273919027,-3.311621120815792,-2.353168967815579,0.43122412706714675,-0.11995632540214035,-0.6503795668742213,0.3042593002319336,0.17494215816259384,0.22199195623397827,-1.6368983066772766,0.4180060893468541,-3.0865305357546595,-0.11995632540214035,0.3510564863681793,0.17494215816259384,-1.6368983066772766
3,1,True,partly closed (lid covers part of the pupil),0.683566698602649,0.9976544585098505,0.7323769884053336,0.6614288921647906,-0.16665753700810007,0.10247635392044954,0.7821781039237976,0.7524417340755463,0.6001265645027161,0.4892176872646796,0.683566698602649,1.0015742497695967,-0.1626189560209043,0.8119263052940369,0.7971871197223663,0.49768830769085587
3,1,True,eye closed (full closure),0.33711676435289806,-3.068753974569911,-2.3765696020366,0.3597084934932902,-0.1768639675596317,-0.9972166679068226,0.20601370930671692,0.1821331772953272,0.1789795458316803,-4.874756253578943,0.33711676435289806,2.4038777920284193,-0.13191607257920243,0.20601370930671692,0.1821331772953272,0.7973683146214772
3,1,True,eye closed (full closure),0.14404640937359675,0.6451525453969392,1.6472568014637006,1.0592033448081604,-0.25699914983352884,-1.2425366096669892,0.1932578682899475,0.20089927315711975,0.12302884459495544,1.7379624753575564,2.046250053904192,0.6451525453969392,-0.2171524647703363,0.20369619131088257,0.20089927315711975,6.938940925053071
3,1,True,eye closed (full closure),0.41800629518625015,0.47482429746088756,0.6445226534270786,0.26547083461573523,-0.2999556182493959,0.08410262580590346,0.05746418982744217,0.09513015765696764,0.18780674040317535,0.2806360463727256,1.6654088850369477,3.661814925407657,0.535408562775374,0.05746418982744217,0.09513015765696764,0.2806360463727256
3,1,True,partly closed (lid covers part of the pupil),0.8186026942524391,1.0323272085943707,0.7967207110790254,0.6956101058118199,-0.17803214167541373,0.18269871651776878,0.7946834564208984,0.8300176411867142,0.6747272610664368,0.5597972505113042,0.8186026942524391,1.0501774498432122,-0.17089792039043275,0.8355152606964111,0.8580801784992218,0.5723961763622962
3,1,True,partly closed (lid covers part of the pupil),0.8460153558247866,1.0270696765597362,0.7972549808092466,0.7019323017790434,-0.1525592332775527,0.19870527720651446,0.8625657558441162,0.8753652721643448,0.7364276647567749,0.5644693994161485,0.8460153558247866,1.051235301442526,-0.14357586033838843,0.872813880443573,0.890238955616951,0.5687940695762511
3,2,True,eye closed (full closure),0.5674191434549298,0.7243642917389996,0.6520980535884572,0.6666920070000136,-0.1812709012450638,0.06667458255559724,0.6470522880554199,0.5571330860257149,0.7627002000808716,0.43474709426596164,0.5674191434549298,0.8924320774288977,-0.14884362055872455,0.6470522880554199,0.5571330860257149,0.43474709426596164
3,2,True,eye closed (full closure),0.4527665998409067,-35.22634244401991,-1.8714914537424476,0.04866386576342135,-1.354809878818295,-1.1566384491612587,0.07210592180490494,0.10473611438646913,0.07400016486644745,-2.962186043141592,0.4527665998409067,4.517869624452801,-0.18639216474759132,0.24430768191814423,0.2504498343914747,0.6272051952270343
3,2,True,partly closed (lid covers part of the pupil),0.7137423423885171,0.7029020157993131,0.7535632846295074,0.676819597026435,-0.1876363313971069,0.10687209981619306,0.707870364189148,0.6552079617977142,0.5617407560348511,0.512619447360527,0.7137423423885171,0.7578452084585637,-0.17932401474888426,0.769697368144989,0.6972420513629913,0.7590772904813679
3,2,True,partly closed (lid covers part of the pupil),0.992898232076303,0.9256560220231407,1.0082854026258588,0.9896257399286836,-0.16749324378879776,0.16068072422995552,0.8435521721839905,0.9091695696115494,0.805846631526947,1.002082276416765,0.992898232076303,0.936558239312567,-0.15867304370678914,0.8562403321266174,0.931964248418808,1.0060655200855828
3,2,False,eye open,1.424837590143504,1.2281835314040557,1.4058179672736042,1.0097574039566977,-0.19301955805064375,0.21419128903918525,0.7972450852394104,0.8263475894927979,0.8185386061668396,1.4630747571264202,1.4487725951191568,1.3195291610073407,-0.1830810011805229,0.839019238948822,0.8263475894927979,1.4630747571264202
3,2,True,partly closed (lid covers part of the pupil),0.8301556361965696,1.0319347667527365,0.802808768482941,0.7020700083905463,-0.17036301738909707,0.1938214903719043,0.7810788154602051,0.842459112405777,0.7211451530456543,0.5674140014062529,0.8301556361965696,1.0374922137285683,-0.15866903298973098,0.8136805891990662,0.842459112405777,0.5748273411361366
3,2,True,partly closed (lid covers part of the pupil),0.6121671872859592,0.26317553273788086,0.6767939383288926,0.6832438783365707,-0.17906943976087683,0.06722595060590852,0.6347917914390564,0.6026194542646408,0.62812739610672,0.4619610949247425,0.6121671872859592,0.26317553273788086,-0.1281611970512786,0.7642630934715271,0.649572528898716,1.5880108381227327
3,2,False,eye open,1.2406096839408116,1.0937171725970143,1.2459197550507328,1.0311033767587006,-0.16861455584211074,0.18769606997223634,0.7817707657814026,0.822675496339798,0.9349589943885803,1.2855386937074433,1.2444747302809203,1.1030494872797203,-0.166959185148948,0.7963159680366516,0.8290279060602188,1.2903134468199886
4,1,True,eye closed (full closure),-2.2828742798944073,-14.336029731242274,-5.92256007159253,0.08641864549343084,-0.40708957368556004,0.06775690553082461,0.18126451969146729,0.12390094809234142,0.048751890659332275,-1.7735093375760465,0.3144756451666544,0.46248977404103625,0.06546949918791233,0.2969469428062439,0.19835727848112583,0.17264008181458687
4,1,True,eye closed (full closure),0.37734736554308174,-5.723461138480977,-3.4595673684921393,0.49283543077313485,-0.24095191106590227,0.006576598966196689,0.151603564620018,0.2192002423107624,0.1952940821647644,-8.11551937807685,0.37734736554308174,-0.9561555440170344,-0.19931769144527148,0.32605570554733276,0.2413527723401785,-8.11551937807685
4,1,True,eye closed (full closure),0.24033267486533133,-0.8745219237113104,-3.1035894506460897,0.3360065971674218,-0.43296088132948396,-1.3240101437245047,0.17348356544971466,0.23202070780098438,0.11811307072639465,-7.983645711936324,0.24033267486533133,0.6327030219946739,-0.429845693149752,0.34489336609840393,0.3518891781568527,4.8186810196366725
4,1,True,eye closed (full closure),0.4109014886913587,0.24304040600581542,0.5642528963192379,0.8222443112430512,-0.24587865332450476,-1.3026095645761553,0.13150712847709656,0.28045377507805824,0.3518483340740204,0.4316830813935013,0.4109014886913587,0.5913451959352246,-0.24278248836492297,0.56870037317276,0.3611820787191391,5.660967151032702
4,1,True,eye closed (full closure),0.46415599940541274,0.5935037228951652,0.6381350069781248,0.41339002346872,-0.2576148931159994,-1.285933266271953,0.32343533635139465,0.30166367441415787,0.36668846011161804,0.48766281152473495,0.46415599940541274,4.296034910497949,-0.21579777882163925,0.642227292060852,0.3098737020045519,0.8004855023421064
4,1,True,eye closed (full closure),0.507369041518395,0.6054243582450667,0.6546612936034286,0.8228763444896112,-0.24207156345188288,-1.1397452546237634,0.3463831841945648,0.5613481178879738,0.5796756744384766,0.4946847976870372,0.507369041518395,2.031305925490002,-0.21702586356247572,0.6849003434181213,0.6287544220685959,1.5554468047146768
4,1,False,eye open: the rule is wrong,1.4729513336962838,1.0513044933147349,2.17526147076396,1.6812981508816425,-0.24288630079488524,0.239365918025955,0.3718273341655731,0.6513233259320259,0.2873358130455017,3.2513278019146488,1.5133812445210606,1.0540136714117143,-0.1875409593708858,0.40942254662513733,0.6697280555963516,3.263538210314568
4,1,True,eye closed (full closure),-2.314889063361575,-3.430595302867301,-3.4357714941665973,0.7777476693316303,-0.49487004898615067,0.03529459562544747,0.06838823854923248,0.08731622900813818,0.04695959761738777,-6.018505914747434,-1.8272167345805579,-2.9640470955709315,-0.09880551841875733,0.2804087698459625,0.23277116566896439,-1.9549165470820906
4,1,True,eye closed (full closure),-2.1948263560897696,-7.2739920263256685,-3.61007799927902,0.4046528778934471,-3.745673746067459,0.08018232941233061,0.05873246490955353,0.1156600620597601,0.0846761018037796,-7.202102295927471,-1.9378949406983754,-0.9541401886366799,-0.15652332715576905,0.39851611852645874,0.26043150946497917,-6.5236263527944915
4,1,True,partly closed (lid covers part of the pupil),0.79220903305894,0.4676806814166616,0.7363573278191359,0.6141059860432705,0.14100418415727203,0.26159862717572985,0.46448200941085815,0.68842613697052,0.7450898885726929,0.4092398279491073,0.79220903305894,0.46858788176978833,0.1566975255002869,0.46448200941085815,0.7416030615568161,0.8727895724682667
4,1,True,partly closed (lid covers part of the pupil),0.8378798004053704,0.9409753080533287,0.7102153469285041,0.5634019793699369,0.1550743013009029,0.3174002541230452,0.5583245158195496,0.7008073851466179,0.6944595575332642,0.37019500722707166,0.8378798004053704,0.9715130119334817,0.15857756317169802,0.645710825920105,0.7426105439662933,0.37633525707932514
4,2,False,eye open,1.394375969121152,1.031550091943661,1.97732866974562,1.5621051394263146,-0.176218610497801,0.2445934989232178,0.6620162725448608,0.8697199374437332,0.7386607527732849,2.7473299976102394,1.4064246289939184,1.0332227469350361,-0.1562977661168458,0.7167271375656128,0.8979048728942871,2.749034355996082
4,2,True,partly closed (lid covers part of the pupil),0.7130499219925801,0.6356785196514394,0.6632179380269687,0.6572915068426937,0.14850286578017555,0.2053529439180523,0.5378925800323486,0.6616053730249405,0.726924479007721,0.44690869642901443,0.7130499219925801,0.6390044052093099,0.1556528789537555,0.5766397714614868,0.7116294950246811,0.5195705694541428
4,2,True,eye closed (full closure),-2.038375222396021,-3.1133041527000453,-3.9007368032864513,0.6833769763397658,-0.774974464723952,-0.10730101677752901,0.06321711093187332,0.1333312038332224,0.1389833390712738,-7.159505719432261,0.3484983089358413,0.07713598536845294,0.20129230169685766,0.07306476682424545,0.18269912339746952,0.5202181696767981
4,2,True,partly closed (lid covers part of the pupil),0.5979184669497877,0.6209236543792087,0.6668087067104544,0.7914473378254321,-0.21612144532447974,-1.111826776731395,0.38447168469429016,0.5471312180161476,0.5088537931442261,0.4920205958365039,0.5979184669497877,2.0912218460392684,-0.20980682327577949,0.4737100899219513,0.6439261212944984,1.6205196725023414
4,2,True,partly closed (lid covers part of the pupil),0.8514988981945751,1.014293704447646,0.7074469248760807,0.5570316628150234,0.1300718112972654,0.38695077755374163,0.5572761297225952,0.771020695567131,0.89481121301651,0.3503307832472894,0.8514988981945751,1.068646674368715,0.1300718112972654,0.5572761297225952,0.771020695567131,0.3631768700157981
4,2,True,partly closed (lid covers part of the pupil),0.7812446313053854,0.463676791672564,0.6957354152707813,0.5613625186707968,0.12370691359531116,0.2669642622992252,0.5705023407936096,0.700325682759285,0.6887655258178711,0.34853885421162195,0.7812446313053854,0.463676791672564,0.14466724107732845,0.80288165807724,0.8063743636012077,0.8289512097582473
4,2,True,eye closed (full closure),0.5464247502632555,0.4843240138533323,0.5668884275908981,0.7673881464105382,-0.20121865465884775,0.11422030546671637,0.4253421425819397,0.45535139739513397,0.46547678112983704,0.48095296185118125,0.5464247502632555,0.828625489385677,-0.20121865465884775,0.4253421425819397,0.45535139739513397,0.7009812830682898
4,2,False,eye open,1.0951767693517842,1.0324329479425025,1.4509664950817502,1.1391782249533025,-0.16533325216759404,0.30613198554724436,0.722510039806366,0.7797425240278244,0.8804954886436462,1.4779660283728748,1.0989706621912156,1.046838743261613,-0.1577035820859423,0.8661246299743652,0.7880182564258575,1.510491965739504
5,1,True,eye closed (full closure),0.3303235939507113,-1.8648006235256713,-1.6231855775499915,0.9068808352464337,-0.16795771610844507,0.09191651670460416,0.06542360782623291,0.1365049984306097,0.2920352816581726,-1.7290129178704001,0.3303235939507113,-1.265265198904847,-0.16795771610844507,0.06542360782623291,0.1365049984306097,-1.7290129178704001
5,1,True,partly closed (lid covers part of the pupil),0.28732633880688235,-3.0853397685303396,-1.6785311621732664,0.3810158918646294,-0.14973643671590658,0.03699314961138675,0.08179260045289993,0.1695505096577108,0.0660298764705658,-1.5244425568545499,0.40492141179238983,0.5841843394777739,-0.09152343628031843,0.23639905452728271,0.204857487231493,0.4848043510660089
5,1,True,partly closed (lid covers part of the pupil),0.5285068383956508,0.5737356311567984,0.5587314399727703,0.3986293292149077,-0.08807505594788029,0.06982672619189312,0.20628398656845093,0.4952155351638794,0.38953694701194763,0.23085444756845636,0.5285068383956508,1.4117398800898504,-0.06704733999091726,0.42788150906562805,0.60867490619421,0.23576363757513186
5,1,False,eye open: the rule is wrong,0.6533192563269324,0.7047834155702583,0.6778828808915305,0.5116998749556366,-0.09021759930652143,0.11206517313623769,0.41524308919906616,0.5174905732274055,0.4782869517803192,0.35107407453008943,0.6533192563269324,0.7047834155702583,-0.06659583078158238,0.5261950492858887,0.5638163909316063,0.6732172303785193
5,1,True,eye closed (full closure),-0.06154245936258214,-13.2380063657204,-2.9650775943539864,0.23336081465430558,-0.7318126494919014,0.041986182983497426,0.03685279190540314,0.12964964099228382,0.059938009828329086,-1.975920089300491,0.42752510526573106,-13.2380063657204,1.3680835698565588,0.07491885870695114,0.16975718177855015,-0.6857267736724318
5,1,False,eye open: the rule is wrong,1.1738941387152515,0.7973993973797908,1.121740701708068,1.4568360438853771,-0.0898619256705476,0.14955203052393926,0.27366381883621216,0.6750685796141624,0.25183403491973877,1.629335872647846,1.1773707475422655,0.821719282750261,0.062260816822049106,0.40515872836112976,0.7147131636738777,1.6595426400377915
5,1,True,eye closed (full closure),0.28732633880688235,-3.0853397685303396,-1.6785311621732664,0.5123644179865391,-0.14973643671590658,2.017718683639662,0.08179260045289993,0.1695505096577108,0.0660298764705658,-1.5244425568545499,0.28732633880688235,-2.3986364433920664,-0.042315579123549676,0.1149769201874733,0.2093852497637272,-1.2128188964640205
5,1,True,eye closed (full closure),-1.46930497371033,-13.2380063657204,-2.9650775943539864,0.23336081465430558,-0.7924869238543089,0.041986182983497426,0.03685279190540314,0.12928997911512852,0.059938009828329086,-4.473985152649534,0.8915755466417782,-0.9655443700684104,-0.0973507028611865,0.10159963369369507,0.20755818858742714,-3.142507470652916
5,1,False,eye open: the rule is wrong,0.7429684612671,0.6545834173233575,0.8340526669030611,1.077134583312657,-0.10914481589831784,0.10841074632107328,0.44856876134872437,0.6477804481983185,0.5985633730888367,0.8978717736222566,0.7429684612671,0.783800183455887,-0.09325976046671305,0.5243886709213257,0.6849837899208069,0.9171345259536389
5,1,False,eye open: the rule is wrong,0.830411803128321,0.9015591265358419,0.8384372989578345,0.7681985399206088,-0.05594061533239332,0.130559893059866,0.3847198486328125,0.6717804074287415,0.5144773721694946,0.6558173398350892,0.830411803128321,1.1340178541035533,-0.04842045972015394,0.5586435794830322,0.7800920605659485,0.6777002016995352
5,2,False,eye open,1.0200594673259533,1.1737587909307985,1.1159757282498848,0.9845612724635132,-0.11753970297773492,0.17618875527211583,0.6839193105697632,0.8433540165424347,0.798602819442749,1.0922329625829876,1.0267856422271773,1.1737587909307985,-0.10948224986065198,0.6965959668159485,0.8701321482658386,1.098382170915373
5,2,False,eye open,1.0237400411171491,0.8376108164956607,1.0498947818148598,1.298565399594948,-0.02210262011366099,0.15003306327280957,0.7066794633865356,0.8026693165302277,0.9293294548988342,1.3511286878824946,1.0402660055302653,0.8376108164956607,-0.0022255493310522406,0.7067093849182129,0.8026693165302277,1.3652847104439778
5,2,False,eye open,0.9286447448573716,0.8490192674340142,0.9558870401554144,0.2705145739510159,-0.1533064663971111,0.1461300822609281,0.4047175645828247,0.6387461721897125,0.5945851802825928,0.2564131296373072,0.9286447448573716,0.941092972967629,-0.12187409864324651,0.4047175645828247,0.6387461721897125,1.1545173423358823
5,2,False,eye open,0.7095007320528006,0.7925920786206759,0.7725565252123299,0.8490174194430201,-0.09023599355366653,0.10283280680444937,0.4995638430118561,0.5630608052015305,0.4837207794189453,0.6633080157629156,0.7095007320528006,0.835726823058211,-0.06994281089446432,0.6690956354141235,0.6634062975645065,0.7448977017833321
5,2,False,eye open,0.7233047179870886,0.803226524199256,0.8179844418675324,1.0549861476150306,-0.09737141571091291,0.10123266187633069,0.3555324971675873,0.6133271157741547,0.5031552910804749,0.8552220936495977,0.7233047179870886,0.8078165397560073,-0.08109312528151699,0.5272967219352722,0.6136826127767563,0.8552220936495977
6,1,True,eye closed (full closure),0.39773988687060224,0.4807767347431703,0.5535731508285955,0.048290324475487374,-0.1681406852434416,-0.084981129386575,0.19977809488773346,0.28100612200796604,0.27235323190689087,0.02828789882385289,0.39773988687060224,0.5942990990879661,-0.11031553511390603,0.4959656596183777,0.4183361753821373,0.6719551140525466
6,1,True,partly closed (lid covers part of the pupil),0.6890120659836859,0.6940659753490528,0.7772655506873709,1.118418570103342,-0.15248011254015886,0.11844026157770775,0.6096019148826599,0.7540445625782013,0.7869603037834167,0.8850576482232141,0.6890120659836859,0.7011675220289394,-0.14704929337119724,0.6290467977523804,0.7796275317668915,0.8850576482232141
6,1,True,eye closed (full closure),0.28904284484898835,-5.234705809160052,-1.4005256603537566,0.06659666578150467,-0.11753041651896921,-0.9247004727129274,0.10875767469406128,0.1623343676328659,0.13737136125564575,-0.38386494188731723,0.48625586410988736,6.7446895584091,-0.11113968491612028,0.7802244424819946,0.4276065155863762,0.051940720417984934
6,1,True,eye closed (full closure),0.39677200249729816,-1.8420352379212486,-1.9529970935025496,0.218069269476068,-0.10427982671665766,0.06459287808068365,0.2534761428833008,0.20745981112122536,0.22626133263111115,-2.121259736453564,0.39677200249729816,1.8612270376716185,-0.029046140382171022,0.2534761428833008,0.20745981112122536,0.08907637032465138
6,1,True,partly closed (lid covers part of the pupil),-1.182726257906552,0.5756437387711733,0.6352514029655424,0.9826130632046275,-0.1326559431975427,-1.8781845067527783,0.2959197461605072,0.49948277324438095,0.2829565405845642,0.7181680318089544,0.6034219299557512,0.6078762038866898,-0.12705891289916862,0.3098989725112915,0.5797919631004333,0.7422713330731247
6,1,True,partly closed (lid covers part of the pupil),0.6009179469444331,0.5872849799815867,0.6509234330932323,0.32254328970053103,-0.13586857361108745,0.11629442724217676,0.3666234314441681,0.6031095758080482,0.25574079155921936,0.22568828303610258,0.6009179469444331,0.6051078799881031,-0.12634651222267834,0.5432834625244141,0.7174067944288254,0.7429320937440235
6,1,True,eye closed (full closure),-1.5559627046629199,-0.9816366746743183,-2.0873023172483913,0.36391933494286643,-0.14365051904879206,-2.5428713278660493,0.22994345426559448,0.15647622756659985,0.15723787248134613,-4.546827977720565,0.6421082896914199,0.8064051670220733,-0.11074338359245031,0.5005649924278259,0.47657713294029236,0.6449333193126652
6,1,True,eye closed (full closure),-1.4196560319571099,-34.1698450694657,-1.4930256460319762,0.04408404545564053,-0.11886920871338695,-2.3377270463254276,0.21027648448944092,0.15401752572506666,0.18322572112083435,-0.06683133162625744,-0.9483821787809734,4.574159105422426,-0.0790279772254654,0.21027648448944092,0.15401752572506666,0.42049453559366967
6,1,True,eye closed (full closure),-1.4444042166761002,-12.884933417622703,-2.0466714063258635,0.03135368339731133,-0.14249535954692635,-2.2707055081724787,0.1548403650522232,0.12656203284859657,0.13153964281082153,-2.6208430497107855,1.1390151488483136,-12.884933417622703,-0.08729270399846062,0.21111473441123962,0.16982036642730236,-0.33304479783435675
6,1,False,eye open: the rule is wrong,0.8413589153493732,1.064237730916241,0.8797159563233564,0.8279380408251875,-0.14131932555949703,0.17746985382916147,0.777615487575531,0.8276949673891068,0.6817807555198669,0.744963295025406,0.8413589153493732,1.064237730916241,-0.14131932555949703,0.8230682611465454,0.8661161810159683,0.744963295025406
6,1,False,eye open: the rule is wrong,0.841830696755141,0.9758440161812805,0.7923466602274896,0.800180497255321,-0.14112800226700054,0.2502813150831735,0.6438433527946472,0.7637201398611069,0.6449934840202332,0.6486304733378857,0.841830696755141,1.0065774625569104,-0.12943703474322696,0.7522284984588623,0.7999035716056824,0.6486304733378857
6,2,True,partly closed (lid covers part of the pupil),0.6374827837833782,0.6379226061011909,0.7109708527046859,0.7120297306156965,-0.15564754106015233,0.11041410035401088,0.4483582377433777,0.5716679766774178,0.5741996169090271,0.5199757242330678,0.6374827837833782,0.9943456339729175,-0.14469110430658685,0.625914454460144,0.6955504268407822,0.5254900806558007
6,2,False,eye open,1.0875315229130802,1.059672757261313,1.0366150248112096,0.9745639088321032,-0.15778521394268102,0.306955700339383,0.38040876388549805,0.788888469338417,0.38916823267936707,1.025791813136061,1.0875315229130802,1.0704317718958278,-0.15778521394268102,0.38040876388549805,0.788888469338417,1.0396443932969006
6,2,False,eye open,0.994240981305324,0.9094665548810817,1.079726016883692,1.1943846892418168,-0.16187237543562735,0.15092378623302566,0.3431171774864197,0.800111398100853,0.44184696674346924,1.3131942980637044,0.994240981305324,0.9272481080082169,-0.15692763357336115,0.42018425464630127,0.8320500999689102,1.3312469716963946
6,2,False,eye open,0.7903403859462051,0.4300433870422399,0.7672991609633936,0.25495426798320303,-0.14438583457409654,0.17721967390443677,0.557628870010376,0.6743565611541271,0.5730676651000977,0.20459445198327583,0.7903403859462051,0.8134453459771984,-0.12715324046175303,0.7409461736679077,0.734744556248188,0.7973189934134324
6,2,False,eye open,0.5683466821016133,0.6456362334509863,0.6146161107553119,0.8658550516087345,-0.15171089559469095,-0.0077276403850353795,0.2746291160583496,0.3962244540452957,0.2974778413772583,0.5644438664522241,0.5683466821016133,0.8270851133519687,-0.11225890263457196,0.5573254823684692,0.4421476349234581,0.6914428586972423
6,2,False,eye open,0.8372063286979423,0.9222697702084355,0.9045802937479581,0.9853838639026874,-0.12277493482805113,0.12268798396337266,0.6424564123153687,0.8777835220098495,0.7697551250457764,0.9089183257900337,0.8372063286979423,0.9222697702084355,-0.10341863647389446,0.6663437485694885,0.8870663940906525,0.9089183257900337
6,2,True,partly closed (lid covers part of the pupil),0.4472164861501862,0.5073219845808816,0.5098503636829781,0.952061980830152,-0.10594335056995585,0.06251924121401928,0.2780453860759735,0.36860300973057747,0.5199671387672424,0.5149211290432026,0.4472164861501862,0.5459803340394234,-0.092879061627524,0.5490763187408447,0.36860300973057747,0.5149211290432026
6,2,False,eye open,1.0414743076479862,0.9202253191265833,1.0938702857897566,1.1993027522041753,-0.12947517384091084,0.15514482694541376,0.5329767465591431,0.6962078809738159,0.5471380352973938,1.3320669736188455,1.057725804544107,0.9402654807987532,-0.11582184772313903,0.6532293558120728,0.7241809815168381,1.3757261947687736
7,1,True,eye closed (full closure),0.3132611069245495,-1.158460462798607,-1.8208957066605218,1.5773197981719795,-0.1628112893778383,0.06862821326600384,0.1824449896812439,0.19465861655771732,0.4280095398426056,-2.858716419119611,0.3132611069245495,-1.158460462798607,-0.15671318188908068,0.1824449896812439,0.19465861655771732,-2.858716419119611
7,1,True,eye closed (full closure),0.15861590490615404,-0.34409424117742227,-1.1082693990531083,0.38075754131331174,-1.322179010329857,-0.9395040104123225,0.05184344947338104,0.1245178859680891,0.10975084453821182,-3.565294654643553,0.5782223875259324,0.6175385709740288,-0.11590174077482646,0.19674408435821533,0.3433341756463051,0.9054676945450238
7,1,True,eye closed (full closure),0.20952084607720264,-0.5428259299874097,-1.8088230484788423,0.4432978512309728,-0.15779362056754132,-1.097058434070763,0.04412810131907463,0.1316347848623991,0.10153335332870483,-6.020238959985475,0.6063078359556303,0.6479064289096755,-0.15779362056754132,0.28971490263938904,0.4585343562066555,0.9447892322815068
7,1,True,eye closed (full closure),0.4032990992495742,-4.593973268165247,-1.908421229715268,0.4061396466651015,-0.1432989287503281,-0.8816179814250122,0.14638248085975647,0.1746340012177825,0.22914400696754456,-1.7022403841929055,0.4032990992495742,-4.593973268165247,-0.09476344434124483,0.16044950485229492,0.25453253649175167,-0.7516048740380628
7,1,True,partly closed (lid covers part of the pupil),0.6115097820579022,-3.691883352321572,-2.225968980741256,0.6050441082336379,-2.5392589702375146,0.18496310967291377,0.1427694410085678,0.3493214249610901,0.31370851397514343,-1.3405172098803255,0.6115097820579022,-3.691883352321572,0.2977890307765747,0.1427694410085678,0.40972303226590157,-1.3405172098803255
7,1,True,eye closed (full closure),-1.428168028326275,-7.073409419001787,-3.0491569439908845,0.4325804430839323,-0.22946297089535322,-0.8366093791011832,0.11512453854084015,0.19057892262935638,0.236043781042099,-8.147081192340885,0.43321130596047475,-7.073409419001787,1.0637067698474294,0.13341400027275085,0.20584220811724663,-1.3128433521924656
7,1,True,eye closed (full closure),-1.1943729398797116,-135.84000329197644,-2.526640343697119,0.01605845871576464,-1.731723984862172,-4.343068107974125,0.049946680665016174,0.08545598806813359,0.01657644845545292,-5.49496682816183,0.39439619418580596,-0.3104294177574435,-0.06616810415715368,0.24864017963409424,0.18354488536715508,-0.12912105735896545
7,1,True,partly closed (lid covers part of the pupil),-1.7817439539745472,-3.691883352321572,-2.225968980741256,0.6050441082336379,-2.5392589702375146,-3.766425773325586,0.0827089473605156,0.17806404642760754,0.04695314168930054,-3.739943467143212,0.5171155232207575,0.023015884355168163,0.5472116548646836,0.12782146036624908,0.2884826920926571,0.08994804313151815
7,1,True,eye closed (full closure),-1.428168028326275,-7.073409419001787,-3.0491569439908845,0.4325804430839323,-0.22946297089535322,0.2554849180128561,0.11512453854084015,0.19057892262935638,0.236043781042099,-8.147081192340885,0.43321130596047475,-7.073409419001787,1.0637067698474294,0.13341400027275085,0.20584220811724663,-1.3128433521924656
7,1,False,eye open: the rule is wrong,0.807270223847547,1.0572662544895914,0.758764450890886,0.6543969039214059,-0.03377030593737056,0.18212252856956385,0.6936655640602112,0.6375661790370941,0.7364414930343628,0.527690841312678,0.807270223847547,1.1982817536576404,-0.021818565657336763,0.779600977897644,0.6636373698711395,0.5537585186200651
7,1,False,eye open: the rule is wrong,0.8435157649209546,1.0203706620525197,0.6367050390155794,0.6108038237837535,0.0064096854956479455,0.375125971855251,1.0,0.8229251205921173,0.8124362826347351,0.39617988784529545,0.8435157649209546,1.045972165867309,0.01802798264550085,1.0,0.8592445850372314,0.41008543546058646
7,2,True,eye closed (full closure),-1.6571779483813143,-1.6805409478164535,-1.8343232485164467,0.7664256992107585,-2.523785201552612,-3.0248521630214587,0.029317621141672134,0.08870895579457283,0.024267112836241722,-2.570070714579997,0.576056754965506,0.5897158646777426,-0.1758406409497003,0.47852370142936707,0.5501075834035873,1.0681914635404595
7,2,True,partly closed (lid covers part of the pupil),0.8419512200264758,1.0452634293328722,0.7227948151383935,0.685304383200821,-0.006926908756934755,0.288688615669094,0.9052781462669373,0.8431079983711243,0.7753665447235107,0.49921364756449504,0.8419512200264758,1.0713803630441008,-0.0012470659973300045,1.0,0.8966475278139114,0.5069847156224805
7,2,False,eye open,1.0296935951481034,1.0108432791691329,0.9080819433193802,0.8871780950466429,-0.059417153094975216,0.4232326359584205,0.7830673456192017,0.8545957803726196,0.758041501045227,0.8048971874226836,1.0318876931479846,1.0108432791691329,-0.04592787996424298,0.8436095714569092,0.88020159304142,0.8147950852545239
7,2,False,eye open,0.8400199378564817,1.2648363335195005,0.5073357017408691,0.3913023951046485,0.024273679716469668,0.14290328311423442,0.6296602487564087,0.5842449739575386,0.6845319867134094,0.1989079195110787,0.8400199378564817,1.2648363335195005,0.027661642871852,0.7084985375404358,0.6237057894468307,0.20325379643261812
7,2,False,eye open,1.0420018101910942,1.043702897907913,0.9973295333256994,0.9496287528517117,-0.0883711001502756,0.37698752321402235,0.7455981373786926,0.8910220414400101,0.8143284320831299,0.9446263962712012,1.047599260229918,1.0498657030924048,-0.07046601457706302,0.848271906375885,0.9274988323450089,0.9533497359000246
7,2,True,partly closed (lid covers part of the pupil),-2.155125537482846,-4.698417732483455,-2.2009289850011853,0.06611168316735722,-2.952322391818297,-0.9296665898559965,0.11551909893751144,0.11271395720541477,0.034644875675439835,-9.234589072025981,0.6039997255871392,0.9200233178102436,-0.18066585897655202,0.4591473937034607,0.3523634895682335,0.5595373238743264
7,2,False,eye open,0.8587586312220236,1.251853806377147,0.5773449991305786,0.4421010474499383,0.02103688749969959,0.4688432831425083,0.7011461853981018,0.7354761809110641,0.7334523797035217,0.25494945703100447,0.8587586312220236,1.251853806377147,0.0285654641320088,0.7719140648841858,0.7636931091547012,0.2659496058936253
7,2,True,eye closed (full closure),-1.0699046430369883,-4.643665426199797,-2.3003408414585356,0.43856428891552873,-2.794880545270937,-0.35166243265518465,0.08735435456037521,0.1447334848344326,0.07591130584478378,-7.91411159725696,0.47796951953877553,0.33795677028280086,-0.11895739175468086,0.39274168014526367,0.20808551460504532,0.9303449375272365
8,1,True,eye closed (full closure),0.18475359718024126,0.2889305269770628,0.54234029287313,0.39038521900492595,-0.5267076182451709,0.08279736231322594,0.3975636065006256,0.2215464450418949,0.40008968114852905,0.21968080239282664,0.5572352960125965,0.2889305269770628,-0.06066866619250306,0.4356273114681244,0.2215464450418949,0.936112966417605
8,1,True,partly closed (lid covers part of the pupil),0.69246593747471,0.29469305487964176,0.6216660931137536,0.5732575925870665,-0.1345864544212473,0.15985501696632196,0.5862025618553162,0.521727479994297,0.5754717588424683,0.35170398264446573,0.69246593747471,1.050192579701802,-0.11923851672948886,0.5862025618553162,0.5474859923124313,0.3633555574403575
8,1,True,partly closed (lid covers part of the pupil),0.6711916403519042,1.0329521486348754,0.647456374908806,0.00983756577442233,-0.16499301638391453,0.1305515867816399,0.47489461302757263,0.49872392043471336,0.5319782495498657,0.006789900471588348,0.6711916403519042,69.10856353033739,-0.16499301638391453,0.8459669947624207,0.49872392043471336,0.006789900471588348
8,1,True,partly closed (lid covers part of the pupil),0.6761801179037551,0.6559785827469153,0.6276700430179608,0.40216230823046495,-0.134979037213088,0.15775858904192588,0.4650486707687378,0.5216760039329529,0.5014175772666931,0.25334687128811145,0.6761801179037551,1.374897111080956,-0.10644087485274414,0.4650486707687378,0.5669151842594147,0.26349389140952634
8,1,True,partly closed (lid covers part of the pupil),0.6828075880801393,0.7001760785140719,0.6239672689817909,0.3955210395259931,-0.14938222929123285,0.15690457721091713,0.3966403901576996,0.5824002474546432,0.5003976225852966,0.23990720004092653,0.6828075880801393,1.4694236135738512,-0.11218854161661136,0.4569264352321625,0.6352802589535713,0.2505466524438529
8,1,True,partly closed (lid covers part of the pupil),0.4750713621788702,0.28394129199422324,0.5394803879227366,0.0074176859560763355,-0.180471881332151,-0.8587196408693212,0.32199063897132874,0.3411296606063843,0.3410254716873169,0.005158448253186408,0.4750713621788702,1.20832487162922,-0.12376227231615788,0.7251813411712646,0.4503837563097477,0.39858192663515046
8,1,True,eye closed (full closure),-1.6086262790388872,-2.6570543284617543,-2.77678064302196,0.1958639617505363,-1.1175242252732782,-3.0076493951130905,0.07928404957056046,0.11568579450249672,0.059815362095832825,-6.210884028040218,1.088302495495913,-0.08562716775799216,1.0520701479587435,0.22411814332008362,0.20786126609891653,-0.10771774471104378
8,1,True,eye closed (full closure),-0.8761782714834926,0.11832524248332,0.11656923231360301,0.15268065654505927,-1.8587257096859209,-0.7291565747718498,0.0932484120130539,0.13262192718684673,0.05095045268535614,0.060439511576149886,0.5132849937889565,0.5340281097058355,-0.006080954232865268,0.28641024231910706,0.14493002649396658,0.060439511576149886
8,1,True,eye closed (full closure),-2.9830733842054853,-19.007811838057247,-3.204992487103516,0.16047439370378108,-0.7295288618491604,-1.1903587794833805,0.12201018631458282,0.10288045462220907,0.03834594786167145,-3.477973252372837,-0.39432426125511005,0.8130405345347721,-0.7295288618491604,0.36047640442848206,0.15780437644571066,0.3011340439116017
8,1,False,eye open: the rule is wrong,0.8280521130512055,0.7812147339203191,0.6499330490142501,0.771721308757655,-0.11722366961839978,0.27494445291757363,0.4930274188518524,0.6544332429766655,0.6961615085601807,0.49721562171330824,0.8280521130512055,0.7971534165109088,-0.09932603304440792,0.4930274188518524,0.6668783500790596,0.5073442736316768
8,1,False,eye open: the rule is wrong,0.8452530892182414,0.7458050788394299,0.7552867102964835,0.4251529624877182,-0.1624602305971228,0.18964116679266924,0.34433966875076294,0.38150862231850624,0.6267495155334473,0.3102588288204591,0.8452530892182414,1.7455628583075355,-0.12515630933574018,0.3460365831851959,0.4496399089694023,0.3260765144545871
8,2,False,eye open,1.375239936420286,1.0446045379481383,1.4263159606991396,1.2894746003799746,-0.24068488883569555,0.16103813773686665,0.47125765681266785,0.8137706145644188,0.5018267035484314,1.790843041987837,1.3833944354393262,1.089380305831036,-0.24068488883569555,0.47125765681266785,0.8137706145644188,1.8389136978696952
8,2,True,partly closed (lid covers part of the pupil),0.6959918144654064,0.30767034740159604,0.6325979220968896,0.5828960805572962,-0.1261547788995803,0.17424030106105798,0.5976740717887878,0.5395840927958488,0.5373045206069946,0.36119464711622806,0.6959918144654064,0.6801011195295668,-0.11378434191593335,0.7073825597763062,0.5738858059048653,0.5617534076348815
8,2,True,partly closed (lid covers part of the pupil),0.8361046661004311,0.8075583872697669,0.7569018114223685,0.8368128431018228,-0.06640558816632497,0.13284778820984136,0.5951573252677917,0.6389840543270111,0.8179532885551453,0.6172589703347601,0.8361046661004311,0.8682693925407913,-0.04932415768058983,0.6677728295326233,0.682357132434845,0.6172589703347601
8,2,True,eye closed (full closure),0.39074122380735,-3.6428254505196764,-1.9445081338558088,0.06857587945141286,-1.5181622270288577,-1.0812697118396544,0.0662473514676094,0.06880311341956258,0.1055065169930458,-0.9544630364209115,0.44909930048171925,0.8370869461986552,0.13642361454140192,0.17709146440029144,0.22334387013688684,0.6480158225613628
8,2,True,partly closed (lid covers part of the pupil),0.6874782456336089,0.25710190415719886,0.6171705923453519,0.2378041704382309,-0.15771640579211835,0.16270994747687956,0.4972062408924103,0.4892902337014675,0.4441148042678833,0.15448328609472664,0.6874782456336089,0.5984333810862024,-0.11288018773137985,0.5545262694358826,0.5393515378236771,0.5941499968683316
8,2,True,partly closed (lid covers part of the pupil),0.8631388123039161,0.9438737292174411,0.759992729358736,0.7153726194936544,-0.1420202573118545,0.18377689915905104,0.531827986240387,0.656357429921627,0.5324605703353882,0.5253017496302126,0.8631388123039161,1.0110857175620485,-0.11518215950979084,0.531827986240387,0.7200194597244263,0.5253017496302126
8,2,True,partly closed (lid covers part of the pupil),0.7047933462870846,-1.9762062854699494,-0.8951365200191854,0.15603638164140685,-0.42902673194325597,0.15271012954137753,0.192666694521904,0.33142902702093124,0.40613579750061035,-1.7382626790253388,0.7047933462870846,1.2578455586066704,-0.12509283548343547,0.5068286657333374,0.5165247805416584,0.32017200524721784
8,2,False,eye open,1.3285557536419657,1.0770901499203955,1.3287910728304753,1.1539436470280073,-0.22826888598315276,0.18057694150148293,0.4307212829589844,0.7504886090755463,0.6525285243988037,1.4958701443868583,1.3324234148089191,1.0770901499203955,-0.16129183416849205,0.5990711450576782,0.821347787976265,1.5074374385863751
9,1,True,eye closed (full closure),0.3905437472929175,-1.473504738285064,-3.817411775917603,0.987977081099236,-0.3297421599284639,-1.0759450441863874,0.2132025808095932,0.1553480513393879,0.3437468111515045,-9.838647029072458,0.3905437472929175,0.5762142560113457,-0.2409426975184228,0.6510030627250671,0.33117039781063795,5.069818020955705
9,1,True,partly closed (lid covers part of the pupil),0.622304378339668,0.9311887340331984,0.8433898508629109,0.900495665881093,-0.2718702687801955,-0.025535750494210432,0.6577293872833252,0.544983584433794,0.43243205547332764,0.7599200917470058,0.622304378339668,0.9311887340331984,-0.2472158692298096,0.8755539655685425,0.7425294890999794,0.7599200917470058
9,1,True,eye closed (full closure),-3.137474619614676,-6.28178166518829,-3.186923162914936,0.39655230239386885,-0.30263544402289966,-1.0766637716657386,0.0737290233373642,0.11175181623548269,0.17251642048358917,-6.234264083656049,0.23391969202203125,-1.5769110636382897,-0.21481558897158173,0.46488186717033386,0.2256182413548231,-6.234264083656049
9,1,True,partly closed (lid covers part of the pupil),0.695141060478896,0.8535673385033866,0.8250011173255514,0.9609653260131021,-0.17247821897511054,0.009434435393507275,0.8186277747154236,0.6959429010748863,0.5033738613128662,0.7932684539497715,0.695141060478896,0.8573880425206346,-0.16059283189885412,0.9071083068847656,0.6959429010748863,0.8273979052283034
9,1,True,partly closed (lid covers part of the pupil),0.6859889525845089,0.8840075782527865,0.8574698586506415,0.9464676227866254,-0.18723396706067413,0.0033125148763510116,0.9530208706855774,0.7106957659125328,0.4871484637260437,0.8120495959098151,0.6859889525845089,0.900749584117956,-0.17919536411678003,0.9764623641967773,0.7401276603341103,0.8120495959098151
9,1,True,partly closed (lid covers part of the pupil),0.6911140076217561,0.844064241324736,0.8108601541693188,0.9373818622088842,-0.18750690154650365,-0.033249333954562546,0.824348509311676,0.6914693117141724,0.4477412700653076,0.768702533760533,0.6911140076217561,0.8628982910088933,-0.1706945921102146,1.0,0.7174623683094978,0.805743483343597
9,1,True,eye closed (full closure),-2.434816923697469,-40.573655849116456,-3.0561479118407964,0.07102556329126479,-1.944553131758327,-1.3830945971595026,0.019679320976138115,0.08631915226578712,0.052993036806583405,-13.265356904165884,0.4713241527902275,1.6792801415891352,-0.0930965884440221,0.11330145597457886,0.1520515102893114,0.22964982876833603
9,1,True,eye closed (full closure),-4.450598410068662,-7.482856959505295,-3.710080573671898,0.09692550767732827,-2.6772758954838327,-3.5636920484745294,0.032010845839977264,0.10378522425889969,0.013186992146074772,-8.020911698568415,1.2022982815616574,0.9184489586749953,-0.044001133133007,0.18832021951675415,0.6985101252794266,1.1726569373626272
9,1,True,eye closed (full closure),-0.04253997190287651,-7.880511835475658,-3.8281895038722014,0.34768278052793644,-0.49634933066797643,0.021497229885552884,0.03414004296064377,0.12036840990185738,0.16531173884868622,-6.815213182192194,0.5089078897300413,-1.9041545778276783,-0.14492320817657134,0.18788880109786987,0.19617955945432186,-3.927481371454617
9,1,True,partly closed (lid covers part of the pupil),0.8360959708536844,0.8779151945468117,0.8348820280487947,0.9088749597792778,-0.22289035573484825,0.19915620029251754,0.7365140318870544,0.8167461454868317,0.7867977619171143,0.7755248358689538,0.8360959708536844,0.8779151945468117,-0.19731207294992936,0.9112918972969055,0.8809077143669128,0.789853520498564
9,1,True,partly closed (lid covers part of the pupil),0.8427686178707243,0.8707605173980639,0.8059461961973631,0.8568260191964874,-0.20123482384751423,0.20150571132470005,0.7937597036361694,0.7656642198562622,0.7818130850791931,0.7146814422325362,0.8427686178707243,0.887850913759825,-0.20123482384751423,0.7947473526000977,0.7898314148187637,0.816023197966696
9,2,False,eye open,1.3265332876130957,1.0191836379618968,1.3681189093674413,1.3304024685226792,-0.23361440657390004,0.1841898377620555,0.8213179707527161,0.8674137741327286,0.8631792664527893,1.827023557957432,1.336364482092366,1.0449288987170098,-0.2300851362267194,0.8787476420402527,0.8883054703474045,1.861314602956804
9,2,False,eye open,1.765202622711651,1.1903599478298075,1.765985516958955,1.4700083464720362,-0.3021016296576981,0.22199581295754198,0.17013470828533173,0.6747445873916149,0.591564416885376,2.6064228149479933,1.777068837952544,1.26984363398714,-0.3021016296576981,0.17719899117946625,0.7206603698432446,2.7770639996418325
9,2,True,partly closed (lid covers part of the pupil),0.8190106628684389,0.8994520691017607,0.8604830553741994,0.9127230841014804,-0.24661382124315062,0.2073410506317353,0.7196216583251953,0.7767802625894547,0.7891618013381958,0.7920335097307047,0.8190106628684389,0.9447100311038688,-0.2426135114625092,0.7892205119132996,0.7767802625894547,0.7920335097307047
9,2,True,eye closed (full closure),0.40255840777145524,0.6448321139419566,0.7642033684891905,0.6591845567722217,-0.3360901611780489,-0.12499944560182566,0.4392513036727905,0.33813562616705894,0.38725170493125916,0.5131928485610295,0.40255840777145524,1.1735445663976158,-0.28514216304446593,0.7578672766685486,0.37640945613384247,0.5131928485610295
9,2,True,partly closed (lid covers part of the pupil),0.7983984930681336,0.7475641263630961,0.7513188137493931,0.9269985227772171,-0.2080634172375641,0.2231403182347871,0.5154819488525391,0.6511392742395401,0.6879426836967468,0.7080465651008457,0.7983984930681336,0.7851911088037855,-0.18376951865387803,0.7602190375328064,0.7001537978649139,0.7395156183410451
9,2,True,partly closed (lid covers part of the pupil),0.6807076158340244,0.8607756779486383,0.8270988462945561,0.9152000193744584,-0.19410054383333528,-0.017568792852846574,0.9319066405296326,0.6762607470154762,0.5158833861351013,0.7811098117105155,0.6807076158340244,0.8712677442528604,-0.17316101008049406,0.9319066405296326,0.6762607470154762,0.7811098117105155
9,2,True,eye closed (full closure),-2.786935576446107,-11.09746065520401,-3.7921191645611856,0.04287937272641887,-2.7652023087073268,0.037942442438401246,0.08632609248161316,0.11723791155964136,0.03946750611066818,-6.713915249884328,0.38115990362030616,-5.1232860976620636,0.5873359080911315,0.27355122566223145,0.2020602487027645,-2.511543187484625
9,2,True,partly closed (lid covers part of the pupil),0.9887021531388387,0.9519624100409243,1.0142714030959186,1.0566582612427424,-0.20560564219266922,0.16923393772021691,0.8232769966125488,0.865184098482132,0.8773342967033386,1.0750717777625525,0.9887021531388387,0.9791552282090439,-0.20560564219266922,0.8811103701591492,0.8765058219432831,1.100464109871104
10,1,True,eye closed (full closure),0.6845937219168635,1.0131457633943093,0.9154514465599556,0.8573017695969348,-0.1684003779747891,-0.08495213231018021,0.8057821393013,0.5077287033200264,0.4856797456741333,0.7931794387926441,0.6845937219168635,1.0457570773495952,-0.1684003779747891,0.870904803276062,0.5230652950704098,0.7931794387926441
10,1,True,eye closed (full closure),0.3892672783130264,-0.5417745468808347,-2.5909509219587865,0.7932893760202524,-4.204765801146431,-1.184059058368188,0.09443027526140213,0.15623391419649124,0.14553308486938477,-12.263979198456278,0.4661980919141466,0.8928874054566437,-0.17692728171333164,0.17574675381183624,0.15623391419649124,0.6207428027283604
10,1,True,eye closed (full closure),0.6905510042007148,0.8628534301892706,0.8812572862165168,0.9831038496431255,-0.18355147094418323,-0.038826264753645465,0.7682240605354309,0.6003437787294388,0.5961644053459167,0.8900434942390631,0.6905510042007148,0.8636262633602846,-0.17405818649401417,0.8803001642227173,0.665627159178257,0.8900434942390631
10,1,True,eye closed (full closure),0.5132834541996698,0.6134953970579956,0.749439669966734,0.1052527890043804,-0.2604119945746057,-0.1419174888585652,0.4314836859703064,0.25876958668231964,0.3248661756515503,0.08107258254166466,0.5132834541996698,7.221503595128894,-0.23903374255777066,0.5645801424980164,0.34315407276153564,0.1074772284454237
10,1,True,eye closed (full closure),0.457694779410228,0.8591246061280414,0.7946489781930016,0.10082143208944494,-4.204098031721582,-0.8289779644396038,0.20172753930091858,0.20158427953720093,0.25537624955177307,0.08097120519630122,0.457694779410228,12.09422109366991,-4.204098031721582,0.24767135083675385,0.2561330087482929,2.4025560613372927
10,1,True,eye closed (full closure),0.3178049698008318,-4454.907589510764,-3.788722930329292,0.0008244192655701905,-0.22946906458173602,-0.14665103371019955,0.27955296635627747,0.20625411346554756,0.20768511295318604,-4.697816169065478,0.3237063470500951,-22.487221573944847,-0.16287688173623918,0.3109619915485382,0.2318060975521803,-0.44993534892220627
10,1,True,eye closed (full closure),-3.276339761541516,-2.605641299802791,-3.60500761381136,0.02347486311963103,-0.6420250285670408,-4.580451451054152,0.02574056200683117,0.1191290351562202,0.01074745412915945,-10.752677162316017,3.9281511238479383,-0.024133427095554605,3.2572102645913406,0.02574056200683117,0.12888806639239192,-0.0776299022832558
10,1,True,eye closed (full closure),0.47958421283621394,-48.712911737963594,-4.263024214346991,0.06703802055032466,-4.289123559882796,0.0074624211316618606,0.07731151580810547,0.1266009286046028,0.19034652411937714,-4.918449715435424,1.189256828773851,11.687916486442726,-4.289123559882796,0.1545936018228531,0.23457003384828568,2.4838007269747107
10,1,True,eye closed (full closure),0.4701994817028569,-5.717186271314953,-4.262241903094588,0.5734489243013393,-0.7305614754114148,-0.028247695985821965,0.1893080323934555,0.14439556747674942,0.0826592892408371,-7.030447874480326,1.3227523041233882,0.2405912175639483,0.29019927396893175,0.24951092898845673,0.2118652444332838,0.14801896102112713
10,1,True,partly closed (lid covers part of the pupil),0.8084118790361345,0.939690297452165,0.9315678929959997,0.8978186275548495,-0.19872054070066583,-0.035065520894740645,0.6459686160087585,0.748787134885788,0.6151192784309387,0.9003090712624685,0.8084118790361345,1.0639654635467248,-0.15839706639379617,0.760677695274353,0.8289752453565598,0.9003090712624685
10,1,True,partly closed (lid covers part of the pupil),0.7980438462663797,0.9501548540653557,0.8698299562868741,0.8204960386840342,-0.13808458104006244,-0.014562224786625168,0.647064208984375,0.7069963216781616,0.5070880651473999,0.7446405503859475,0.7980438462663797,0.9501548540653557,-0.12231765470726665,0.7468613386154175,0.773512676358223,0.7881446990709864
10,2,True,partly closed (lid covers part of the pupil),1.4064319526008904,1.0154967704666007,1.104078534932942,1.0469913813250225,-0.21572298592892672,0.47614345527458835,0.7066441774368286,0.7923718243837357,0.6095626950263977,1.1692600659260348,1.4273041233881585,1.0154967704666007,-0.20063609577056277,0.726029634475708,0.8078652173280716,1.1881000554288526
10,2,True,eye closed (full closure),0.12962757842379152,-3.301823899690135,-3.685552158941506,0.13928427053314066,-0.6629037827140608,-0.055897021772842496,0.1938127875328064,0.19312330707907677,0.06812892854213715,-5.7189306540441756,0.41633733202365775,0.5000657898288184,-0.20985536262325497,0.3596087098121643,0.27867257967591286,0.6798288839353859
10,2,True,partly closed (lid covers part of the pupil),0.6451602959309495,0.2573098157590674,0.786766157054714,0.7287634775650152,-0.15191232566850213,-0.1104611931886981,0.6812503933906555,0.582599587738514,0.36159512400627136,0.5868199927819633,0.6451602959309495,0.9789701143043014,-0.13036252374059445,0.8547043800354004,0.6405827328562737,0.7068505148510117
10,2,True,partly closed (lid covers part of the pupil),0.7955730527283746,0.95335435171614,0.8713233136714365,0.8923850678817686,-0.19672331965513845,-0.022411403651932935,0.599346935749054,0.7346989512443542,0.6644710898399353,0.7881991190867869,0.7955730527283746,1.0060012658467756,-0.16074200986386308,0.7218802571296692,0.8162383586168289,0.8947594120191737
10,2,False,eye open,1.3428331835566052,1.1601586737491005,1.154656739028799,0.960528033510948,-0.25669131326978367,0.3932083184757328,0.6517651677131653,0.7793976664543152,0.5904960632324219,1.1237790157149488,1.3633072269012936,1.1751845675883923,-0.24835085449447283,0.7885345816612244,0.8419493436813354,1.136614964536933
10,2,True,partly closed (lid covers part of the pupil),0.8301074735104181,1.0051137602173195,0.9546865548142414,0.8974833196188529,-0.18569019498522116,-0.00911782641126446,0.5819677710533142,0.7529526352882385,0.7270469069480896,0.8768516779738144,0.8301074735104181,1.0051137602173195,-0.15267762317598207,0.6484471559524536,0.7611571103334427,0.8975073699941649
10,2,True,partly closed (lid covers part of the pupil),0.9867648749190161,0.9138472753422825,0.9334433855118139,1.000330656623691,-0.1696975315688432,0.1707650959106533,0.6733317375183105,0.8050416260957718,0.7621656060218811,0.9437000399438469,0.9867648749190161,0.9324970323926597,-0.1696975315688432,0.6733317375183105,0.8208031952381134,0.9736194520707234
10,2,True,eye closed (full closure),0.4770345252774353,0.575370726248529,0.618470044445038,0.1480332856177599,-0.1961305993037077,-0.12201975366408653,0.5759034156799316,0.3667713701725006,0.47106850147247314,0.10630462989324833,0.4770345252774353,0.6770936172791124,-0.14922710729997518,0.7564908862113953,0.48830699920654297,0.7924537760237147
11,1,True,partly closed (lid covers part of the pupil),0.3183937690468117,-10.277634070004238,-2.761793467368039,0.2689967575188999,-0.22589143226665254,-0.11934641536262357,0.26055169105529785,0.2905677407979965,0.17446903884410858,-3.6704076232782183,0.45663634209318266,-10.277634070004238,-0.12204439482063577,0.33685651421546936,0.3190359193831682,-0.7279875257291002
11,1,True,partly closed (lid covers part of the pupil),0.5193472849345596,0.6879886577894471,0.6412616191563868,0.8752564318695827,-0.26538001921084275,-0.0007298607592064561,0.30592086911201477,0.5422196760773659,0.3693050444126129,0.5974620257161513,0.5193472849345596,0.8715957610555806,-0.24132132214465613,0.30592086911201477,0.5422196760773659,0.696754091865094
11,1,True,partly closed (lid covers part of the pupil),0.46954339556656804,-2.9723464362656773,-2.797671807993677,0.11742043587761915,-0.2033598175726268,0.07651673007253228,0.300802618265152,0.4472030773758888,0.22313116490840912,-2.632177652477956,0.46954339556656804,4.084370742669902,-0.2033598175726268,0.46735161542892456,0.4472030773758888,0.05512507961090465
11,1,True,partly closed (lid covers part of the pupil),0.6148916020232644,0.8115323132117649,0.7826196706928761,0.9446012288295468,-0.1900117326062458,0.05029752225508066,0.5425950288772583,0.5757037103176117,0.22431133687496185,0.7398916337174561,0.6148916020232644,0.8470994649821064,-0.1900117326062458,0.6855661273002625,0.7454125434160233,0.7398916337174561
11,1,True,partly closed (lid covers part of the pupil),0.4438422452806026,0.5772026607503209,0.35484090548114083,0.20440000963329968,-0.2252294050689397,0.03143270154367441,0.21567510068416595,0.3221743181347847,0.17406359314918518,0.09326760254362816,0.4438422452806026,0.5772026607503209,-0.2187951435897048,0.4653976559638977,0.40017207711935043,0.43337820808911215
11,1,True,partly closed (lid covers part of the pupil),0.6438174416145953,0.8175476860753953,0.7967472507317516,0.9463031117747385,-0.17561730904497908,0.05656515425399154,0.5776192545890808,0.5593690201640129,0.5293858647346497,0.7464358782620737,0.6438174416145953,0.851520823659721,-0.17262317818434847,0.7353786826133728,0.5593690201640129,0.7464358782620737
11,1,False,eye open: the rule is wrong,1.2029922666168609,1.024778217907774,1.2022654991415627,0.9788049161939417,-0.2822987021336137,0.3227601216182488,0.35944294929504395,0.47973277419805527,0.18706409633159637,1.2051384336069983,1.242998069738719,1.024778217907774,-0.2822987021336137,0.439456045627594,0.5616855919361115,1.6868235771042615
11,1,True,eye closed (full closure),0.15075119370301715,-12.199366861920515,-2.761625951560692,0.22875456030919972,-0.15457661458057587,0.0690153308576053,0.10322409868240356,0.1766485497355461,0.056089166551828384,-2.9811378001628994,0.5951433315790661,-2.523796690999869,0.276372365127026,0.10322409868240356,0.1766485497355461,-2.9811378001628994
11,1,True,eye closed (full closure),-2.506718049538409,-194.41815595089315,-4.547036902402868,0.013895669904768993,-0.2393539125074688,-0.013192327764205813,0.038428209722042084,0.18250400759279728,0.08093376457691193,-4.9378508850963625,-1.3624815408394702,-21.78574643162933,-0.15889787243697862,0.24707628786563873,0.2066870592534542,-0.9486491111995357
11,1,True,partly closed (lid covers part of the pupil),0.793082117152437,0.9636759591209042,0.8974351823139233,0.9217907428368753,-0.16183811461461084,0.13127850427705967,0.9303692579269409,0.8181886672973633,0.5038330554962158,0.828083337834062,0.793082117152437,0.9783670017675907,-0.15584914383173118,0.9978824853897095,0.8989350497722626,0.8381746086590198
11,1,True,partly closed (lid covers part of the pupil),0.7233861556402388,0.8022192457459648,0.7563354655604045,0.9336145235129141,-0.17091079437591233,0.1783843038338489,0.8285745978355408,0.8327269554138184,0.773231029510498,0.702585118962234,0.7233861556402388,0.8133656850837379,-0.16963259263180983,0.9430975317955017,0.8463128358125687,0.7318050526468253
11,2,True,partly closed (lid covers part of the pupil),0.7705139719518613,0.8354736514905111,0.8378298081941051,0.9695306758562507,-0.16112338050326358,0.12600119500518087,0.8277962803840637,0.7936016470193863,0.76291424036026,0.8359117935934423,0.7705139719518613,0.8771740482166784,-0.15561326266667674,0.9760940670967102,0.8783235847949982,0.8507916982277512
11,2,True,eye closed (full closure),-2.1591938000194855,-1.6357786535125978,-2.729145788741236,1.6471530315337308,-0.1510525783371276,0.13476832829742014,0.36822694540023804,0.25375529006123543,0.17535197734832764,-5.158686721282207,-2.1591938000194855,-1.1235790722360752,-0.1510525783371276,0.6378587484359741,0.31310833245515823,-5.050979006477658
11,2,True,partly closed (lid covers part of the pupil),0.9911959749138359,0.9355654056014314,1.0050163745963077,1.0661873370275579,-0.12852994509026827,0.20726343813579193,0.9129376411437988,0.9498520046472549,0.9852867126464844,1.0714518745794233,0.9911959749138359,0.9628728296961715,-0.12188698314135096,0.970016598701477,0.9828714430332184,1.0714518745794233
11,2,False,eye open,1.0221567361949304,0.949631636440312,1.0120353755568496,1.069069664082461,-0.1352329409228768,0.24420460303894356,0.8590386509895325,0.9011764228343964,0.7908211350440979,1.0740993788068547,1.0419358516783317,0.9540711244537674,-0.11753145397339222,0.9224077463150024,0.9312610775232315,1.0856012965804696
11,2,True,eye closed (full closure),-2.4782877514562047,-885.228548123924,-2.7932501588298027,0.0029896069832665204,-0.27782806862960135,-0.17083232489014272,0.18359369039535522,0.28319796174764633,0.1666603535413742,-3.285721287539637,0.4380493341938745,-2.3583256132364894,-0.12189076480331576,0.49983957409858704,0.40825993940234184,-3.204084598613177
11,2,False,eye open,1.3725523397770394,0.5394662858014876,0.7368899233835285,1.374247489686166,-0.158630319852969,0.2871335569556108,0.5364463925361633,0.6863705664873123,0.43409690260887146,1.006148347296147,1.3725523397770394,0.5394662858014876,0.4773468994153551,0.6866945624351501,0.7007325738668442,1.006148347296147
11,2,True,partly closed (lid covers part of the pupil),0.777535791945318,0.8211526718494628,0.8328101246435784,1.0023462923108024,-0.15160942806144445,0.13069801916546284,0.7675093412399292,0.8799584060907364,0.6685912609100342,0.8442851942450689,0.777535791945318,0.8211526718494628,-0.14503973581309515,1.0,0.908563420176506,0.8442851942450689
11,2,False,eye open,-2.017401920220689,-2.378204613115079,-2.3055913762980556,0.9796598715414082,-0.1431484321229494,0.05001909739292224,0.23026925325393677,0.42792247235774994,0.16141271591186523,-2.234274618453481,1.3005374694900018,1.1494507073066724,-0.10310535899317032,0.44777172803878784,0.5079732909798622,1.9516646366892842
12,1,True,eye closed (full closure),-1.320625840474153,-25.39358465964385,-4.417714746492306,0.0934511975362562,-0.4780194512868339,-0.09549003866620286,0.027292225509881973,0.16089583467692137,0.08000532537698746,-6.215818632067419,0.3529740199503977,-0.7611411779154333,1.4993846298467661,0.07621563225984573,0.20509899919852614,-1.56341053133147
12,1,True,partly closed (lid covers part of the pupil),0.6938812641067498,0.8626868922158445,0.7772200929425098,0.8833002429645891,-0.15375554798824678,0.14164829593709144,0.6368588209152222,0.6866360902786255,0.8580592274665833,0.6871381318926326,0.6938812641067498,0.8845136981930283,-0.14808348600256657,0.7018976211547852,0.6866360902786255,0.6871381318926326
12,1,True,partly closed (lid covers part of the pupil),0.6093893630132905,0.7469367995495301,0.6623154059647723,0.7807331186478209,-0.17227600699146753,0.10151299301449933,0.7007958292961121,0.7381336092948914,0.789576530456543,0.5805117450198988,0.6093893630132905,0.7855332093500543,-0.157689897199634,0.9632757902145386,0.893999844789505,0.6035540632589436
12,1,True,partly closed (lid covers part of the pupil),0.6631729840808895,1.0324774197956952,0.7996671547266782,0.7259428038127169,-0.20406400770790764,0.05797261050623237,0.7021675705909729,0.658767819404602,0.5990597605705261,0.5767588828893306,0.6631729840808895,1.0870316546778984,-0.20406400770790764,0.7173932790756226,0.658767819404602,0.6798952485671056
12,1,True,partly closed (lid covers part of the pupil),0.5432625051439494,0.7183426716127437,0.6483268181317138,0.8595838560660657,-0.11891754730844517,0.06586685121315905,0.4151626527309418,0.47418539971113205,0.5950127840042114,0.5563404741177368,0.5432625051439494,0.7183426716127437,-0.11716015441357586,0.7848103642463684,0.8115485906600952,0.5888450382726078
12,1,True,partly closed (lid covers part of the pupil),0.37480005611411266,-4.467986034627141,-2.8160152633990476,0.6219601407659532,-0.2729682971053369,0.018795771328304504,0.5371941328048706,0.35416541807353497,0.2817375063896179,-3.3050257305701827,0.37480005611411266,-2.2877341612477067,-0.2729682971053369,0.6095336079597473,0.3908883407711983,-3.215282340988795
12,1,False,eye open: the rule is wrong,1.3327075601064524,1.1218692459988662,1.3010370690773279,1.1388005686607605,-0.18602633974776156,0.2422522348713522,0.350693017244339,0.7087625488638878,0.229542076587677,1.4720703106944841,1.3485803447057811,1.1400475059410173,-0.04752602565094354,0.498318612575531,0.7562011331319809,1.4971876734341023
12,1,False,eye open: the rule is wrong,1.3906343603299376,1.0628882390435144,1.34836378116669,1.2573442958340098,-0.1237081911278876,0.30382923852484095,0.6190359592437744,0.7104228958487511,0.24246098101139069,1.6907979320307422,1.3906343603299376,1.0742494225763297,-0.11413109074869983,0.6190359592437744,0.753739520907402,1.691584743071037
12,1,True,eye closed (full closure),-0.18088133901273906,-3.200599992615323,-2.7771681709222658,0.7103723023085372,-0.5874266850082599,-0.07424262678525126,0.08259837329387665,0.1299284752458334,0.07414502650499344,-6.122063051385806,0.8281488488481196,0.7184810727715969,-0.14944308922621222,0.7762704491615295,0.6505583338439465,0.9793835813549073
12,1,True,partly closed (lid covers part of the pupil),0.830275730627602,0.938746637397797,0.940180493922873,0.8984819637679141,-0.15364270133941016,0.12146361056726168,0.795705258846283,0.7316507548093796,0.7861077785491943,0.8568206922827606,0.830275730627602,1.0084204965222194,-0.1484230727640007,0.8572793006896973,0.8139635920524597,0.8664548994750609
12,1,True,partly closed (lid covers part of the pupil),0.8348995409813282,0.872962866646581,0.8941382237455938,0.9587839815898456,-0.14777572241483036,0.1713095874533788,0.8195427060127258,0.8859700560569763,0.8659509420394897,0.8520120388299595,0.8348995409813282,0.8824400126521285,-0.14777572241483036,0.8683577179908752,0.9396996945142746,0.9121180089066712
12,2,True,eye closed (full closure),0.17186721577800332,-9.371556729195065,-3.0217595137419058,0.28420395644433516,-0.4293496756496298,-0.09369328553018087,0.0554417185485363,0.12853035889565945,0.042619653046131134,-8.501112183362217,0.516418328094584,-2.987344711897379,-0.13906894396368305,0.1080668568611145,0.3416447415947914,-2.2140814237610504
12,2,True,partly closed (lid covers part of the pupil),0.8361043879405466,0.9481787341554048,0.8997688318602728,0.9236332477715793,-0.13148958518597767,0.1534974034279211,0.7526883482933044,0.8623329848051071,0.7498212456703186,0.8334369847205382,0.8361043879405466,0.9481787341554048,-0.13148958518597767,0.7749896049499512,0.880053699016571,0.855221667219808
12,2,False,eye open,1.1313617553929043,1.0396654629002882,1.1187047298343404,1.0225637145257775,-0.10922550665057223,0.25326305297082413,0.9426142573356628,0.8903551548719406,0.7568808197975159,1.148030242455821,1.139568911361931,1.0396654629002882,-0.10022038594600717,0.9725973606109619,0.8989293426275253,1.1898781356755381
12,2,False,eye open,0.9852653754816819,0.9392871120731879,0.9680764367508665,1.0035378279631388,-0.11786403276865694,0.2430570261851332,0.9171323180198669,0.9538997560739517,0.6512414813041687,0.9688735434083559,0.9852653754816819,0.9392871120731879,-0.11166605096502204,0.988275945186615,0.9712604731321335,0.9875118445825105
12,2,False,eye open,0.70364556802183,0.6955607976861621,0.834735245326835,0.7768638209628788,-0.19311390487404356,0.09734415726007499,0.6404582262039185,0.6694516316056252,0.7294411063194275,0.6610578504901966,0.70364556802183,0.983934857705314,-0.14343416219790098,0.8928720951080322,0.750063918530941,0.6999972099190259
12,2,True,eye closed (full closure),-2.4089202946102994,-47.75376956312084,-3.31467172878449,0.021991114166187237,-1.8345232653046697,-3.189703067806285,0.02047201618552208,0.13803704921156168,0.01557124312967062,-8.740435830766167,0.40805812854203993,-7.837155069790495,-0.29456492644502597,0.11854498088359833,0.15941449906677008,-0.742867799872549
12,2,True,eye closed (full closure),0.2115177018170026,-12.567987375759605,-2.5767989488303256,0.18415961897283784,-0.3802886005937325,-0.046942949738123546,0.06329525262117386,0.15038606710731983,0.05001811683177948,-6.877206287972243,0.5336188727227692,1.0223439487131312,-0.15107004898151713,0.20824222266674042,0.38469525845721364,0.6127667301379495
12,2,True,partly closed (lid covers part of the pupil),1.0100521595994454,0.9042081736073962,0.9955599344986965,1.0782519862711761,-0.11636604061202244,0.24383166922909513,0.8886937499046326,0.9072354584932327,0.8386989235877991,1.0756315271521293,1.0100521595994454,0.9135181129422532,-0.11636604061202244,0.8886937499046326,0.9317878633737564,1.0920290034995523
