item,video,unit,kind,start,end,deepest,start_s,duration_ms,min_rel_opening,human_verdict
v00_01,0,0_first5minvedio,event,11554,11580,11560,192.57,450,-1.301,
v00_02,0,0_first5minvedio,event,9617,9645,9620,160.28,483,-1.242,
v00_03,0,0_first5minvedio,event,5814,5826,5820,96.9,217,0.193,
v00_04,0,0_first5minvedio,event,310,329,329,5.17,333,0.226,
v00_05,0,0_first5minvedio,event,16220,16246,16225,270.33,450,0.29,
v00_06,0,0_first5minvedio,event,12560,12562,12560,209.33,50,0.455,
v00_07,0,0_first5minvedio,event,193,193,193,3.22,17,0.518,
v00_08,0,0_first5minvedio,event,16320,16320,16320,272.0,17,0.525,
v00_09,0,0_first5minvedio,near miss (not flagged),16914,16955,16932,281.9,700,0.72,
v00_10,0,0_first5minvedio,near miss (not flagged),17198,17221,17208,286.63,400,0.722,
v00_11,0,0_first5minvedio,near miss (not flagged),835,840,840,13.92,100,0.791,
v01_01,1,1_20251031_Pluto_spont_1,event,66258,66272,66261,1104.3,250,-2.601,
v01_02,1,1_20251031_Pluto_spont_1,event,55937,55948,55939,932.28,200,-1.974,
v01_03,1,1_20251031_Pluto_spont_1,event,62176,62206,62176,1036.27,517,-1.882,
v01_04,1,1_20251031_Pluto_spont_1,event,62134,62134,62134,1035.57,17,-1.285,
v01_05,1,1_20251031_Pluto_spont_1,event,6882,6889,6889,114.7,133,-0.23,
v01_06,1,1_20251031_Pluto_spont_1,event,50740,50740,50740,845.67,17,0.566,
v01_07,1,1_20251031_Pluto_spont_1,event,45172,45176,45175,752.87,83,0.677,
v01_08,1,1_20251031_Pluto_spont_1,event,51783,51783,51783,863.05,17,0.7,
v01_09,1,1_20251031_Pluto_spont_1,near miss (not flagged),68160,68432,68251,1136.0,4550,0.725,
v01_10,1,1_20251031_Pluto_spont_1,near miss (not flagged),61418,61516,61435,1023.63,1650,0.732,
v01_11,1,1_20251031_Pluto_spont_1,near miss (not flagged),65175,66181,65460,1086.25,16783,0.732,
v02_01,2,2_20251031_Pluto_spont_3,event,47974,47992,47983,799.57,317,-3.694,
v02_02,2,2_20251031_Pluto_spont_3,event,45575,45588,45579,759.58,233,-1.735,
v02_03,2,2_20251031_Pluto_spont_3,event,19964,19975,19972,332.73,200,-0.89,
v02_04,2,2_20251031_Pluto_spont_3,event,51379,51382,51382,856.32,67,0.001,
v02_05,2,2_20251031_Pluto_spont_3,event,6416,6433,6421,106.93,300,0.309,
v02_06,2,2_20251031_Pluto_spont_3,event,20901,20901,20901,348.35,17,0.498,
v02_07,2,2_20251031_Pluto_spont_3,event,812,815,815,13.53,67,0.591,
v02_08,2,2_20251031_Pluto_spont_3,event,7106,7119,7119,118.43,233,0.659,
v02_09,2,2_20251031_Pluto_spont_3,near miss (not flagged),37598,37636,37618,626.63,650,0.704,
v02_10,2,2_20251031_Pluto_spont_3,near miss (not flagged),68126,68129,68126,1135.43,67,0.708,
v02_11,2,2_20251031_Pluto_spont_3,near miss (not flagged),15300,15527,15316,255.0,3800,0.722,
v03_01,3,3_20251031_Pluto_spont_2,event,37325,37342,37329,622.08,300,-3.677,
v03_02,3,3_20251031_Pluto_spont_2,event,1934,1937,1935,32.23,67,-2.208,
v03_03,3,3_20251031_Pluto_spont_2,event,39563,39563,39563,659.38,17,-1.801,
v03_04,3,3_20251031_Pluto_spont_2,event,62854,62862,62854,1047.57,150,0.189,
v03_05,3,3_20251031_Pluto_spont_2,event,34133,34184,34145,568.88,867,0.419,
v03_06,3,3_20251031_Pluto_spont_2,event,51924,51965,51933,865.4,700,0.534,
v03_07,3,3_20251031_Pluto_spont_2,event,56202,56212,56208,936.7,183,0.616,
v03_08,3,3_20251031_Pluto_spont_2,event,35751,35752,35752,595.85,33,0.693,
v03_09,3,3_20251031_Pluto_spont_2,near miss (not flagged),53072,53460,53249,884.53,6483,0.701,
v03_10,3,3_20251031_Pluto_spont_2,near miss (not flagged),54688,54783,54717,911.47,1600,0.712,
v03_11,3,3_20251031_Pluto_spont_2,near miss (not flagged),64102,64141,64114,1068.37,667,0.713,
v04_01,4,4_20251030_Pluto_spont_1,event,3283,3291,3289,54.72,150,-2.665,
v04_02,4,4_20251030_Pluto_spont_1,event,22640,22646,22644,377.33,117,-2.315,
v04_03,4,4_20251030_Pluto_spont_1,event,19798,19814,19806,329.97,283,-1.908,
v04_04,4,4_20251030_Pluto_spont_1,event,48668,48674,48669,811.13,117,0.314,
v04_05,4,4_20251030_Pluto_spont_1,event,54636,54680,54643,910.6,750,0.411,
v04_06,4,4_20251030_Pluto_spont_1,event,46902,46907,46902,781.7,100,0.451,
v04_07,4,4_20251030_Pluto_spont_1,event,41238,41248,41243,687.3,183,0.546,
v04_08,4,4_20251030_Pluto_spont_1,event,52603,52619,52608,876.72,283,0.687,
v04_09,4,4_20251030_Pluto_spont_1,near miss (not flagged),50218,50242,50223,836.97,417,0.715,
v04_10,4,4_20251030_Pluto_spont_1,near miss (not flagged),58496,58730,58513,974.93,3917,0.719,
v04_11,4,4_20251030_Pluto_spont_1,near miss (not flagged),46699,46735,46712,778.32,617,0.73,
v05_01,5,5_20251029_Pluto_spont_1,event,32315,32349,32324,538.58,583,-1.469,
v05_02,5,5_20251029_Pluto_spont_1,event,19040,19045,19042,317.33,100,0.287,
v05_03,5,5_20251029_Pluto_spont_1,event,19032,19034,19032,317.2,50,0.33,
v05_04,5,5_20251029_Pluto_spont_1,event,23079,23090,23087,384.65,200,0.529,
v05_05,5,5_20251029_Pluto_spont_1,event,23109,23171,23124,385.15,1050,0.653,
v05_06,5,5_20251029_Pluto_spont_1,near miss (not flagged),13810,13864,13821,230.17,917,0.743,
v05_07,5,5_20251029_Pluto_spont_1,near miss (not flagged),23052,23053,23052,384.2,33,0.809,
v05_08,5,5_20251029_Pluto_spont_1,near miss (not flagged),22340,22506,22438,372.33,2783,0.83,
v06_01,6,6_20251028_Pluto_spont_1,event,24897,24966,24913,414.95,1167,-1.968,
v06_02,6,6_20251028_Pluto_spont_1,event,46025,46038,46025,767.08,233,-1.444,
v06_03,6,6_20251028_Pluto_spont_1,event,27053,27095,27057,450.88,717,0.262,
v06_04,6,6_20251028_Pluto_spont_1,event,27033,27040,27036,450.55,133,0.447,
v06_05,6,6_20251028_Pluto_spont_1,event,25898,25910,25904,431.63,217,0.568,
v06_06,6,6_20251028_Pluto_spont_1,event,27530,27587,27540,458.83,967,0.647,
v06_07,6,6_20251028_Pluto_spont_1,event,42427,42434,42430,707.12,133,0.682,
v06_08,6,6_20251028_Pluto_spont_1,event,27366,27366,27366,456.1,17,0.699,
v06_09,6,6_20251028_Pluto_spont_1,near miss (not flagged),28206,30855,28699,470.1,44167,0.705,
v06_10,6,6_20251028_Pluto_spont_1,near miss (not flagged),17265,17337,17282,287.75,1217,0.741,
v06_11,6,6_20251028_Pluto_spont_1,near miss (not flagged),41280,42174,41457,688.0,14917,0.742,
v07_01,7,7_20251027_Pluto_spont1,event,22186,22199,22194,369.77,233,-2.155,
v07_02,7,7_20251027_Pluto_spont1,event,22410,22435,22413,373.5,433,-1.782,
v07_03,7,7_20251027_Pluto_spont1,event,54360,54384,54366,906.0,417,-1.428,
v07_04,7,7_20251027_Pluto_spont1,event,22355,22390,22383,372.58,600,-1.194,
v07_05,7,7_20251027_Pluto_spont1,event,21858,21898,21874,364.3,683,-1.156,
v07_06,7,7_20251027_Pluto_spont1,event,22582,22601,22598,376.37,333,-1.07,
v07_07,7,7_20251027_Pluto_spont1,event,21957,21957,21957,365.95,17,0.274,
v07_08,7,7_20251027_Pluto_spont1,event,9443,9443,9443,157.38,17,0.372,
v07_09,7,7_20251027_Pluto_spont1,near miss (not flagged),22328,22332,22331,372.13,83,0.73,
v07_10,7,7_20251027_Pluto_spont1,near miss (not flagged),59328,60461,59348,988.8,18900,0.784,
v07_11,7,7_20251027_Pluto_spont1,near miss (not flagged),53106,53178,53116,885.1,1217,0.807,
v08_01,8,8_20251024_Pluto_spont1,event,31366,31380,31374,522.77,250,-4.287,
v08_02,8,8_20251024_Pluto_spont1,event,29978,29982,29978,499.63,83,-1.991,
v08_03,8,8_20251024_Pluto_spont1,event,50526,50545,50527,842.1,333,0.345,
v08_04,8,8_20251024_Pluto_spont1,event,30894,30902,30897,514.9,150,0.588,
v08_05,8,8_20251024_Pluto_spont1,event,60243,60273,60250,1004.05,517,0.674,
v08_06,8,8_20251024_Pluto_spont1,event,55600,55606,55605,926.67,117,0.686,
v08_07,8,8_20251024_Pluto_spont1,event,69722,69722,69722,1162.03,17,0.695,
v08_08,8,8_20251024_Pluto_spont1,event,67045,67045,67045,1117.42,17,0.7,
v08_09,8,8_20251024_Pluto_spont1,near miss (not flagged),36995,37314,37032,616.58,5333,0.702,
v08_10,8,8_20251024_Pluto_spont1,near miss (not flagged),59352,59905,59863,989.2,9233,0.703,
v08_11,8,8_20251024_Pluto_spont1,near miss (not flagged),34626,34731,34698,577.1,1767,0.714,
v09_01,9,9_20251023_Pluto1,event,8659,8679,8667,144.32,350,-4.451,
v09_02,9,9_20251023_Pluto1,event,8003,8054,8022,133.38,867,-2.435,
v09_03,9,9_20251023_Pluto1,event,8554,8557,8557,142.57,67,0.381,
v09_04,9,9_20251023_Pluto1,event,68023,68258,68117,1133.72,3933,0.597,
v09_05,9,9_20251023_Pluto1,event,69728,69741,69737,1162.13,233,0.677,
v09_06,9,9_20251023_Pluto1,event,69077,69078,69078,1151.28,33,0.688,
v09_07,9,9_20251023_Pluto1,event,68824,68827,68824,1147.07,67,0.695,
v09_08,9,9_20251023_Pluto1,event,69443,69443,69443,1157.38,17,0.699,
v09_09,9,9_20251023_Pluto1,near miss (not flagged),27402,27411,27407,456.7,167,0.708,
v09_10,9,9_20251023_Pluto1,near miss (not flagged),62959,63052,62965,1049.32,1567,0.71,
v09_11,9,9_20251023_Pluto1,near miss (not flagged),14666,14671,14670,244.43,100,0.711,
v10_01,10,10_20251022_Pluto1,event,8643,8669,8650,144.05,450,-4.329,
v10_02,10,10_20251022_Pluto1,event,61503,61961,61577,1025.05,7650,-1.241,
v10_03,10,10_20251022_Pluto1,event,38921,38935,38921,648.68,250,0.322,
v10_04,10,10_20251022_Pluto1,event,30428,30509,30440,507.13,1367,0.535,
v10_05,10,10_20251022_Pluto1,event,43246,43246,43246,720.77,17,0.624,
v10_06,10,10_20251022_Pluto1,event,33125,33126,33126,552.08,33,0.673,
v10_07,10,10_20251022_Pluto1,event,25639,25641,25641,427.32,50,0.692,
v10_08,10,10_20251022_Pluto1,event,57459,57459,57459,957.65,17,0.699,
v10_09,10,10_20251022_Pluto1,near miss (not flagged),50935,51170,50974,848.92,3933,0.701,
v10_10,10,10_20251022_Pluto1,near miss (not flagged),70645,70878,70670,1177.42,3900,0.701,
v10_11,10,10_20251022_Pluto1,near miss (not flagged),21588,21605,21597,359.8,300,0.723,
v11_01,11,11_20251017_Terra_spont_1,event,67780,67810,67795,1129.67,517,-2.507,
v11_02,11,11_20251017_Terra_spont_1,event,2936,2936,2936,48.93,17,-1.976,
v11_03,11,11_20251017_Terra_spont_1,event,33907,33930,33913,565.12,400,0.431,
v11_04,11,11_20251017_Terra_spont_1,event,59538,59538,59538,992.3,17,0.561,
v11_05,11,11_20251017_Terra_spont_1,event,65522,65541,65528,1092.03,333,0.615,
v11_06,11,11_20251017_Terra_spont_1,event,70141,70146,70146,1169.02,100,0.644,
v11_07,11,11_20251017_Terra_spont_1,event,44171,44174,44172,736.18,67,0.679,
v11_08,11,11_20251017_Terra_spont_1,event,44183,44184,44184,736.38,33,0.693,
v11_09,11,11_20251017_Terra_spont_1,near miss (not flagged),38595,38633,38610,643.25,650,0.703,
v11_10,11,11_20251017_Terra_spont_1,near miss (not flagged),27967,27985,27975,466.12,317,0.704,
v11_11,11,11_20251017_Terra_spont_1,near miss (not flagged),45804,45822,45817,763.4,317,0.71,
v12_01,12,12_20251016_Terra_spont_2,event,14144,14171,14153,235.73,467,-3.905,
v12_02,12,12_20251016_Terra_spont_2,event,15008,15042,15026,250.13,583,-1.056,
v12_03,12,12_20251016_Terra_spont_2,event,67107,67111,67108,1118.45,83,0.118,
v12_04,12,12_20251016_Terra_spont_2,event,10215,10219,10216,170.25,83,0.417,
v12_05,12,12_20251016_Terra_spont_2,event,27043,27058,27043,450.72,267,0.663,
v12_06,12,12_20251016_Terra_spont_2,event,15123,15123,15123,252.05,17,0.688,
v12_07,12,12_20251016_Terra_spont_2,event,19287,19288,19287,321.45,33,0.694,
v12_08,12,12_20251016_Terra_spont_2,event,68673,68673,68673,1144.55,17,0.7,
v12_09,12,12_20251016_Terra_spont_2,near miss (not flagged),48466,48533,48477,807.77,1133,0.702,
v12_10,12,12_20251016_Terra_spont_2,near miss (not flagged),23629,23630,23629,393.82,33,0.707,
v12_11,12,12_20251016_Terra_spont_2,near miss (not flagged),14303,14323,14318,238.38,350,0.708,
