video,mouse,model_step,minutes,closure_events,per_minute,full,partial,median_duration_ms,closed_frames_pct,untrusted_frames_pct,untrusted_frames_counted_closed_pct
0,mouse A,3,5.0,4,0.8,4,0,275.0,0.39,0.9,0.37
1,Pluto,1,19.93,37,1.86,34,3,233.0,1.18,1.39,0.78
2,Pluto,1,19.93,35,1.76,28,7,217.0,0.8,0.77,0.34
3,Pluto,1,19.93,43,2.16,30,13,250.0,1.25,0.4,0.35
4,Pluto,2,19.93,32,1.61,27,5,291.5,0.95,0.45,0.26
5,Pluto,1,19.93,4,0.2,2,2,408.0,0.16,0.07,0.04
6,Pluto,1,19.93,26,1.3,15,11,291.5,1.05,0.17,0.14
7,Pluto,1,19.93,7,0.35,7,0,367.0,0.24,0.24,0.17
8,Pluto,1,19.93,82,4.11,45,37,217.0,2.38,0.74,0.72
9,Pluto,4,19.93,76,3.81,39,37,208.5,2.05,0.48,0.4
10,Pluto,2,19.93,77,3.86,37,40,233.0,3.98,0.74,0.72
11,Terra,2,19.93,29,1.46,17,12,317.0,0.74,0.24,0.14
12,Terra,1,19.93,60,3.01,38,22,266.5,4.04,1.59,0.65
13,Terra,1,19.93,28,1.4,27,1,100.0,0.34,0.43,0.26
14,Terra,3,19.93,44,2.21,24,20,342.0,1.86,0.6,0.53
