subset,frames,judged_not_open,rule_not_open,correct,accuracy_pct,precision_pct,recall_pct
all judged frames,239,113,117,217,90.8,88.9,92.0
stratum r<0.70,44,39,44,39,88.6,88.6,100.0
stratum 0.70-0.85,56,32,35,53,94.6,91.4,100.0
stratum 0.85-1.00,55,23,23,45,81.8,78.3,78.3
stratum r>=1.00,56,4,2,54,96.4,100.0,50.0
stratum eyelid points implausible,28,15,13,26,92.9,100.0,86.7
video 0,14,0,0,14,100.0,0.0,0.0
video 1,18,9,9,16,88.9,88.9,88.9
video 2,18,9,8,17,94.4,100.0,88.9
video 3,18,13,12,17,94.4,100.0,92.3
video 4,17,10,13,14,82.4,76.9,100.0
video 5,14,0,0,14,100.0,0.0,0.0
video 6,18,2,5,15,83.3,40.0,100.0
video 7,14,0,0,14,100.0,0.0,0.0
video 8,18,14,13,17,94.4,100.0,92.9
video 9,18,15,15,18,100.0,100.0,100.0
video 10,18,17,15,16,88.9,100.0,88.2
video 11,18,10,12,12,66.7,66.7,80.0
video 12,18,12,11,17,94.4,100.0,91.7
video 13,18,2,4,16,88.9,50.0,100.0
