video,unit,start,end,start_s,duration_ms,min_O_over_W
0,0_first5minvedio,5818,5823,96.97,100,0.113
0,0_first5minvedio,9616,9639,160.27,400,-0.728
0,0_first5minvedio,11552,11577,192.53,433,-0.762
0,0_first5minvedio,14000,14008,233.33,150,0.038
0,0_first5minvedio,17509,17515,291.82,117,0.27
1,1_20251031_Pluto_spont_1,0,12,0.0,217,0.571
1,1_20251031_Pluto_spont_1,25,27,0.42,50,0.586
1,1_20251031_Pluto_spont_1,6297,6328,104.95,533,-0.983
1,1_20251031_Pluto_spont_1,6392,6398,106.53,117,-0.666
1,1_20251031_Pluto_spont_1,6431,6443,107.18,217,0.322
1,1_20251031_Pluto_spont_1,6473,6484,107.88,200,-0.789
1,1_20251031_Pluto_spont_1,6838,6843,113.97,100,0.211
1,1_20251031_Pluto_spont_1,6905,6907,115.08,50,0.411
1,1_20251031_Pluto_spont_1,6914,6943,115.23,500,0.414
1,1_20251031_Pluto_spont_1,7054,7056,117.57,50,0.496
1,1_20251031_Pluto_spont_1,7212,7219,120.2,133,0.632
1,1_20251031_Pluto_spont_1,7251,7256,120.85,100,0.605
1,1_20251031_Pluto_spont_1,9143,9179,152.38,617,0.337
1,1_20251031_Pluto_spont_1,10992,11037,183.2,767,0.202
1,1_20251031_Pluto_spont_1,11190,11207,186.5,300,0.337
1,1_20251031_Pluto_spont_1,11214,11218,186.9,83,0.346
1,1_20251031_Pluto_spont_1,18197,18213,303.28,283,-0.813
1,1_20251031_Pluto_spont_1,18328,18371,305.47,733,0.328
1,1_20251031_Pluto_spont_1,18385,18398,306.42,233,0.339
1,1_20251031_Pluto_spont_1,20601,20604,343.35,67,0.61
1,1_20251031_Pluto_spont_1,20615,20644,343.58,500,0.22
1,1_20251031_Pluto_spont_1,20674,20676,344.57,50,0.489
1,1_20251031_Pluto_spont_1,23922,23944,398.7,383,-0.718
1,1_20251031_Pluto_spont_1,23951,23976,399.18,433,-0.71
1,1_20251031_Pluto_spont_1,23999,24008,399.98,167,0.342
1,1_20251031_Pluto_spont_1,24048,24106,400.8,983,0.33
1,1_20251031_Pluto_spont_1,24900,24991,415.0,1533,0.317
1,1_20251031_Pluto_spont_1,27560,27564,459.33,83,0.333
1,1_20251031_Pluto_spont_1,28251,28295,470.85,750,-0.699
1,1_20251031_Pluto_spont_1,28316,28331,471.93,267,0.342
1,1_20251031_Pluto_spont_1,35157,35190,585.95,567,-0.702
1,1_20251031_Pluto_spont_1,35273,35288,587.88,267,0.333
1,1_20251031_Pluto_spont_1,38381,38405,639.68,417,0.332
1,1_20251031_Pluto_spont_1,38433,38466,640.55,567,0.328
1,1_20251031_Pluto_spont_1,38950,38955,649.17,100,0.342
1,1_20251031_Pluto_spont_1,38962,38964,649.37,50,0.343
1,1_20251031_Pluto_spont_1,42256,42267,704.27,200,0.326
1,1_20251031_Pluto_spont_1,44992,45006,749.87,250,0.237
1,1_20251031_Pluto_spont_1,45039,45086,750.65,800,0.316
1,1_20251031_Pluto_spont_1,45102,45124,751.7,383,0.323
1,1_20251031_Pluto_spont_1,45161,45343,752.68,3050,0.281
1,1_20251031_Pluto_spont_1,47126,47135,785.43,167,-0.79
1,1_20251031_Pluto_spont_1,50711,50838,845.18,2133,-0.919
1,1_20251031_Pluto_spont_1,51573,51944,859.55,6200,-0.964
1,1_20251031_Pluto_spont_1,52626,52712,877.1,1450,0.324
1,1_20251031_Pluto_spont_1,52775,52817,879.58,717,0.318
1,1_20251031_Pluto_spont_1,52831,52944,880.52,1900,0.318
1,1_20251031_Pluto_spont_1,52955,53013,882.58,983,0.331
1,1_20251031_Pluto_spont_1,53113,53118,885.22,100,0.341
1,1_20251031_Pluto_spont_1,53135,53189,885.58,917,0.341
1,1_20251031_Pluto_spont_1,53211,53263,886.85,883,0.34
1,1_20251031_Pluto_spont_1,53275,53416,887.92,2367,0.333
1,1_20251031_Pluto_spont_1,54667,54679,911.12,217,0.343
1,1_20251031_Pluto_spont_1,54723,54725,912.05,50,0.342
1,1_20251031_Pluto_spont_1,55211,55264,920.18,900,0.341
1,1_20251031_Pluto_spont_1,55271,55275,921.18,83,0.343
1,1_20251031_Pluto_spont_1,55306,55310,921.77,83,0.345
1,1_20251031_Pluto_spont_1,55935,55955,932.25,350,-0.819
1,1_20251031_Pluto_spont_1,56123,56151,935.38,483,0.341
1,1_20251031_Pluto_spont_1,56178,56180,936.3,50,0.346
1,1_20251031_Pluto_spont_1,56204,56233,936.73,500,0.334
1,1_20251031_Pluto_spont_1,56242,56244,937.37,50,0.346
1,1_20251031_Pluto_spont_1,56264,56328,937.73,1083,0.331
1,1_20251031_Pluto_spont_1,56337,56385,938.95,817,0.343
1,1_20251031_Pluto_spont_1,56396,56561,939.93,2767,0.326
1,1_20251031_Pluto_spont_1,56617,56626,943.62,167,0.343
1,1_20251031_Pluto_spont_1,56661,56672,944.35,200,0.343
1,1_20251031_Pluto_spont_1,56798,56835,946.63,633,0.34
1,1_20251031_Pluto_spont_1,56855,56907,947.58,883,0.339
1,1_20251031_Pluto_spont_1,56940,56945,949.0,100,0.345
1,1_20251031_Pluto_spont_1,58054,58069,967.57,267,-0.838
1,1_20251031_Pluto_spont_1,58992,58995,983.2,67,0.345
1,1_20251031_Pluto_spont_1,59029,59050,983.82,367,0.341
1,1_20251031_Pluto_spont_1,59059,59216,984.32,2633,0.332
1,1_20251031_Pluto_spont_1,59603,59609,993.38,117,0.345
1,1_20251031_Pluto_spont_1,59653,59658,994.22,100,0.345
1,1_20251031_Pluto_spont_1,59665,59677,994.42,217,0.344
1,1_20251031_Pluto_spont_1,59697,59710,994.95,233,0.343
1,1_20251031_Pluto_spont_1,59728,59741,995.47,233,0.343
1,1_20251031_Pluto_spont_1,59749,59811,995.82,1050,0.338
1,1_20251031_Pluto_spont_1,59847,59851,997.45,83,0.346
1,1_20251031_Pluto_spont_1,59859,59940,997.65,1367,0.337
1,1_20251031_Pluto_spont_1,59953,59966,999.22,233,0.343
1,1_20251031_Pluto_spont_1,60043,60058,1000.72,267,0.344
1,1_20251031_Pluto_spont_1,60081,60088,1001.35,133,0.343
1,1_20251031_Pluto_spont_1,60109,60119,1001.82,183,0.343
1,1_20251031_Pluto_spont_1,60209,60224,1003.48,267,0.339
1,1_20251031_Pluto_spont_1,60245,60248,1004.08,67,0.343
1,1_20251031_Pluto_spont_1,60258,60266,1004.3,150,0.344
1,1_20251031_Pluto_spont_1,60326,60381,1005.43,933,0.343
1,1_20251031_Pluto_spont_1,60397,60406,1006.62,167,0.344
1,1_20251031_Pluto_spont_1,61419,61514,1023.65,1600,0.304
1,1_20251031_Pluto_spont_1,62054,62549,1034.23,8267,-0.808
1,1_20251031_Pluto_spont_1,62600,62605,1043.33,100,0.337
1,1_20251031_Pluto_spont_1,62619,62922,1043.65,5067,0.284
1,1_20251031_Pluto_spont_1,62931,63119,1048.85,3150,0.316
1,1_20251031_Pluto_spont_1,63131,63184,1052.18,900,0.327
1,1_20251031_Pluto_spont_1,63200,63263,1053.33,1067,0.332
1,1_20251031_Pluto_spont_1,63271,63471,1054.52,3350,0.313
1,1_20251031_Pluto_spont_1,63557,63577,1059.28,350,0.335
1,1_20251031_Pluto_spont_1,63585,63634,1059.75,833,0.325
1,1_20251031_Pluto_spont_1,63643,64067,1060.72,7083,0.316
1,1_20251031_Pluto_spont_1,64099,65101,1068.32,16717,-0.911
1,1_20251031_Pluto_spont_1,65112,65128,1085.2,283,0.341
1,1_20251031_Pluto_spont_1,65175,65519,1086.25,5750,0.304
1,1_20251031_Pluto_spont_1,65529,66181,1092.15,10883,0.309
1,1_20251031_Pluto_spont_1,66244,66332,1104.07,1483,-1.08
1,1_20251031_Pluto_spont_1,66406,66408,1106.77,50,0.343
1,1_20251031_Pluto_spont_1,66553,66573,1109.22,350,0.327
1,1_20251031_Pluto_spont_1,66580,66611,1109.67,533,-0.795
1,1_20251031_Pluto_spont_1,66661,66771,1111.02,1850,-0.798
1,1_20251031_Pluto_spont_1,66813,66950,1113.55,2300,0.275
1,1_20251031_Pluto_spont_1,67122,67163,1118.7,700,0.337
1,1_20251031_Pluto_spont_1,67265,67272,1121.08,133,0.344
1,1_20251031_Pluto_spont_1,67807,67891,1130.12,1417,0.334
1,1_20251031_Pluto_spont_1,67925,67936,1132.08,200,0.344
1,1_20251031_Pluto_spont_1,68166,68410,1136.1,4083,0.301
1,1_20251031_Pluto_spont_1,68418,68428,1140.3,183,0.344
1,1_20251031_Pluto_spont_1,68441,69096,1140.68,10933,-0.949
1,1_20251031_Pluto_spont_1,69215,69246,1153.58,533,0.337
1,1_20251031_Pluto_spont_1,69313,69324,1155.22,200,0.339
1,1_20251031_Pluto_spont_1,69333,69343,1155.55,183,0.345
1,1_20251031_Pluto_spont_1,69376,69383,1156.27,133,0.342
1,1_20251031_Pluto_spont_1,69691,69735,1161.52,750,0.34
1,1_20251031_Pluto_spont_1,69745,69774,1162.42,500,0.339
1,1_20251031_Pluto_spont_1,69811,69814,1163.52,67,0.337
1,1_20251031_Pluto_spont_1,69822,70003,1163.7,3033,0.318
1,1_20251031_Pluto_spont_1,70057,70161,1167.62,1750,0.332
1,1_20251031_Pluto_spont_1,70180,70200,1169.67,350,0.336
1,1_20251031_Pluto_spont_1,70417,70438,1173.62,367,0.339
1,1_20251031_Pluto_spont_1,70515,70532,1175.25,300,0.343
1,1_20251031_Pluto_spont_1,70566,70619,1176.1,900,-0.862
1,1_20251031_Pluto_spont_1,70645,70653,1177.42,150,0.343
1,1_20251031_Pluto_spont_1,70716,70786,1178.6,1183,0.338
1,1_20251031_Pluto_spont_1,71049,71059,1184.15,183,0.344
1,1_20251031_Pluto_spont_1,71083,71086,1184.72,67,0.342
1,1_20251031_Pluto_spont_1,71099,71107,1184.98,150,0.342
1,1_20251031_Pluto_spont_1,71216,71224,1186.93,150,0.334
1,1_20251031_Pluto_spont_1,71235,71237,1187.25,50,0.346
1,1_20251031_Pluto_spont_1,71246,71251,1187.43,100,0.344
1,1_20251031_Pluto_spont_1,71417,71435,1190.28,317,0.34
2,2_20251031_Pluto_spont_3,812,817,13.53,100,0.244
2,2_20251031_Pluto_spont_3,1317,1319,21.95,50,0.331
2,2_20251031_Pluto_spont_3,1329,1331,22.15,50,0.342
2,2_20251031_Pluto_spont_3,1381,1404,23.02,400,0.166
2,2_20251031_Pluto_spont_3,1463,1495,24.38,550,0.317
2,2_20251031_Pluto_spont_3,1582,1597,26.37,267,0.332
2,2_20251031_Pluto_spont_3,1801,1804,30.02,67,0.343
2,2_20251031_Pluto_spont_3,2263,2268,37.72,100,0.341
2,2_20251031_Pluto_spont_3,3344,3350,55.73,117,0.339
2,2_20251031_Pluto_spont_3,3405,3430,56.75,433,0.307
2,2_20251031_Pluto_spont_3,3800,3802,63.33,50,0.341
2,2_20251031_Pluto_spont_3,3846,3889,64.1,733,0.315
2,2_20251031_Pluto_spont_3,4425,4492,73.75,1133,0.312
2,2_20251031_Pluto_spont_3,4734,4764,78.9,517,0.319
2,2_20251031_Pluto_spont_3,5003,5010,83.38,133,0.345
2,2_20251031_Pluto_spont_3,5501,5507,91.68,117,0.31
2,2_20251031_Pluto_spont_3,6412,6446,106.87,583,0.128
2,2_20251031_Pluto_spont_3,6502,6535,108.37,567,0.314
2,2_20251031_Pluto_spont_3,6579,6632,109.65,900,0.323
2,2_20251031_Pluto_spont_3,6731,6769,112.18,650,0.272
2,2_20251031_Pluto_spont_3,6782,6785,113.03,67,0.346
2,2_20251031_Pluto_spont_3,6834,6851,113.9,300,0.339
2,2_20251031_Pluto_spont_3,7089,7214,118.15,2100,0.272
2,2_20251031_Pluto_spont_3,7221,7226,120.35,100,0.346
2,2_20251031_Pluto_spont_3,7244,7281,120.73,633,0.33
2,2_20251031_Pluto_spont_3,7299,7316,121.65,300,0.332
2,2_20251031_Pluto_spont_3,7350,7397,122.5,800,0.327
2,2_20251031_Pluto_spont_3,7412,7419,123.53,133,0.336
2,2_20251031_Pluto_spont_3,7536,7574,125.6,650,0.329
2,2_20251031_Pluto_spont_3,7646,7660,127.43,250,0.338
2,2_20251031_Pluto_spont_3,7750,7766,129.17,283,0.335
2,2_20251031_Pluto_spont_3,8046,8051,134.1,100,0.339
2,2_20251031_Pluto_spont_3,9054,9079,150.9,433,0.334
2,2_20251031_Pluto_spont_3,9201,9216,153.35,267,0.332
2,2_20251031_Pluto_spont_3,9367,9416,156.12,833,0.325
2,2_20251031_Pluto_spont_3,9490,9501,158.17,200,0.343
2,2_20251031_Pluto_spont_3,9511,9526,158.52,267,0.344
2,2_20251031_Pluto_spont_3,9538,9545,158.97,133,0.345
2,2_20251031_Pluto_spont_3,9921,9923,165.35,50,0.343
2,2_20251031_Pluto_spont_3,11202,11226,186.7,417,0.341
2,2_20251031_Pluto_spont_3,11237,11320,187.28,1400,0.33
2,2_20251031_Pluto_spont_3,11400,11445,190.0,767,0.337
2,2_20251031_Pluto_spont_3,12463,12483,207.72,350,0.315
2,2_20251031_Pluto_spont_3,13503,13558,225.05,933,0.306
2,2_20251031_Pluto_spont_3,13642,13656,227.37,250,0.343
2,2_20251031_Pluto_spont_3,15018,15020,250.3,50,0.34
2,2_20251031_Pluto_spont_3,15056,15074,250.93,317,-0.399
2,2_20251031_Pluto_spont_3,15128,15288,252.13,2683,0.272
2,2_20251031_Pluto_spont_3,15302,15526,255.03,3750,0.298
2,2_20251031_Pluto_spont_3,15558,15569,259.3,200,0.339
2,2_20251031_Pluto_spont_3,15577,15586,259.62,167,0.344
2,2_20251031_Pluto_spont_3,15650,15656,260.83,117,0.338
2,2_20251031_Pluto_spont_3,16575,16579,276.25,83,0.334
2,2_20251031_Pluto_spont_3,16597,16604,276.62,133,0.333
2,2_20251031_Pluto_spont_3,16861,16910,281.02,833,0.327
2,2_20251031_Pluto_spont_3,16924,17000,282.07,1283,0.31
2,2_20251031_Pluto_spont_3,17010,17017,283.5,133,0.343
2,2_20251031_Pluto_spont_3,18399,18420,306.65,367,0.342
2,2_20251031_Pluto_spont_3,18438,18462,307.3,417,0.339
2,2_20251031_Pluto_spont_3,18470,18526,307.83,950,0.337
2,2_20251031_Pluto_spont_3,18533,18745,308.88,3550,0.307
2,2_20251031_Pluto_spont_3,18838,18936,313.97,1650,0.311
2,2_20251031_Pluto_spont_3,18943,18945,315.72,50,0.346
2,2_20251031_Pluto_spont_3,19132,19160,318.87,483,0.338
2,2_20251031_Pluto_spont_3,19219,19384,320.32,2767,0.318
2,2_20251031_Pluto_spont_3,19391,19400,323.18,167,0.341
2,2_20251031_Pluto_spont_3,19415,19593,323.58,2983,0.334
2,2_20251031_Pluto_spont_3,19964,19977,332.73,233,-0.368
2,2_20251031_Pluto_spont_3,20202,20211,336.7,167,-0.368
2,2_20251031_Pluto_spont_3,20901,20909,348.35,150,-0.345
2,2_20251031_Pluto_spont_3,21066,21251,351.1,3100,0.17
2,2_20251031_Pluto_spont_3,21259,21296,354.32,633,0.333
2,2_20251031_Pluto_spont_3,21400,21506,356.67,1783,0.302
2,2_20251031_Pluto_spont_3,21537,21575,358.95,650,0.328
2,2_20251031_Pluto_spont_3,21760,21870,362.67,1850,0.316
2,2_20251031_Pluto_spont_3,21885,21906,364.75,367,0.328
2,2_20251031_Pluto_spont_3,22008,22037,366.8,500,0.334
2,2_20251031_Pluto_spont_3,22068,22092,367.8,417,0.338
2,2_20251031_Pluto_spont_3,22103,22161,368.38,983,0.325
2,2_20251031_Pluto_spont_3,22421,22440,373.68,333,0.338
2,2_20251031_Pluto_spont_3,22753,22765,379.22,217,0.344
2,2_20251031_Pluto_spont_3,22857,22872,380.95,267,0.343
2,2_20251031_Pluto_spont_3,22942,22956,382.37,250,0.339
2,2_20251031_Pluto_spont_3,23026,23034,383.77,150,0.343
2,2_20251031_Pluto_spont_3,23103,23178,385.05,1267,0.332
2,2_20251031_Pluto_spont_3,23192,23212,386.53,350,0.338
2,2_20251031_Pluto_spont_3,23784,23841,396.4,967,0.303
2,2_20251031_Pluto_spont_3,23884,23894,398.07,183,0.341
2,2_20251031_Pluto_spont_3,25607,25609,426.78,50,0.344
2,2_20251031_Pluto_spont_3,25623,25625,427.05,50,0.344
2,2_20251031_Pluto_spont_3,26200,26205,436.67,100,0.345
2,2_20251031_Pluto_spont_3,27136,27163,452.27,467,0.331
2,2_20251031_Pluto_spont_3,27171,27173,452.85,50,0.346
2,2_20251031_Pluto_spont_3,28051,28220,467.52,2833,-0.753
2,2_20251031_Pluto_spont_3,28390,28408,473.17,317,0.335
2,2_20251031_Pluto_spont_3,28490,28537,474.83,800,0.323
2,2_20251031_Pluto_spont_3,28544,28881,475.73,5633,0.305
2,2_20251031_Pluto_spont_3,28894,29286,481.57,6550,0.319
2,2_20251031_Pluto_spont_3,29366,29368,489.43,50,0.345
2,2_20251031_Pluto_spont_3,29521,29801,492.02,4683,0.314
2,2_20251031_Pluto_spont_3,29842,30276,497.37,7250,0.301
2,2_20251031_Pluto_spont_3,30511,30596,508.52,1433,0.329
2,2_20251031_Pluto_spont_3,30644,30957,510.73,5233,0.329
2,2_20251031_Pluto_spont_3,30964,31011,516.07,800,0.332
2,2_20251031_Pluto_spont_3,31018,31058,516.97,683,0.341
2,2_20251031_Pluto_spont_3,31082,31102,518.03,350,0.334
2,2_20251031_Pluto_spont_3,31561,31573,526.02,217,-0.361
2,2_20251031_Pluto_spont_3,32734,32770,545.57,617,-0.744
2,2_20251031_Pluto_spont_3,33510,33522,558.5,217,-0.04
2,2_20251031_Pluto_spont_3,34394,34406,573.23,217,0.343
2,2_20251031_Pluto_spont_3,35057,35097,584.28,683,0.306
2,2_20251031_Pluto_spont_3,35143,35226,585.72,1400,0.315
2,2_20251031_Pluto_spont_3,35918,35922,598.63,83,0.343
2,2_20251031_Pluto_spont_3,35992,35999,599.87,133,0.344
2,2_20251031_Pluto_spont_3,37598,37625,626.63,467,0.291
2,2_20251031_Pluto_spont_3,37793,37848,629.88,933,0.212
2,2_20251031_Pluto_spont_3,38338,38354,638.97,283,0.33
2,2_20251031_Pluto_spont_3,38535,38544,642.25,167,0.34
2,2_20251031_Pluto_spont_3,38565,38570,642.75,100,0.344
2,2_20251031_Pluto_spont_3,38622,38641,643.7,333,0.342
2,2_20251031_Pluto_spont_3,38705,38744,645.08,667,0.327
2,2_20251031_Pluto_spont_3,38812,38837,646.87,433,0.331
2,2_20251031_Pluto_spont_3,38916,38964,648.6,817,0.32
2,2_20251031_Pluto_spont_3,39055,39075,650.92,350,0.337
2,2_20251031_Pluto_spont_3,39289,39321,654.82,550,0.336
2,2_20251031_Pluto_spont_3,39335,39409,655.58,1250,0.272
2,2_20251031_Pluto_spont_3,39910,39916,665.17,117,0.344
2,2_20251031_Pluto_spont_3,40343,40351,672.38,150,0.344
2,2_20251031_Pluto_spont_3,40532,40543,675.53,200,0.335
2,2_20251031_Pluto_spont_3,41101,41121,685.02,350,0.327
2,2_20251031_Pluto_spont_3,41195,41226,686.58,533,0.314
2,2_20251031_Pluto_spont_3,41344,41449,689.07,1767,0.315
2,2_20251031_Pluto_spont_3,41704,41774,695.07,1183,0.315
2,2_20251031_Pluto_spont_3,41867,42022,697.78,2600,0.33
2,2_20251031_Pluto_spont_3,42052,42122,700.87,1183,0.323
2,2_20251031_Pluto_spont_3,42166,42198,702.77,550,0.166
2,2_20251031_Pluto_spont_3,42879,42924,714.65,767,0.33
2,2_20251031_Pluto_spont_3,42978,43011,716.3,567,0.329
2,2_20251031_Pluto_spont_3,43182,43227,719.7,767,0.315
2,2_20251031_Pluto_spont_3,43851,43860,730.85,167,0.331
2,2_20251031_Pluto_spont_3,44226,44238,737.1,217,0.333
2,2_20251031_Pluto_spont_3,45574,45593,759.57,333,-0.717
2,2_20251031_Pluto_spont_3,46158,46163,769.3,100,0.157
2,2_20251031_Pluto_spont_3,46442,46451,774.03,167,-0.623
2,2_20251031_Pluto_spont_3,46487,46497,774.78,183,-0.611
2,2_20251031_Pluto_spont_3,46598,46604,776.63,117,0.242
2,2_20251031_Pluto_spont_3,46755,46761,779.25,117,0.266
2,2_20251031_Pluto_spont_3,47045,47079,784.08,583,-0.845
2,2_20251031_Pluto_spont_3,47662,47670,794.37,150,-0.501
2,2_20251031_Pluto_spont_3,47974,47994,799.57,350,-1.527
2,2_20251031_Pluto_spont_3,48124,48127,802.07,67,-0.766
2,2_20251031_Pluto_spont_3,51379,51383,856.32,83,0.0
2,2_20251031_Pluto_spont_3,51512,51516,858.53,83,0.324
2,2_20251031_Pluto_spont_3,54009,54036,900.15,467,0.32
2,2_20251031_Pluto_spont_3,54701,54706,911.68,100,0.345
2,2_20251031_Pluto_spont_3,60037,60059,1000.62,383,0.319
2,2_20251031_Pluto_spont_3,63604,63612,1060.07,150,0.323
2,2_20251031_Pluto_spont_3,64672,64718,1077.87,783,0.181
2,2_20251031_Pluto_spont_3,64795,64800,1079.92,100,0.345
2,2_20251031_Pluto_spont_3,67545,67576,1125.75,533,-1.012
2,2_20251031_Pluto_spont_3,67838,67845,1130.63,133,-0.612
2,2_20251031_Pluto_spont_3,68126,68144,1135.43,317,0.006
2,2_20251031_Pluto_spont_3,69386,69419,1156.43,567,0.25
2,2_20251031_Pluto_spont_3,70781,70784,1179.68,67,0.343
2,2_20251031_Pluto_spont_3,70989,70998,1183.15,167,0.335
2,2_20251031_Pluto_spont_3,71214,71247,1186.9,567,0.333
3,3_20251031_Pluto_spont_2,1008,1015,16.8,133,-0.784
3,3_20251031_Pluto_spont_2,1898,1906,31.63,150,-1.014
3,3_20251031_Pluto_spont_2,1934,1971,32.23,633,-0.786
3,3_20251031_Pluto_spont_2,2076,2078,34.6,50,0.478
3,3_20251031_Pluto_spont_2,2263,2267,37.72,83,-0.552
3,3_20251031_Pluto_spont_2,2813,2817,46.88,83,0.254
3,3_20251031_Pluto_spont_2,2856,2858,47.6,50,0.299
3,3_20251031_Pluto_spont_2,4763,4767,79.38,83,0.345
3,3_20251031_Pluto_spont_2,4810,4827,80.17,300,0.342
3,3_20251031_Pluto_spont_2,4902,4910,81.7,150,0.343
3,3_20251031_Pluto_spont_2,5051,5066,84.18,267,0.34
3,3_20251031_Pluto_spont_2,5114,5181,85.23,1133,0.327
3,3_20251031_Pluto_spont_2,5327,5338,88.78,200,0.335
3,3_20251031_Pluto_spont_2,6136,6204,102.27,1150,0.202
3,3_20251031_Pluto_spont_2,6263,6290,104.38,467,0.334
3,3_20251031_Pluto_spont_2,7038,7102,117.3,1083,0.31
3,3_20251031_Pluto_spont_2,7117,7133,118.62,283,0.338
3,3_20251031_Pluto_spont_2,7346,7409,122.43,1067,0.324
3,3_20251031_Pluto_spont_2,7416,7680,123.6,4417,0.293
3,3_20251031_Pluto_spont_2,7779,8093,129.65,5250,0.304
3,3_20251031_Pluto_spont_2,8102,8146,135.03,750,0.337
3,3_20251031_Pluto_spont_2,8153,8220,135.88,1133,0.311
3,3_20251031_Pluto_spont_2,8246,8385,137.43,2333,0.311
3,3_20251031_Pluto_spont_2,8429,8479,140.48,850,0.315
3,3_20251031_Pluto_spont_2,8679,8701,144.65,383,0.336
3,3_20251031_Pluto_spont_2,9141,9153,152.35,217,-0.638
3,3_20251031_Pluto_spont_2,9957,10037,165.95,1350,0.155
3,3_20251031_Pluto_spont_2,10046,10064,167.43,317,0.322
3,3_20251031_Pluto_spont_2,10597,10647,176.62,850,0.304
3,3_20251031_Pluto_spont_2,10665,10908,177.75,4067,0.278
3,3_20251031_Pluto_spont_2,10920,11166,182.0,4117,0.301
3,3_20251031_Pluto_spont_2,11193,11240,186.55,800,0.32
3,3_20251031_Pluto_spont_2,11414,11442,190.23,483,0.336
3,3_20251031_Pluto_spont_2,11449,11451,190.82,50,0.345
3,3_20251031_Pluto_spont_2,11555,11582,192.58,467,0.322
3,3_20251031_Pluto_spont_2,11656,11991,194.27,5600,0.31
3,3_20251031_Pluto_spont_2,12001,12059,200.02,983,0.335
3,3_20251031_Pluto_spont_2,12066,12133,201.1,1133,0.303
3,3_20251031_Pluto_spont_2,12140,12142,202.33,50,0.345
3,3_20251031_Pluto_spont_2,12186,12231,203.1,767,0.325
3,3_20251031_Pluto_spont_2,12446,12449,207.43,67,0.287
3,3_20251031_Pluto_spont_2,13322,13472,222.03,2517,0.257
3,3_20251031_Pluto_spont_2,14129,14213,235.48,1417,0.315
3,3_20251031_Pluto_spont_2,14230,14268,237.17,650,0.335
3,3_20251031_Pluto_spont_2,14283,14325,238.05,717,0.335
3,3_20251031_Pluto_spont_2,14343,14369,239.05,450,0.335
3,3_20251031_Pluto_spont_2,14691,14705,244.85,250,0.344
3,3_20251031_Pluto_spont_2,15052,15055,250.87,67,0.337
3,3_20251031_Pluto_spont_2,15762,15783,262.7,367,0.159
3,3_20251031_Pluto_spont_2,15886,16082,264.77,3283,-0.392
3,3_20251031_Pluto_spont_2,16167,16442,269.45,4600,0.311
3,3_20251031_Pluto_spont_2,16482,16604,274.7,2050,0.315
3,3_20251031_Pluto_spont_2,16733,16735,278.88,50,0.333
3,3_20251031_Pluto_spont_2,16753,16771,279.22,317,0.339
3,3_20251031_Pluto_spont_2,16805,16945,280.08,2350,0.322
3,3_20251031_Pluto_spont_2,16952,16968,282.53,283,0.343
3,3_20251031_Pluto_spont_2,17035,17130,283.92,1600,0.329
3,3_20251031_Pluto_spont_2,17155,17213,285.92,983,0.334
3,3_20251031_Pluto_spont_2,17220,17228,287.0,150,0.344
3,3_20251031_Pluto_spont_2,17235,17248,287.25,233,0.345
3,3_20251031_Pluto_spont_2,17507,17527,291.78,350,-0.843
3,3_20251031_Pluto_spont_2,18192,18200,303.2,150,0.338
3,3_20251031_Pluto_spont_2,18221,18338,303.68,1967,0.158
3,3_20251031_Pluto_spont_2,18435,18597,307.25,2717,0.269
3,3_20251031_Pluto_spont_2,18694,18709,311.57,267,0.339
3,3_20251031_Pluto_spont_2,18748,18871,312.47,2067,0.325
3,3_20251031_Pluto_spont_2,19630,19743,327.17,1900,0.289
3,3_20251031_Pluto_spont_2,19845,19848,330.75,67,0.345
3,3_20251031_Pluto_spont_2,19977,20000,332.95,400,0.336
3,3_20251031_Pluto_spont_2,20798,20840,346.63,717,0.316
3,3_20251031_Pluto_spont_2,22251,22271,370.85,350,0.164
3,3_20251031_Pluto_spont_2,22742,22765,379.03,400,0.297
3,3_20251031_Pluto_spont_2,22827,22842,380.45,267,0.288
3,3_20251031_Pluto_spont_2,23317,23366,388.62,833,0.324
3,3_20251031_Pluto_spont_2,23377,23385,389.62,150,0.344
3,3_20251031_Pluto_spont_2,23404,23419,390.07,267,0.342
3,3_20251031_Pluto_spont_2,23445,23447,390.75,50,0.345
3,3_20251031_Pluto_spont_2,23535,23754,392.25,3667,0.296
3,3_20251031_Pluto_spont_2,25852,25868,430.87,283,-0.687
3,3_20251031_Pluto_spont_2,25986,25998,433.1,217,0.201
3,3_20251031_Pluto_spont_2,26019,26070,433.65,867,-0.946
3,3_20251031_Pluto_spont_2,26105,26216,435.08,1867,0.3
3,3_20251031_Pluto_spont_2,26343,26427,439.05,1417,0.321
3,3_20251031_Pluto_spont_2,26436,26472,440.6,617,0.324
3,3_20251031_Pluto_spont_2,26641,26704,444.02,1067,0.33
3,3_20251031_Pluto_spont_2,26892,26895,448.2,67,0.345
3,3_20251031_Pluto_spont_2,26984,27048,449.73,1083,0.292
3,3_20251031_Pluto_spont_2,27073,27081,451.22,150,0.342
3,3_20251031_Pluto_spont_2,27094,27140,451.57,783,0.33
3,3_20251031_Pluto_spont_2,27487,27554,458.12,1133,0.322
3,3_20251031_Pluto_spont_2,27566,27606,459.43,683,0.334
3,3_20251031_Pluto_spont_2,29472,29482,491.2,183,-0.728
3,3_20251031_Pluto_spont_2,30407,30415,506.78,150,0.119
3,3_20251031_Pluto_spont_2,32404,32429,540.07,433,0.29
3,3_20251031_Pluto_spont_2,32451,32546,540.85,1600,0.136
3,3_20251031_Pluto_spont_2,32556,32603,542.6,800,0.332
3,3_20251031_Pluto_spont_2,32635,32648,543.92,233,0.343
3,3_20251031_Pluto_spont_2,33262,33357,554.37,1600,0.147
3,3_20251031_Pluto_spont_2,34025,34302,567.08,4633,0.12
3,3_20251031_Pluto_spont_2,34678,34689,577.97,200,0.336
3,3_20251031_Pluto_spont_2,35229,35244,587.15,267,-1.072
3,3_20251031_Pluto_spont_2,35277,35311,587.95,583,0.283
3,3_20251031_Pluto_spont_2,35329,35347,588.82,317,0.291
3,3_20251031_Pluto_spont_2,35642,35960,594.03,5317,-0.086
3,3_20251031_Pluto_spont_2,35967,35978,599.45,200,0.341
3,3_20251031_Pluto_spont_2,35990,35993,599.83,67,0.333
3,3_20251031_Pluto_spont_2,36920,36952,615.33,550,0.342
3,3_20251031_Pluto_spont_2,36961,36964,616.02,67,0.346
3,3_20251031_Pluto_spont_2,37228,37231,620.47,67,0.346
3,3_20251031_Pluto_spont_2,37249,37289,620.82,683,0.34
3,3_20251031_Pluto_spont_2,37298,37354,621.63,950,-1.308
3,3_20251031_Pluto_spont_2,37428,37433,623.8,100,0.334
3,3_20251031_Pluto_spont_2,37597,37964,626.62,6133,0.287
3,3_20251031_Pluto_spont_2,38168,38170,636.13,50,0.336
3,3_20251031_Pluto_spont_2,38235,39501,637.25,21117,0.266
3,3_20251031_Pluto_spont_2,39553,39565,659.22,217,-0.9
3,3_20251031_Pluto_spont_2,40096,40345,668.27,4167,0.274
3,3_20251031_Pluto_spont_2,40352,41289,672.53,15633,0.263
3,3_20251031_Pluto_spont_2,41312,41316,688.53,83,0.331
3,3_20251031_Pluto_spont_2,41564,41569,692.73,100,0.314
3,3_20251031_Pluto_spont_2,41668,41670,694.47,50,0.345
3,3_20251031_Pluto_spont_2,41680,41764,694.67,1417,0.323
3,3_20251031_Pluto_spont_2,41777,41873,696.28,1617,0.299
3,3_20251031_Pluto_spont_2,41886,42388,698.1,8383,0.279
3,3_20251031_Pluto_spont_2,43327,43447,722.12,2017,0.33
3,3_20251031_Pluto_spont_2,43875,43925,731.25,850,0.321
3,3_20251031_Pluto_spont_2,43935,44177,732.25,4050,0.307
3,3_20251031_Pluto_spont_2,44192,44317,736.53,2100,0.32
3,3_20251031_Pluto_spont_2,44327,44338,738.78,200,0.312
3,3_20251031_Pluto_spont_2,44516,44560,741.93,750,0.333
3,3_20251031_Pluto_spont_2,44571,44694,742.85,2067,0.305
3,3_20251031_Pluto_spont_2,44742,44744,745.7,50,0.345
3,3_20251031_Pluto_spont_2,44755,44765,745.92,183,0.344
3,3_20251031_Pluto_spont_2,44773,44787,746.22,250,0.345
3,3_20251031_Pluto_spont_2,44816,44824,746.93,150,0.345
3,3_20251031_Pluto_spont_2,44838,44843,747.3,100,0.345
3,3_20251031_Pluto_spont_2,44906,45561,748.43,10933,0.161
3,3_20251031_Pluto_spont_2,45652,45805,760.87,2567,0.305
3,3_20251031_Pluto_spont_2,45816,46010,763.6,3250,0.295
3,3_20251031_Pluto_spont_2,46023,46157,767.05,2250,0.294
3,3_20251031_Pluto_spont_2,46218,47032,770.3,13583,0.296
3,3_20251031_Pluto_spont_2,47466,47542,791.1,1283,0.336
3,3_20251031_Pluto_spont_2,47628,47642,793.8,250,0.341
3,3_20251031_Pluto_spont_2,47657,47695,794.28,650,0.339
3,3_20251031_Pluto_spont_2,48318,48320,805.3,50,0.346
3,3_20251031_Pluto_spont_2,48340,48349,805.67,167,0.345
3,3_20251031_Pluto_spont_2,48368,48371,806.13,67,0.347
3,3_20251031_Pluto_spont_2,48494,48501,808.23,133,0.343
3,3_20251031_Pluto_spont_2,48526,48529,808.77,67,0.347
3,3_20251031_Pluto_spont_2,48545,48569,809.08,417,0.344
3,3_20251031_Pluto_spont_2,49005,49128,816.75,2067,0.327
3,3_20251031_Pluto_spont_2,49248,49272,820.8,417,0.341
3,3_20251031_Pluto_spont_2,49283,49363,821.38,1350,0.335
3,3_20251031_Pluto_spont_2,49380,49484,823.0,1750,0.338
3,3_20251031_Pluto_spont_2,49495,49608,824.92,1900,0.323
3,3_20251031_Pluto_spont_2,49616,49620,826.93,83,0.346
3,3_20251031_Pluto_spont_2,49711,49723,828.52,217,0.334
3,3_20251031_Pluto_spont_2,49741,49743,829.02,50,0.344
3,3_20251031_Pluto_spont_2,49758,50485,829.3,12133,0.297
3,3_20251031_Pluto_spont_2,50534,50714,842.23,3017,0.314
3,3_20251031_Pluto_spont_2,50721,51831,845.35,18517,0.272
3,3_20251031_Pluto_spont_2,51902,52373,865.03,7867,0.19
3,3_20251031_Pluto_spont_2,52411,55373,873.52,49383,-0.949
3,3_20251031_Pluto_spont_2,55877,56117,931.28,4017,0.231
3,3_20251031_Pluto_spont_2,56127,56139,935.45,217,0.341
3,3_20251031_Pluto_spont_2,56182,56237,936.37,933,0.219
3,3_20251031_Pluto_spont_2,56326,56693,938.77,6133,0.27
3,3_20251031_Pluto_spont_2,56740,56796,945.67,950,0.051
3,3_20251031_Pluto_spont_2,56811,56935,946.85,2083,0.289
3,3_20251031_Pluto_spont_2,57122,57392,952.03,4517,0.254
3,3_20251031_Pluto_spont_2,57519,57711,958.65,3217,0.275
3,3_20251031_Pluto_spont_2,57746,57959,962.43,3567,0.332
3,3_20251031_Pluto_spont_2,58081,58319,968.02,3983,0.297
3,3_20251031_Pluto_spont_2,58366,58381,972.77,267,0.338
3,3_20251031_Pluto_spont_2,58408,58423,973.47,267,0.342
3,3_20251031_Pluto_spont_2,58539,58550,975.65,200,0.338
3,3_20251031_Pluto_spont_2,58566,58957,976.1,6533,0.283
3,3_20251031_Pluto_spont_2,58964,58981,982.73,300,0.339
3,3_20251031_Pluto_spont_2,59108,59822,985.13,11917,0.278
3,3_20251031_Pluto_spont_2,60467,60583,1007.78,1950,0.274
3,3_20251031_Pluto_spont_2,60591,60635,1009.85,750,0.343
3,3_20251031_Pluto_spont_2,60672,61160,1011.2,8150,0.275
3,3_20251031_Pluto_spont_2,61208,62899,1020.13,28200,0.067
3,3_20251031_Pluto_spont_2,63119,63925,1051.98,13450,0.044
3,3_20251031_Pluto_spont_2,64089,64292,1068.15,3400,0.254
3,3_20251031_Pluto_spont_2,64389,64589,1073.15,3350,0.271
3,3_20251031_Pluto_spont_2,64697,64708,1078.28,200,0.344
3,3_20251031_Pluto_spont_2,64828,64834,1080.47,117,0.345
3,3_20251031_Pluto_spont_2,64859,64887,1080.98,483,0.337
3,3_20251031_Pluto_spont_2,65013,65199,1083.55,3117,0.31
3,3_20251031_Pluto_spont_2,65207,65703,1086.78,8283,0.276
3,3_20251031_Pluto_spont_2,65771,70486,1096.18,78600,0.21
3,3_20251031_Pluto_spont_2,70555,70569,1175.92,250,0.345
3,3_20251031_Pluto_spont_2,70578,70584,1176.3,117,0.346
3,3_20251031_Pluto_spont_2,70598,70611,1176.63,233,0.344
3,3_20251031_Pluto_spont_2,70641,71023,1177.35,6383,0.294
3,3_20251031_Pluto_spont_2,71030,71204,1183.83,2917,0.338
3,3_20251031_Pluto_spont_2,71211,71747,1186.85,8950,0.289
4,4_20251030_Pluto_spont_1,2835,2929,47.25,1583,-0.576
4,4_20251030_Pluto_spont_1,3021,3036,50.35,267,-0.983
4,4_20251030_Pluto_spont_1,3283,3296,54.72,233,-1.016
4,4_20251030_Pluto_spont_1,3678,3717,61.3,667,0.324
4,4_20251030_Pluto_spont_1,8213,8249,136.88,617,0.199
4,4_20251030_Pluto_spont_1,12062,12081,201.03,333,0.323
4,4_20251030_Pluto_spont_1,15481,15506,258.02,433,-0.926
4,4_20251030_Pluto_spont_1,19540,19560,325.67,350,0.313
4,4_20251030_Pluto_spont_1,19797,19832,329.95,600,-0.727
4,4_20251030_Pluto_spont_1,22000,22042,366.67,717,-0.921
4,4_20251030_Pluto_spont_1,22283,22296,371.38,233,-0.922
4,4_20251030_Pluto_spont_1,22640,22647,377.33,133,-0.882
4,4_20251030_Pluto_spont_1,25808,25824,430.13,283,0.341
4,4_20251030_Pluto_spont_1,28398,28419,473.3,367,0.34
4,4_20251030_Pluto_spont_1,29141,29165,485.68,417,0.165
4,4_20251030_Pluto_spont_1,29237,29350,487.28,1900,0.29
4,4_20251030_Pluto_spont_1,29441,29469,490.68,483,0.331
4,4_20251030_Pluto_spont_1,29499,29529,491.65,517,0.327
4,4_20251030_Pluto_spont_1,29718,29780,495.3,1050,0.32
4,4_20251030_Pluto_spont_1,29787,29869,496.45,1383,0.328
4,4_20251030_Pluto_spont_1,30807,30855,513.45,817,0.315
4,4_20251030_Pluto_spont_1,31007,31025,516.78,317,0.344
4,4_20251030_Pluto_spont_1,31810,31876,530.17,1117,0.297
4,4_20251030_Pluto_spont_1,31894,31920,531.57,450,0.331
4,4_20251030_Pluto_spont_1,31944,31949,532.4,100,0.345
4,4_20251030_Pluto_spont_1,32284,32286,538.07,50,0.345
4,4_20251030_Pluto_spont_1,32446,32483,540.77,633,0.337
4,4_20251030_Pluto_spont_1,32905,32920,548.42,267,0.326
4,4_20251030_Pluto_spont_1,33098,33126,551.63,483,0.334
4,4_20251030_Pluto_spont_1,33220,33222,553.67,50,0.345
4,4_20251030_Pluto_spont_1,34744,34786,579.07,717,0.141
4,4_20251030_Pluto_spont_1,36708,36732,611.8,417,-0.718
4,4_20251030_Pluto_spont_1,36952,36965,615.87,233,0.144
4,4_20251030_Pluto_spont_1,36975,37081,616.25,1783,0.169
4,4_20251030_Pluto_spont_1,37151,37175,619.18,417,0.333
4,4_20251030_Pluto_spont_1,37357,37415,622.62,983,0.333
4,4_20251030_Pluto_spont_1,37473,37551,624.55,1317,0.33
4,4_20251030_Pluto_spont_1,37570,37585,626.17,267,0.343
4,4_20251030_Pluto_spont_1,38031,38089,633.85,983,0.336
4,4_20251030_Pluto_spont_1,38282,38400,638.03,1983,0.313
4,4_20251030_Pluto_spont_1,38510,38535,641.83,433,0.336
4,4_20251030_Pluto_spont_1,38878,38946,647.97,1150,0.328
4,4_20251030_Pluto_spont_1,38958,38970,649.3,217,0.345
4,4_20251030_Pluto_spont_1,38996,39033,649.93,633,0.331
4,4_20251030_Pluto_spont_1,39041,39050,650.68,167,0.344
4,4_20251030_Pluto_spont_1,39069,39073,651.15,83,0.346
4,4_20251030_Pluto_spont_1,40499,40571,674.98,1217,0.29
4,4_20251030_Pluto_spont_1,41226,41272,687.1,783,0.208
4,4_20251030_Pluto_spont_1,41370,41404,689.5,583,0.337
4,4_20251030_Pluto_spont_1,41414,41482,690.23,1150,0.336
4,4_20251030_Pluto_spont_1,41582,41598,693.03,283,0.343
4,4_20251030_Pluto_spont_1,42176,42265,702.93,1500,0.339
4,4_20251030_Pluto_spont_1,43547,43582,725.78,600,0.336
4,4_20251030_Pluto_spont_1,43901,43905,731.68,83,0.345
4,4_20251030_Pluto_spont_1,44245,44249,737.42,83,0.345
4,4_20251030_Pluto_spont_1,44841,44929,747.35,1483,0.316
4,4_20251030_Pluto_spont_1,45031,45036,750.52,100,0.344
4,4_20251030_Pluto_spont_1,45388,46174,756.47,13117,-0.8
4,4_20251030_Pluto_spont_1,46338,46343,772.3,100,0.336
4,4_20251030_Pluto_spont_1,46350,46496,772.5,2450,0.092
4,4_20251030_Pluto_spont_1,46527,46540,775.45,233,0.331
4,4_20251030_Pluto_spont_1,46694,46753,778.23,1000,0.278
4,4_20251030_Pluto_spont_1,46778,46785,779.63,133,0.341
4,4_20251030_Pluto_spont_1,46884,47124,781.4,4017,-0.81
4,4_20251030_Pluto_spont_1,47308,47388,788.47,1350,0.326
4,4_20251030_Pluto_spont_1,47808,47844,796.8,617,0.328
4,4_20251030_Pluto_spont_1,48074,48285,801.23,3533,0.292
4,4_20251030_Pluto_spont_1,48665,48775,811.08,1850,0.12
4,4_20251030_Pluto_spont_1,48783,48798,813.05,267,0.344
4,4_20251030_Pluto_spont_1,48807,48819,813.45,217,0.343
4,4_20251030_Pluto_spont_1,48838,48841,813.97,67,0.345
4,4_20251030_Pluto_spont_1,48897,48899,814.95,50,0.346
4,4_20251030_Pluto_spont_1,48983,49025,816.38,717,0.312
4,4_20251030_Pluto_spont_1,50213,50244,836.88,533,0.272
4,4_20251030_Pluto_spont_1,51085,51089,851.42,83,0.343
4,4_20251030_Pluto_spont_1,51108,51342,851.8,3917,0.303
4,4_20251030_Pluto_spont_1,51354,51357,855.9,67,0.343
4,4_20251030_Pluto_spont_1,51399,51605,856.65,3450,0.326
4,4_20251030_Pluto_spont_1,51669,51716,861.15,800,0.289
4,4_20251030_Pluto_spont_1,51767,51835,862.78,1150,0.338
4,4_20251030_Pluto_spont_1,51928,51954,865.47,450,0.342
4,4_20251030_Pluto_spont_1,51991,52377,866.52,6450,0.302
4,4_20251030_Pluto_spont_1,52486,52489,874.77,67,0.345
4,4_20251030_Pluto_spont_1,52502,54525,875.03,33733,0.21
4,4_20251030_Pluto_spont_1,54618,57266,910.3,44150,0.129
4,4_20251030_Pluto_spont_1,57287,57300,954.78,233,0.345
4,4_20251030_Pluto_spont_1,57328,57334,955.47,117,0.346
4,4_20251030_Pluto_spont_1,57350,57357,955.83,133,0.344
4,4_20251030_Pluto_spont_1,57375,57381,956.25,117,0.346
4,4_20251030_Pluto_spont_1,57551,57684,959.18,2233,-0.746
4,4_20251030_Pluto_spont_1,57724,57925,962.07,3367,0.17
4,4_20251030_Pluto_spont_1,58044,58083,967.4,667,0.343
4,4_20251030_Pluto_spont_1,58095,58118,968.25,400,0.344
4,4_20251030_Pluto_spont_1,58125,59462,968.75,22300,0.274
4,4_20251030_Pluto_spont_1,59612,59650,993.53,650,0.341
4,4_20251030_Pluto_spont_1,59671,60085,994.52,6917,0.323
4,4_20251030_Pluto_spont_1,60445,61468,1007.42,17067,-0.777
4,4_20251030_Pluto_spont_1,61557,61577,1025.95,350,-0.837
4,4_20251030_Pluto_spont_1,61782,61869,1029.7,1467,0.132
4,4_20251030_Pluto_spont_1,61878,61883,1031.3,100,0.342
4,4_20251030_Pluto_spont_1,61896,61898,1031.6,50,0.346
4,4_20251030_Pluto_spont_1,61959,61970,1032.65,200,0.34
4,4_20251030_Pluto_spont_1,61979,61982,1032.98,67,0.344
4,4_20251030_Pluto_spont_1,62789,62886,1046.48,1633,0.316
4,4_20251030_Pluto_spont_1,62906,63740,1048.43,13917,0.279
4,4_20251030_Pluto_spont_1,63749,63756,1062.48,133,0.344
4,4_20251030_Pluto_spont_1,63859,63864,1064.32,100,0.343
4,4_20251030_Pluto_spont_1,63906,63912,1065.1,117,0.342
4,4_20251030_Pluto_spont_1,63920,63953,1065.33,567,0.341
4,4_20251030_Pluto_spont_1,64002,64590,1066.7,9817,0.298
4,4_20251030_Pluto_spont_1,64986,65113,1083.1,2133,0.331
4,4_20251030_Pluto_spont_1,65145,65421,1085.75,4617,0.318
4,4_20251030_Pluto_spont_1,65431,65447,1090.52,283,0.345
4,4_20251030_Pluto_spont_1,65455,65460,1090.92,100,0.344
4,4_20251030_Pluto_spont_1,65541,65546,1092.35,100,0.335
4,4_20251030_Pluto_spont_1,65606,65757,1093.43,2533,0.335
4,4_20251030_Pluto_spont_1,65859,66720,1097.65,14367,0.282
4,4_20251030_Pluto_spont_1,66728,66731,1112.13,67,0.346
4,4_20251030_Pluto_spont_1,66740,66742,1112.33,50,0.345
4,4_20251030_Pluto_spont_1,66774,66892,1112.9,1983,0.3
4,4_20251030_Pluto_spont_1,67881,67986,1131.35,1767,0.302
4,4_20251030_Pluto_spont_1,68006,68319,1133.43,5233,0.29
4,4_20251030_Pluto_spont_1,68342,68350,1139.03,150,0.345
4,4_20251030_Pluto_spont_1,68361,68496,1139.35,2267,0.341
4,4_20251030_Pluto_spont_1,68507,68513,1141.78,117,0.343
4,4_20251030_Pluto_spont_1,68638,68713,1143.97,1267,0.165
4,4_20251030_Pluto_spont_1,68826,69088,1147.1,4383,0.323
4,4_20251030_Pluto_spont_1,69103,69105,1151.72,50,0.345
4,4_20251030_Pluto_spont_1,69143,70287,1152.38,19083,0.193
4,4_20251030_Pluto_spont_1,70355,71128,1172.58,12900,0.228
4,4_20251030_Pluto_spont_1,71142,71208,1185.7,1117,0.34
4,4_20251030_Pluto_spont_1,71304,71311,1188.4,133,0.346
4,4_20251030_Pluto_spont_1,71334,71337,1188.9,67,0.344
4,4_20251030_Pluto_spont_1,71435,71582,1190.58,2467,0.329
4,4_20251030_Pluto_spont_1,71597,71747,1193.28,2517,0.308
5,5_20251029_Pluto_spont_1,19032,19045,317.2,233,0.14
5,5_20251029_Pluto_spont_1,23079,23090,384.65,200,0.258
5,5_20251029_Pluto_spont_1,23109,23176,385.15,1133,0.319
5,5_20251029_Pluto_spont_1,32315,32349,538.58,583,-0.718
6,6_20251028_Pluto_spont_1,9115,9126,151.92,200,-0.762
6,6_20251028_Pluto_spont_1,11297,11340,188.28,733,-0.761
6,6_20251028_Pluto_spont_1,14912,14932,248.53,350,0.196
6,6_20251028_Pluto_spont_1,15001,15039,250.02,650,0.277
6,6_20251028_Pluto_spont_1,24896,24979,414.93,1400,-0.93
6,6_20251028_Pluto_spont_1,25896,25910,431.6,250,0.269
6,6_20251028_Pluto_spont_1,26021,26067,433.68,783,0.326
6,6_20251028_Pluto_spont_1,26622,26629,443.7,133,0.137
6,6_20251028_Pluto_spont_1,26761,26766,446.02,100,0.192
6,6_20251028_Pluto_spont_1,27032,27040,450.53,150,0.211
6,6_20251028_Pluto_spont_1,27053,27101,450.88,817,0.124
6,6_20251028_Pluto_spont_1,27110,27201,451.83,1533,0.224
6,6_20251028_Pluto_spont_1,27249,27334,454.15,1433,0.301
6,6_20251028_Pluto_spont_1,27347,27441,455.78,1583,0.33
6,6_20251028_Pluto_spont_1,27458,27470,457.63,217,0.339
6,6_20251028_Pluto_spont_1,27529,27779,458.82,4183,0.306
6,6_20251028_Pluto_spont_1,27860,27886,464.33,450,0.344
6,6_20251028_Pluto_spont_1,27901,27924,465.02,400,0.343
6,6_20251028_Pluto_spont_1,27931,27964,465.52,567,0.343
6,6_20251028_Pluto_spont_1,27971,27985,466.18,250,0.342
6,6_20251028_Pluto_spont_1,28593,28759,476.55,2783,0.333
6,6_20251028_Pluto_spont_1,28842,28853,480.7,200,0.345
6,6_20251028_Pluto_spont_1,28874,28876,481.23,50,0.345
6,6_20251028_Pluto_spont_1,36467,36489,607.78,383,-0.671
6,6_20251028_Pluto_spont_1,36616,36633,610.27,300,0.243
6,6_20251028_Pluto_spont_1,36713,36808,611.88,1600,-0.559
6,6_20251028_Pluto_spont_1,36849,36890,614.15,700,0.333
6,6_20251028_Pluto_spont_1,37828,37847,630.47,333,-0.815
6,6_20251028_Pluto_spont_1,37962,37977,632.7,267,0.318
6,6_20251028_Pluto_spont_1,38072,38217,634.53,2433,0.284
6,6_20251028_Pluto_spont_1,38236,38302,637.27,1117,0.342
6,6_20251028_Pluto_spont_1,39345,39350,655.75,100,0.343
6,6_20251028_Pluto_spont_1,40051,40087,667.52,617,0.339
6,6_20251028_Pluto_spont_1,42424,42531,707.07,1800,0.318
6,6_20251028_Pluto_spont_1,44190,44192,736.5,50,0.337
6,6_20251028_Pluto_spont_1,46025,46039,767.08,250,-0.683
6,6_20251028_Pluto_spont_1,46925,46931,782.08,117,-0.516
7,7_20251027_Pluto_spont1,21858,21900,364.3,717,-0.528
7,7_20251027_Pluto_spont1,22157,22175,369.28,317,-0.756
7,7_20251027_Pluto_spont1,22185,22200,369.75,267,-0.984
7,7_20251027_Pluto_spont1,22329,22331,372.15,50,0.333
7,7_20251027_Pluto_spont1,22354,22392,372.57,650,-0.545
7,7_20251027_Pluto_spont1,22410,22427,373.5,300,-0.813
7,7_20251027_Pluto_spont1,22582,22606,376.37,417,-0.488
7,7_20251027_Pluto_spont1,54351,54416,905.85,1100,-0.652
8,8_20251024_Pluto_spont1,1027,1035,17.12,150,-1.018
8,8_20251024_Pluto_spont1,1674,1679,27.9,100,0.329
8,8_20251024_Pluto_spont1,2768,2826,46.13,983,0.297
8,8_20251024_Pluto_spont1,2869,2898,47.82,500,0.338
8,8_20251024_Pluto_spont1,5310,5313,88.5,67,-0.016
8,8_20251024_Pluto_spont1,6965,7068,116.08,1733,0.322
8,8_20251024_Pluto_spont1,7076,7080,117.93,83,0.345
8,8_20251024_Pluto_spont1,8549,8604,142.48,933,0.229
8,8_20251024_Pluto_spont1,13255,13281,220.92,450,0.15
8,8_20251024_Pluto_spont1,23782,23790,396.37,150,0.235
8,8_20251024_Pluto_spont1,23839,23870,397.32,533,-0.583
8,8_20251024_Pluto_spont1,23907,23929,398.45,383,-0.972
8,8_20251024_Pluto_spont1,26263,26278,437.72,267,0.016
8,8_20251024_Pluto_spont1,26889,26911,448.15,383,0.279
8,8_20251024_Pluto_spont1,29365,29417,489.42,883,-0.782
8,8_20251024_Pluto_spont1,29439,29487,490.65,817,-1.129
8,8_20251024_Pluto_spont1,29502,29514,491.7,217,0.039
8,8_20251024_Pluto_spont1,29534,29538,492.23,83,0.277
8,8_20251024_Pluto_spont1,29562,29588,492.7,450,-0.991
8,8_20251024_Pluto_spont1,29715,29737,495.25,383,-0.851
8,8_20251024_Pluto_spont1,29839,29849,497.32,183,-1.071
8,8_20251024_Pluto_spont1,29903,29920,498.38,300,-0.964
8,8_20251024_Pluto_spont1,29939,29955,498.98,283,-0.633
8,8_20251024_Pluto_spont1,29971,29989,499.52,317,-0.722
8,8_20251024_Pluto_spont1,30211,30221,503.52,183,-0.825
8,8_20251024_Pluto_spont1,30291,30318,504.85,467,-1.037
8,8_20251024_Pluto_spont1,30331,30351,505.52,350,-0.318
8,8_20251024_Pluto_spont1,30425,30442,507.08,300,-0.115
8,8_20251024_Pluto_spont1,30645,30655,510.75,183,0.336
8,8_20251024_Pluto_spont1,30667,30717,511.12,850,-1.082
8,8_20251024_Pluto_spont1,30732,30734,512.2,50,0.335
8,8_20251024_Pluto_spont1,30812,30834,513.53,383,-0.86
8,8_20251024_Pluto_spont1,30888,31004,514.8,1950,0.213
8,8_20251024_Pluto_spont1,31068,31072,517.8,83,0.34
8,8_20251024_Pluto_spont1,31366,31398,522.77,550,-1.555
8,8_20251024_Pluto_spont1,31442,31475,524.03,567,-1.072
8,8_20251024_Pluto_spont1,31530,31538,525.5,150,0.342
8,8_20251024_Pluto_spont1,31603,31627,526.72,417,0.298
8,8_20251024_Pluto_spont1,31643,31688,527.38,767,-0.388
8,8_20251024_Pluto_spont1,32025,32033,533.75,150,0.334
8,8_20251024_Pluto_spont1,32046,32050,534.1,83,0.34
8,8_20251024_Pluto_spont1,32058,32125,534.3,1133,0.306
8,8_20251024_Pluto_spont1,32367,32371,539.45,83,0.346
8,8_20251024_Pluto_spont1,32428,32431,540.47,67,0.345
8,8_20251024_Pluto_spont1,32439,32541,540.65,1717,-0.329
8,8_20251024_Pluto_spont1,32594,32663,543.23,1167,-0.884
8,8_20251024_Pluto_spont1,32859,33106,547.65,4133,0.142
8,8_20251024_Pluto_spont1,33200,33226,553.33,450,0.329
8,8_20251024_Pluto_spont1,33317,33458,555.28,2367,-1.325
8,8_20251024_Pluto_spont1,33600,33607,560.0,133,0.342
8,8_20251024_Pluto_spont1,33741,33831,562.35,1517,-0.09
8,8_20251024_Pluto_spont1,33874,34010,564.57,2283,0.313
8,8_20251024_Pluto_spont1,34018,34046,566.97,483,0.34
8,8_20251024_Pluto_spont1,34081,36872,568.02,46533,0.233
8,8_20251024_Pluto_spont1,36883,36885,614.72,50,0.346
8,8_20251024_Pluto_spont1,36894,36914,614.9,350,0.315
8,8_20251024_Pluto_spont1,36973,37666,616.22,11567,0.255
8,8_20251024_Pluto_spont1,37673,37677,627.88,83,0.341
8,8_20251024_Pluto_spont1,37820,38224,630.33,6750,0.284
8,8_20251024_Pluto_spont1,38368,38662,639.47,4917,0.27
8,8_20251024_Pluto_spont1,38698,39034,644.97,5617,0.286
8,8_20251024_Pluto_spont1,39042,39112,650.7,1183,0.294
8,8_20251024_Pluto_spont1,39399,39401,656.65,50,0.343
8,8_20251024_Pluto_spont1,39419,39485,656.98,1117,-0.736
8,8_20251024_Pluto_spont1,39785,39799,663.08,250,0.295
8,8_20251024_Pluto_spont1,39818,39841,663.63,400,0.213
8,8_20251024_Pluto_spont1,39877,39899,664.62,383,0.312
8,8_20251024_Pluto_spont1,40191,40672,669.85,8033,0.282
8,8_20251024_Pluto_spont1,40687,41031,678.12,5750,0.325
8,8_20251024_Pluto_spont1,41039,41067,683.98,483,0.342
8,8_20251024_Pluto_spont1,41103,41110,685.05,133,0.345
8,8_20251024_Pluto_spont1,41120,41651,685.33,8867,0.306
8,8_20251024_Pluto_spont1,41901,42650,698.35,12500,0.299
8,8_20251024_Pluto_spont1,42678,42698,711.3,350,0.283
8,8_20251024_Pluto_spont1,42817,42854,713.62,633,0.335
8,8_20251024_Pluto_spont1,42894,43148,714.9,4250,0.324
8,8_20251024_Pluto_spont1,43155,43158,719.25,67,0.344
8,8_20251024_Pluto_spont1,43591,43614,726.52,400,-0.643
8,8_20251024_Pluto_spont1,44305,44497,738.42,3217,0.209
8,8_20251024_Pluto_spont1,44514,44561,741.9,800,0.292
8,8_20251024_Pluto_spont1,44642,45695,744.03,17567,0.223
8,8_20251024_Pluto_spont1,45807,45875,763.45,1150,0.338
8,8_20251024_Pluto_spont1,45917,48082,765.28,36100,0.285
8,8_20251024_Pluto_spont1,48168,49490,802.8,22050,0.269
8,8_20251024_Pluto_spont1,49542,60898,825.7,189283,-0.423
8,8_20251024_Pluto_spont1,60907,61081,1015.12,2917,0.287
8,8_20251024_Pluto_spont1,61145,61160,1019.08,267,0.142
8,8_20251024_Pluto_spont1,61884,61889,1031.4,100,0.343
8,8_20251024_Pluto_spont1,62068,62075,1034.47,133,0.335
8,8_20251024_Pluto_spont1,62126,62231,1035.43,1767,0.073
8,8_20251024_Pluto_spont1,62239,62241,1037.32,50,0.342
8,8_20251024_Pluto_spont1,62250,62260,1037.5,183,0.341
8,8_20251024_Pluto_spont1,62847,62852,1047.45,100,0.305
8,8_20251024_Pluto_spont1,62891,62894,1048.18,67,0.333
8,8_20251024_Pluto_spont1,63032,63041,1050.53,167,0.325
8,8_20251024_Pluto_spont1,63121,63276,1052.02,2600,0.224
8,8_20251024_Pluto_spont1,63378,63382,1056.3,83,0.346
8,8_20251024_Pluto_spont1,63390,63393,1056.5,67,0.345
8,8_20251024_Pluto_spont1,63405,63812,1056.75,6800,0.311
8,8_20251024_Pluto_spont1,63875,64015,1064.58,2350,0.326
8,8_20251024_Pluto_spont1,64027,64094,1067.12,1133,0.322
8,8_20251024_Pluto_spont1,64101,64107,1068.35,117,0.346
8,8_20251024_Pluto_spont1,64123,64210,1068.72,1467,0.328
8,8_20251024_Pluto_spont1,64283,64295,1071.38,217,0.344
8,8_20251024_Pluto_spont1,64603,64663,1076.72,1017,-0.624
8,8_20251024_Pluto_spont1,64929,64951,1082.15,383,0.334
8,8_20251024_Pluto_spont1,65283,65292,1088.05,167,0.302
8,8_20251024_Pluto_spont1,65307,65666,1088.45,6000,0.172
8,8_20251024_Pluto_spont1,65715,67682,1095.25,32800,0.244
8,8_20251024_Pluto_spont1,67749,67820,1129.15,1200,0.232
8,8_20251024_Pluto_spont1,67849,71747,1130.82,64983,0.248
9,9_20251023_Pluto1,92,96,1.53,83,0.035
9,9_20251023_Pluto1,838,887,13.97,833,0.312
9,9_20251023_Pluto1,930,976,15.5,783,0.319
9,9_20251023_Pluto1,1405,1463,23.42,983,0.323
9,9_20251023_Pluto1,1711,1756,28.52,767,0.336
9,9_20251023_Pluto1,1765,1810,29.42,767,0.338
9,9_20251023_Pluto1,2394,2400,39.9,117,0.33
9,9_20251023_Pluto1,4723,4739,78.72,283,0.151
9,9_20251023_Pluto1,6169,6171,102.82,50,0.343
9,9_20251023_Pluto1,7517,7526,125.28,167,0.256
9,9_20251023_Pluto1,8002,8062,133.37,1017,-0.802
9,9_20251023_Pluto1,8074,8087,134.57,233,0.265
9,9_20251023_Pluto1,8095,8106,134.92,200,0.122
9,9_20251023_Pluto1,8134,8142,135.57,150,0.21
9,9_20251023_Pluto1,8553,8573,142.55,350,-0.918
9,9_20251023_Pluto1,8596,8606,143.27,183,-0.869
9,9_20251023_Pluto1,8629,8640,143.82,200,0.071
9,9_20251023_Pluto1,8659,8680,144.32,367,-1.467
9,9_20251023_Pluto1,8699,8719,144.98,350,-0.844
9,9_20251023_Pluto1,9911,9953,165.18,717,0.323
9,9_20251023_Pluto1,11539,11723,192.32,3083,0.098
9,9_20251023_Pluto1,11781,11795,196.35,250,0.335
9,9_20251023_Pluto1,11853,11880,197.55,467,0.325
9,9_20251023_Pluto1,11933,11937,198.88,83,0.337
9,9_20251023_Pluto1,12498,12504,208.3,117,0.33
9,9_20251023_Pluto1,12626,12992,210.43,6117,0.292
9,9_20251023_Pluto1,13001,13019,216.68,317,0.339
9,9_20251023_Pluto1,13070,13081,217.83,200,0.346
9,9_20251023_Pluto1,13115,13119,218.58,83,0.346
9,9_20251023_Pluto1,13160,13202,219.33,717,0.315
9,9_20251023_Pluto1,13319,13323,221.98,83,0.332
9,9_20251023_Pluto1,13434,13458,223.9,417,0.297
9,9_20251023_Pluto1,13547,15547,225.78,33350,0.11
9,9_20251023_Pluto1,15586,15591,259.77,100,0.346
9,9_20251023_Pluto1,15601,15618,260.02,300,0.329
9,9_20251023_Pluto1,16081,16148,268.02,1133,0.202
9,9_20251023_Pluto1,16303,16311,271.72,150,0.327
9,9_20251023_Pluto1,16354,16380,272.57,450,0.31
9,9_20251023_Pluto1,16515,16555,275.25,683,0.333
9,9_20251023_Pluto1,16695,16701,278.25,117,0.344
9,9_20251023_Pluto1,16763,16765,279.38,50,0.345
9,9_20251023_Pluto1,16881,16899,281.35,317,0.343
9,9_20251023_Pluto1,16908,16917,281.8,167,0.343
9,9_20251023_Pluto1,16927,16951,282.12,417,0.34
9,9_20251023_Pluto1,16961,16971,282.68,183,0.335
9,9_20251023_Pluto1,17182,17190,286.37,150,-0.014
9,9_20251023_Pluto1,17373,17483,289.55,1850,0.109
9,9_20251023_Pluto1,19224,19249,320.4,433,0.258
9,9_20251023_Pluto1,19356,19538,322.6,3050,0.128
9,9_20251023_Pluto1,19547,19549,325.78,50,0.344
9,9_20251023_Pluto1,19557,19602,325.95,767,0.332
9,9_20251023_Pluto1,19612,19700,326.87,1483,0.326
9,9_20251023_Pluto1,19709,19728,328.48,333,0.342
9,9_20251023_Pluto1,20019,20057,333.65,650,-0.914
9,9_20251023_Pluto1,20346,20420,339.1,1250,0.125
9,9_20251023_Pluto1,20465,20502,341.08,633,0.319
9,9_20251023_Pluto1,20606,20620,343.43,250,0.327
9,9_20251023_Pluto1,20717,20721,345.28,83,0.346
9,9_20251023_Pluto1,20824,20847,347.07,400,0.339
9,9_20251023_Pluto1,21412,21428,356.87,283,0.313
9,9_20251023_Pluto1,21457,21676,357.62,3667,-0.962
9,9_20251023_Pluto1,21747,21767,362.45,350,0.342
9,9_20251023_Pluto1,21795,21823,363.25,483,0.339
9,9_20251023_Pluto1,21889,22035,364.82,2450,0.315
9,9_20251023_Pluto1,22147,22187,369.12,683,0.333
9,9_20251023_Pluto1,22200,23665,370.0,24433,-0.856
9,9_20251023_Pluto1,23768,23774,396.13,117,0.343
9,9_20251023_Pluto1,23787,23796,396.45,167,0.323
9,9_20251023_Pluto1,24078,24083,401.3,100,-0.873
9,9_20251023_Pluto1,24243,27101,404.05,47650,-0.955
9,9_20251023_Pluto1,27303,27329,455.05,450,-1.022
9,9_20251023_Pluto1,27369,27434,456.15,1100,0.233
9,9_20251023_Pluto1,27445,27803,457.42,5983,0.198
9,9_20251023_Pluto1,28052,28055,467.53,67,0.336
9,9_20251023_Pluto1,28145,28496,469.08,5867,-0.975
9,9_20251023_Pluto1,28510,29101,475.17,9867,0.3
9,9_20251023_Pluto1,29242,29248,487.37,117,0.345
9,9_20251023_Pluto1,29257,29333,487.62,1283,0.336
9,9_20251023_Pluto1,29340,29398,489.0,983,0.246
9,9_20251023_Pluto1,29443,29447,490.72,83,0.343
9,9_20251023_Pluto1,29454,29931,490.9,7967,0.326
9,9_20251023_Pluto1,30024,35059,500.4,83933,0.174
9,9_20251023_Pluto1,35082,39468,584.7,73117,-1.021
9,9_20251023_Pluto1,40123,40185,668.72,1050,0.205
9,9_20251023_Pluto1,40771,40779,679.52,150,0.309
9,9_20251023_Pluto1,40822,40829,680.37,133,0.34
9,9_20251023_Pluto1,40880,40900,681.33,350,0.327
9,9_20251023_Pluto1,40962,43776,682.7,46917,0.134
9,9_20251023_Pluto1,44064,44082,734.4,317,-0.933
9,9_20251023_Pluto1,44236,44242,737.27,117,0.341
9,9_20251023_Pluto1,44264,44280,737.73,283,0.317
9,9_20251023_Pluto1,44315,44839,738.58,8750,-1.034
9,9_20251023_Pluto1,44846,44891,747.43,767,0.329
9,9_20251023_Pluto1,44912,44914,748.53,50,0.346
9,9_20251023_Pluto1,44928,44933,748.8,100,0.346
9,9_20251023_Pluto1,44944,44952,749.07,150,0.318
9,9_20251023_Pluto1,45301,45304,755.02,67,0.337
9,9_20251023_Pluto1,45340,45347,755.67,133,0.32
9,9_20251023_Pluto1,45575,45596,759.58,367,0.297
9,9_20251023_Pluto1,45617,45619,760.28,50,0.344
9,9_20251023_Pluto1,45651,45657,760.85,117,0.343
9,9_20251023_Pluto1,45707,45709,761.78,50,0.342
9,9_20251023_Pluto1,45915,45917,765.25,50,0.327
9,9_20251023_Pluto1,47105,47132,785.08,467,0.125
9,9_20251023_Pluto1,47611,47630,793.52,333,-0.998
9,9_20251023_Pluto1,48002,48012,800.03,183,0.123
9,9_20251023_Pluto1,48248,48303,804.13,933,0.021
9,9_20251023_Pluto1,49844,49848,830.73,83,0.34
9,9_20251023_Pluto1,49914,49926,831.9,217,0.236
9,9_20251023_Pluto1,50167,50282,836.12,1933,0.242
9,9_20251023_Pluto1,52611,52653,876.85,717,0.318
9,9_20251023_Pluto1,52900,55742,881.67,47383,0.278
9,9_20251023_Pluto1,55902,56318,931.7,6950,0.293
9,9_20251023_Pluto1,56557,56877,942.62,5350,0.294
9,9_20251023_Pluto1,56997,57006,949.95,167,0.341
9,9_20251023_Pluto1,57025,57029,950.42,83,0.338
9,9_20251023_Pluto1,57036,57047,950.6,200,0.334
9,9_20251023_Pluto1,57055,57190,950.92,2267,0.338
9,9_20251023_Pluto1,57358,57632,955.97,4583,0.292
9,9_20251023_Pluto1,57645,57688,960.75,733,0.323
9,9_20251023_Pluto1,57733,57736,962.22,67,0.339
9,9_20251023_Pluto1,57837,57872,963.95,600,0.138
9,9_20251023_Pluto1,57884,57891,964.73,133,0.345
9,9_20251023_Pluto1,57903,57969,965.05,1117,0.324
9,9_20251023_Pluto1,57980,57991,966.33,200,0.335
9,9_20251023_Pluto1,57999,58566,966.65,9467,0.306
9,9_20251023_Pluto1,58690,59120,978.17,7183,0.31
9,9_20251023_Pluto1,59128,59131,985.47,67,0.341
9,9_20251023_Pluto1,59173,59366,986.22,3233,0.308
9,9_20251023_Pluto1,60242,71747,1004.03,191767,-1.069
10,10_20251022_Pluto1,1600,1660,26.67,1017,0.173
10,10_20251022_Pluto1,1781,1822,29.68,700,0.338
10,10_20251022_Pluto1,1846,1884,30.77,650,0.316
10,10_20251022_Pluto1,1900,1910,31.67,183,0.342
10,10_20251022_Pluto1,2659,2736,44.32,1300,0.32
10,10_20251022_Pluto1,2748,2785,45.8,633,0.318
10,10_20251022_Pluto1,2794,2796,46.57,50,0.344
10,10_20251022_Pluto1,2809,2813,46.82,83,0.344
10,10_20251022_Pluto1,4176,4182,69.6,117,0.332
10,10_20251022_Pluto1,4367,4510,72.78,2400,0.298
10,10_20251022_Pluto1,4518,4525,75.3,133,0.343
10,10_20251022_Pluto1,4602,4621,76.7,333,0.343
10,10_20251022_Pluto1,5128,5130,85.47,50,0.331
10,10_20251022_Pluto1,5137,5283,85.62,2450,0.313
10,10_20251022_Pluto1,5421,5579,90.35,2650,0.31
10,10_20251022_Pluto1,5592,5599,93.2,133,0.34
10,10_20251022_Pluto1,5804,5929,96.73,2100,0.299
10,10_20251022_Pluto1,7594,7642,126.57,817,-0.867
10,10_20251022_Pluto1,7804,7810,130.07,117,0.234
10,10_20251022_Pluto1,7997,8004,133.28,133,0.228
10,10_20251022_Pluto1,8028,8044,133.8,283,-0.852
10,10_20251022_Pluto1,8097,8119,134.95,383,0.104
10,10_20251022_Pluto1,8152,8175,135.87,400,-0.977
10,10_20251022_Pluto1,8586,8599,143.1,233,0.163
10,10_20251022_Pluto1,8642,8669,144.03,467,-1.291
10,10_20251022_Pluto1,8866,8888,147.77,383,-1.215
10,10_20251022_Pluto1,9622,9760,160.37,2317,0.31
10,10_20251022_Pluto1,10120,10157,168.67,633,0.329
10,10_20251022_Pluto1,10991,11055,183.18,1083,0.307
10,10_20251022_Pluto1,11413,11477,190.22,1083,0.324
10,10_20251022_Pluto1,11637,11640,193.95,67,0.341
10,10_20251022_Pluto1,12217,12263,203.62,783,0.331
10,10_20251022_Pluto1,12362,12372,206.03,183,0.338
10,10_20251022_Pluto1,12382,12387,206.37,100,0.342
10,10_20251022_Pluto1,13533,13551,225.55,317,-1.133
10,10_20251022_Pluto1,13576,13592,226.27,283,0.328
10,10_20251022_Pluto1,13628,13781,227.13,2567,0.311
10,10_20251022_Pluto1,15922,15930,265.37,150,0.332
10,10_20251022_Pluto1,16267,16272,271.12,100,0.343
10,10_20251022_Pluto1,16518,16611,275.3,1567,0.28
10,10_20251022_Pluto1,17227,17276,287.12,833,0.327
10,10_20251022_Pluto1,17380,17536,289.67,2617,0.248
10,10_20251022_Pluto1,17544,17825,292.4,4700,0.321
10,10_20251022_Pluto1,17854,18086,297.57,3883,0.293
10,10_20251022_Pluto1,18097,18778,301.62,11367,0.218
10,10_20251022_Pluto1,18785,18787,313.08,50,0.346
10,10_20251022_Pluto1,18840,19308,314.0,7817,0.209
10,10_20251022_Pluto1,19347,20836,322.45,24833,0.194
10,10_20251022_Pluto1,20890,20948,348.17,983,0.297
10,10_20251022_Pluto1,21120,24705,352.0,59767,0.199
10,10_20251022_Pluto1,24771,28257,412.85,58117,-1.002
10,10_20251022_Pluto1,28287,28342,471.45,933,0.282
10,10_20251022_Pluto1,28371,34045,472.85,94583,0.078
10,10_20251022_Pluto1,34242,34254,570.7,217,-1.084
10,10_20251022_Pluto1,34324,34333,572.07,167,-1.102
10,10_20251022_Pluto1,34481,34505,574.68,417,0.289
10,10_20251022_Pluto1,34600,40725,576.67,102100,0.096
10,10_20251022_Pluto1,40732,40813,678.87,1367,-1.127
10,10_20251022_Pluto1,40838,40857,680.63,333,0.305
10,10_20251022_Pluto1,40880,41283,681.33,6733,0.039
10,10_20251022_Pluto1,41578,41631,692.97,900,0.063
10,10_20251022_Pluto1,42040,42089,700.67,833,0.305
10,10_20251022_Pluto1,42115,42437,701.92,5383,0.309
10,10_20251022_Pluto1,42505,42511,708.42,117,0.289
10,10_20251022_Pluto1,42560,42645,709.33,1433,0.147
10,10_20251022_Pluto1,42658,42675,710.97,300,-0.898
10,10_20251022_Pluto1,42706,42724,711.77,317,0.147
10,10_20251022_Pluto1,42768,42800,712.8,550,0.142
10,10_20251022_Pluto1,43030,43082,717.17,883,-0.011
10,10_20251022_Pluto1,43132,43141,718.87,167,-0.86
10,10_20251022_Pluto1,43154,43156,719.23,50,0.341
10,10_20251022_Pluto1,43163,43173,719.38,183,0.325
10,10_20251022_Pluto1,43245,43258,720.75,233,0.186
10,10_20251022_Pluto1,43632,43642,727.2,183,-0.911
10,10_20251022_Pluto1,44076,44085,734.6,167,0.344
10,10_20251022_Pluto1,44332,44352,738.87,350,0.341
10,10_20251022_Pluto1,44363,44383,739.38,350,0.336
10,10_20251022_Pluto1,44393,44396,739.88,67,0.343
10,10_20251022_Pluto1,44700,44704,745.0,83,0.334
10,10_20251022_Pluto1,44802,44807,746.7,100,0.346
10,10_20251022_Pluto1,44828,44854,747.13,450,0.326
10,10_20251022_Pluto1,44870,45262,747.83,6550,0.164
10,10_20251022_Pluto1,45346,45370,755.77,417,0.303
10,10_20251022_Pluto1,45508,45544,758.47,617,0.326
10,10_20251022_Pluto1,45669,45691,761.15,383,0.322
10,10_20251022_Pluto1,45777,45807,762.95,517,0.33
10,10_20251022_Pluto1,45833,45842,763.88,167,0.34
10,10_20251022_Pluto1,46114,46165,768.57,867,0.307
10,10_20251022_Pluto1,46290,46395,771.5,1767,0.217
10,10_20251022_Pluto1,46440,46469,774.0,500,0.341
10,10_20251022_Pluto1,46597,47445,776.62,14150,0.264
10,10_20251022_Pluto1,47586,47616,793.1,517,0.341
10,10_20251022_Pluto1,48082,48251,801.37,2833,0.27
10,10_20251022_Pluto1,48365,48778,806.08,6900,0.317
10,10_20251022_Pluto1,48903,57072,815.05,136167,0.209
10,10_20251022_Pluto1,57089,57095,951.48,117,0.315
10,10_20251022_Pluto1,57154,57175,952.57,367,0.092
10,10_20251022_Pluto1,57314,70011,955.23,211633,-1.156
10,10_20251022_Pluto1,70029,71747,1167.15,28650,0.095
11,11_20251017_Terra_spont_1,636,638,10.6,50,0.324
11,11_20251017_Terra_spont_1,810,814,13.5,83,0.339
11,11_20251017_Terra_spont_1,2776,2801,46.27,433,-0.799
11,11_20251017_Terra_spont_1,2830,2832,47.17,50,-0.694
11,11_20251017_Terra_spont_1,2871,2873,47.85,50,0.438
11,11_20251017_Terra_spont_1,2936,2939,48.93,67,-0.679
11,11_20251017_Terra_spont_1,6099,6109,101.65,183,0.321
11,11_20251017_Terra_spont_1,7968,7978,132.8,183,0.332
11,11_20251017_Terra_spont_1,8392,8394,139.87,50,0.338
11,11_20251017_Terra_spont_1,9260,9262,154.33,50,0.337
11,11_20251017_Terra_spont_1,10599,10639,176.65,683,0.318
11,11_20251017_Terra_spont_1,10883,10894,181.38,200,0.319
11,11_20251017_Terra_spont_1,11051,11095,184.18,750,0.31
11,11_20251017_Terra_spont_1,11141,11158,185.68,300,0.343
11,11_20251017_Terra_spont_1,11166,11365,186.1,3333,0.317
11,11_20251017_Terra_spont_1,11429,11437,190.48,150,0.342
11,11_20251017_Terra_spont_1,11453,11456,190.88,67,0.346
11,11_20251017_Terra_spont_1,11499,11504,191.65,100,0.345
11,11_20251017_Terra_spont_1,11514,11560,191.9,783,0.342
11,11_20251017_Terra_spont_1,11668,11700,194.47,550,0.308
11,11_20251017_Terra_spont_1,12723,12743,212.05,350,0.314
11,11_20251017_Terra_spont_1,12767,12779,212.78,217,0.342
11,11_20251017_Terra_spont_1,12789,12806,213.15,300,0.325
11,11_20251017_Terra_spont_1,14033,14077,233.88,750,0.282
11,11_20251017_Terra_spont_1,14104,14125,235.07,367,0.33
11,11_20251017_Terra_spont_1,14193,14197,236.55,83,0.342
11,11_20251017_Terra_spont_1,14209,14218,236.82,167,0.337
11,11_20251017_Terra_spont_1,14250,14344,237.5,1583,0.335
11,11_20251017_Terra_spont_1,14351,14378,239.18,467,0.339
11,11_20251017_Terra_spont_1,14396,14416,239.93,350,0.341
11,11_20251017_Terra_spont_1,14424,14593,240.4,2833,0.331
11,11_20251017_Terra_spont_1,14641,14681,244.02,683,0.332
11,11_20251017_Terra_spont_1,14739,14793,245.65,917,0.293
11,11_20251017_Terra_spont_1,14927,14934,248.78,133,0.338
11,11_20251017_Terra_spont_1,15031,15048,250.52,300,0.343
11,11_20251017_Terra_spont_1,15056,15064,250.93,150,0.344
11,11_20251017_Terra_spont_1,15073,15081,251.22,150,0.339
11,11_20251017_Terra_spont_1,15092,15149,251.53,967,0.337
11,11_20251017_Terra_spont_1,15156,15165,252.6,167,0.334
11,11_20251017_Terra_spont_1,15173,15182,252.88,167,0.34
11,11_20251017_Terra_spont_1,15196,15203,253.27,133,0.341
11,11_20251017_Terra_spont_1,15379,15396,256.32,300,0.339
11,11_20251017_Terra_spont_1,15512,15515,258.53,67,0.341
11,11_20251017_Terra_spont_1,15530,15532,258.83,50,0.342
11,11_20251017_Terra_spont_1,15594,15954,259.9,6017,0.321
11,11_20251017_Terra_spont_1,16003,16068,266.72,1100,0.333
11,11_20251017_Terra_spont_1,16117,16576,268.62,7667,0.324
11,11_20251017_Terra_spont_1,16583,16590,276.38,133,0.33
11,11_20251017_Terra_spont_1,16622,16625,277.03,67,0.343
11,11_20251017_Terra_spont_1,17038,17050,283.97,217,0.325
11,11_20251017_Terra_spont_1,17063,17095,284.38,550,0.341
11,11_20251017_Terra_spont_1,17132,17136,285.53,83,0.326
11,11_20251017_Terra_spont_1,17206,17220,286.77,250,0.337
11,11_20251017_Terra_spont_1,17357,17369,289.28,217,0.342
11,11_20251017_Terra_spont_1,17503,17519,291.72,283,0.313
11,11_20251017_Terra_spont_1,17528,17539,292.13,200,0.343
11,11_20251017_Terra_spont_1,17601,17605,293.35,83,0.344
11,11_20251017_Terra_spont_1,17614,17621,293.57,133,0.339
11,11_20251017_Terra_spont_1,17630,17649,293.83,333,0.339
11,11_20251017_Terra_spont_1,17667,17707,294.45,683,0.332
11,11_20251017_Terra_spont_1,17737,17747,295.62,183,0.341
11,11_20251017_Terra_spont_1,17754,17805,295.9,867,0.33
11,11_20251017_Terra_spont_1,17812,17824,296.87,217,0.346
11,11_20251017_Terra_spont_1,17831,17847,297.18,283,0.341
11,11_20251017_Terra_spont_1,17859,17862,297.65,67,0.341
11,11_20251017_Terra_spont_1,17874,17981,297.9,1800,0.336
11,11_20251017_Terra_spont_1,17995,18001,299.92,117,0.346
11,11_20251017_Terra_spont_1,18076,18088,301.27,217,0.337
11,11_20251017_Terra_spont_1,18234,18237,303.9,67,0.343
11,11_20251017_Terra_spont_1,18315,18318,305.25,67,0.345
11,11_20251017_Terra_spont_1,18681,18763,311.35,1383,0.321
11,11_20251017_Terra_spont_1,18771,18834,312.85,1067,0.301
11,11_20251017_Terra_spont_1,19037,19044,317.28,133,0.324
11,11_20251017_Terra_spont_1,19270,19530,321.17,4350,0.271
11,11_20251017_Terra_spont_1,19554,19761,325.9,3467,0.299
11,11_20251017_Terra_spont_1,19782,19990,329.7,3483,0.294
11,11_20251017_Terra_spont_1,20048,20052,334.13,83,0.337
11,11_20251017_Terra_spont_1,20059,20163,334.32,1750,0.317
11,11_20251017_Terra_spont_1,20209,20978,336.82,12833,0.283
11,11_20251017_Terra_spont_1,20990,21006,349.83,283,0.342
11,11_20251017_Terra_spont_1,21294,21314,354.9,350,0.317
11,11_20251017_Terra_spont_1,21521,21612,358.68,1533,0.291
11,11_20251017_Terra_spont_1,21621,21680,360.35,1000,0.322
11,11_20251017_Terra_spont_1,21705,21730,361.75,433,0.335
11,11_20251017_Terra_spont_1,21821,21829,363.68,150,0.344
11,11_20251017_Terra_spont_1,21920,21927,365.33,133,0.329
11,11_20251017_Terra_spont_1,22016,22018,366.93,50,0.346
11,11_20251017_Terra_spont_1,22027,22034,367.12,133,0.337
11,11_20251017_Terra_spont_1,22051,22111,367.52,1017,0.326
11,11_20251017_Terra_spont_1,22181,22207,369.68,450,0.32
11,11_20251017_Terra_spont_1,22251,22293,370.85,717,0.338
11,11_20251017_Terra_spont_1,22303,22366,371.72,1067,0.334
11,11_20251017_Terra_spont_1,22462,22469,374.37,133,0.339
11,11_20251017_Terra_spont_1,22500,22504,375.0,83,0.345
11,11_20251017_Terra_spont_1,22519,22522,375.32,67,0.346
11,11_20251017_Terra_spont_1,22530,22533,375.5,67,0.346
11,11_20251017_Terra_spont_1,22548,22567,375.8,333,0.337
11,11_20251017_Terra_spont_1,22574,22586,376.23,217,0.338
11,11_20251017_Terra_spont_1,22595,22608,376.58,233,0.344
11,11_20251017_Terra_spont_1,22620,22658,377.0,650,0.336
11,11_20251017_Terra_spont_1,22668,22698,377.8,517,0.331
11,11_20251017_Terra_spont_1,23050,23053,384.17,67,0.344
11,11_20251017_Terra_spont_1,23086,23091,384.77,100,0.339
11,11_20251017_Terra_spont_1,23163,23185,386.05,383,0.336
11,11_20251017_Terra_spont_1,23200,23221,386.67,367,0.34
11,11_20251017_Terra_spont_1,23516,23549,391.93,567,0.272
11,11_20251017_Terra_spont_1,23869,23871,397.82,50,0.337
11,11_20251017_Terra_spont_1,24060,24131,401.0,1200,0.29
11,11_20251017_Terra_spont_1,24240,24253,404.0,233,0.326
11,11_20251017_Terra_spont_1,24450,24492,407.5,717,0.332
11,11_20251017_Terra_spont_1,24578,24589,409.63,200,0.338
11,11_20251017_Terra_spont_1,24597,24606,409.95,167,0.341
11,11_20251017_Terra_spont_1,24626,24644,410.43,317,0.339
11,11_20251017_Terra_spont_1,24651,24660,410.85,167,0.338
11,11_20251017_Terra_spont_1,24747,25394,412.45,10800,0.284
11,11_20251017_Terra_spont_1,25635,25731,427.25,1617,0.262
11,11_20251017_Terra_spont_1,25738,25742,428.97,83,0.344
11,11_20251017_Terra_spont_1,25767,26016,429.45,4167,0.265
11,11_20251017_Terra_spont_1,26026,26035,433.77,167,0.341
11,11_20251017_Terra_spont_1,26058,26113,434.3,933,0.31
11,11_20251017_Terra_spont_1,26127,26290,435.45,2733,0.288
11,11_20251017_Terra_spont_1,26328,26819,438.8,8200,0.323
11,11_20251017_Terra_spont_1,26892,27049,448.2,2633,0.309
11,11_20251017_Terra_spont_1,27074,27590,451.23,8617,0.33
11,11_20251017_Terra_spont_1,27602,27651,460.03,833,0.341
11,11_20251017_Terra_spont_1,27671,27677,461.18,117,0.345
11,11_20251017_Terra_spont_1,27879,27909,464.65,517,-0.742
11,11_20251017_Terra_spont_1,27950,28214,465.83,4417,0.242
11,11_20251017_Terra_spont_1,28300,28503,471.67,3400,0.333
11,11_20251017_Terra_spont_1,28510,28613,475.17,1733,0.335
11,11_20251017_Terra_spont_1,28637,28645,477.28,150,0.342
11,11_20251017_Terra_spont_1,28662,28678,477.7,283,0.345
11,11_20251017_Terra_spont_1,28685,28693,478.08,150,0.344
11,11_20251017_Terra_spont_1,28701,28851,478.35,2517,0.333
11,11_20251017_Terra_spont_1,28876,28886,481.27,183,0.335
11,11_20251017_Terra_spont_1,28896,28898,481.6,50,0.34
11,11_20251017_Terra_spont_1,28931,29380,482.18,7500,0.317
11,11_20251017_Terra_spont_1,29399,29542,489.98,2400,0.327
11,11_20251017_Terra_spont_1,29622,29630,493.7,150,0.34
11,11_20251017_Terra_spont_1,29909,30076,498.48,2800,0.337
11,11_20251017_Terra_spont_1,30123,30299,502.05,2950,0.334
11,11_20251017_Terra_spont_1,30337,30344,505.62,133,0.343
11,11_20251017_Terra_spont_1,30352,30374,505.87,383,0.336
11,11_20251017_Terra_spont_1,30522,30578,508.7,950,0.297
11,11_20251017_Terra_spont_1,30657,30660,510.95,67,0.343
11,11_20251017_Terra_spont_1,31048,31464,517.47,6950,0.284
11,11_20251017_Terra_spont_1,31674,31692,527.9,317,0.32
11,11_20251017_Terra_spont_1,31812,32968,530.2,19283,0.249
11,11_20251017_Terra_spont_1,33015,33018,550.25,67,0.345
11,11_20251017_Terra_spont_1,33033,33207,550.55,2917,0.319
11,11_20251017_Terra_spont_1,33267,33302,554.45,600,0.339
11,11_20251017_Terra_spont_1,33328,33331,555.47,67,0.342
11,11_20251017_Terra_spont_1,33550,33607,559.17,967,0.246
11,11_20251017_Terra_spont_1,33809,34134,563.48,5433,0.148
11,11_20251017_Terra_spont_1,34183,35376,569.72,19900,0.261
11,11_20251017_Terra_spont_1,35394,35399,589.9,100,0.344
11,11_20251017_Terra_spont_1,35433,37418,590.55,33100,0.109
11,11_20251017_Terra_spont_1,37845,37854,630.75,167,0.323
11,11_20251017_Terra_spont_1,37886,37889,631.43,67,0.343
11,11_20251017_Terra_spont_1,37899,37909,631.65,183,0.345
11,11_20251017_Terra_spont_1,37916,38164,631.93,4150,0.328
11,11_20251017_Terra_spont_1,38206,38209,636.77,67,0.344
11,11_20251017_Terra_spont_1,38217,38239,636.95,383,0.343
11,11_20251017_Terra_spont_1,38255,38257,637.58,50,0.333
11,11_20251017_Terra_spont_1,38408,38424,640.13,283,0.335
11,11_20251017_Terra_spont_1,38586,39536,643.1,15850,0.242
11,11_20251017_Terra_spont_1,39635,39638,660.58,67,0.345
11,11_20251017_Terra_spont_1,39652,39673,660.87,367,0.34
11,11_20251017_Terra_spont_1,39691,39707,661.52,283,0.343
11,11_20251017_Terra_spont_1,39732,39784,662.2,883,0.339
11,11_20251017_Terra_spont_1,39808,39831,663.47,400,0.339
11,11_20251017_Terra_spont_1,39840,39855,664.0,267,0.341
11,11_20251017_Terra_spont_1,39877,40066,664.62,3167,0.287
11,11_20251017_Terra_spont_1,40268,40275,671.13,133,0.322
11,11_20251017_Terra_spont_1,40364,40461,672.73,1633,0.269
11,11_20251017_Terra_spont_1,40469,42497,674.48,33817,0.219
11,11_20251017_Terra_spont_1,42573,42685,709.55,1883,0.309
11,11_20251017_Terra_spont_1,42720,42991,712.0,4533,0.317
11,11_20251017_Terra_spont_1,43286,43304,721.43,317,0.28
11,11_20251017_Terra_spont_1,43322,43329,722.03,133,0.34
11,11_20251017_Terra_spont_1,43340,45245,722.33,31767,0.161
11,11_20251017_Terra_spont_1,45494,45524,758.23,517,0.278
11,11_20251017_Terra_spont_1,45634,45858,760.57,3750,0.196
11,11_20251017_Terra_spont_1,45866,45870,764.43,83,0.32
11,11_20251017_Terra_spont_1,45880,45883,764.67,67,0.325
11,11_20251017_Terra_spont_1,45890,47568,764.83,27983,0.194
11,11_20251017_Terra_spont_1,47607,47805,793.45,3317,0.291
11,11_20251017_Terra_spont_1,47822,47981,797.03,2667,0.3
11,11_20251017_Terra_spont_1,48063,48068,801.05,100,0.344
11,11_20251017_Terra_spont_1,48403,48471,806.72,1150,0.315
11,11_20251017_Terra_spont_1,48520,48525,808.67,100,0.345
11,11_20251017_Terra_spont_1,48537,48539,808.95,50,0.344
11,11_20251017_Terra_spont_1,48547,48588,809.12,700,0.337
11,11_20251017_Terra_spont_1,48598,48600,809.97,50,0.346
11,11_20251017_Terra_spont_1,48614,48869,810.23,4267,0.326
11,11_20251017_Terra_spont_1,48964,49063,816.07,1667,0.3
11,11_20251017_Terra_spont_1,49122,49147,818.7,433,0.339
11,11_20251017_Terra_spont_1,49155,49165,819.25,183,0.341
11,11_20251017_Terra_spont_1,49182,49975,819.7,13233,0.303
11,11_20251017_Terra_spont_1,50251,50347,837.52,1617,0.268
11,11_20251017_Terra_spont_1,50545,50654,842.42,1833,0.298
11,11_20251017_Terra_spont_1,50696,50698,844.93,50,0.346
11,11_20251017_Terra_spont_1,50705,51683,845.08,16317,0.265
11,11_20251017_Terra_spont_1,51710,51912,861.83,3383,0.306
11,11_20251017_Terra_spont_1,51922,52019,865.37,1633,0.325
11,11_20251017_Terra_spont_1,52067,52874,867.78,13467,0.304
11,11_20251017_Terra_spont_1,53189,53212,886.48,400,0.257
11,11_20251017_Terra_spont_1,53374,53379,889.57,100,0.344
11,11_20251017_Terra_spont_1,53615,53621,893.58,117,0.346
11,11_20251017_Terra_spont_1,53659,53662,894.32,67,0.346
11,11_20251017_Terra_spont_1,53719,53722,895.32,67,0.346
11,11_20251017_Terra_spont_1,53731,53744,895.52,233,0.343
11,11_20251017_Terra_spont_1,53751,53789,895.85,650,0.334
11,11_20251017_Terra_spont_1,53858,53863,897.63,100,0.347
11,11_20251017_Terra_spont_1,53880,53913,898.0,567,0.336
11,11_20251017_Terra_spont_1,53982,54178,899.7,3283,0.331
11,11_20251017_Terra_spont_1,54195,54246,903.25,867,0.342
11,11_20251017_Terra_spont_1,54543,54577,909.05,583,0.331
11,11_20251017_Terra_spont_1,54630,54976,910.5,5783,0.329
11,11_20251017_Terra_spont_1,55000,55004,916.67,83,0.346
11,11_20251017_Terra_spont_1,55027,55069,917.12,717,0.332
11,11_20251017_Terra_spont_1,55127,55137,918.78,183,0.298
11,11_20251017_Terra_spont_1,55323,55329,922.05,117,0.345
11,11_20251017_Terra_spont_1,55699,55773,928.32,1250,0.329
11,11_20251017_Terra_spont_1,55812,55943,930.2,2200,0.328
11,11_20251017_Terra_spont_1,56019,56331,933.65,5217,0.329
11,11_20251017_Terra_spont_1,56347,56376,939.12,500,0.342
11,11_20251017_Terra_spont_1,56440,56575,940.67,2267,0.302
11,11_20251017_Terra_spont_1,56685,57213,944.75,8817,0.314
11,11_20251017_Terra_spont_1,57227,57740,953.78,8567,0.25
11,11_20251017_Terra_spont_1,57748,57804,962.47,950,0.326
11,11_20251017_Terra_spont_1,57812,57826,963.53,250,0.342
11,11_20251017_Terra_spont_1,57833,57934,963.88,1700,0.321
11,11_20251017_Terra_spont_1,58068,58347,967.8,4667,-0.852
11,11_20251017_Terra_spont_1,58394,58715,973.23,5367,0.255
11,11_20251017_Terra_spont_1,58760,58929,979.33,2833,0.278
11,11_20251017_Terra_spont_1,58965,59608,982.75,10733,0.191
11,11_20251017_Terra_spont_1,59687,60322,994.78,10600,0.254
11,11_20251017_Terra_spont_1,60330,60337,1005.5,133,0.339
11,11_20251017_Terra_spont_1,60409,60565,1006.82,2617,0.316
11,11_20251017_Terra_spont_1,60805,60983,1013.42,2983,0.052
11,11_20251017_Terra_spont_1,61042,61201,1017.37,2667,0.328
11,11_20251017_Terra_spont_1,61270,64866,1021.17,59950,0.234
11,11_20251017_Terra_spont_1,65450,67299,1090.83,30833,0.211
11,11_20251017_Terra_spont_1,67338,67350,1122.3,217,0.323
11,11_20251017_Terra_spont_1,67677,67685,1127.95,150,0.311
11,11_20251017_Terra_spont_1,67706,67712,1128.43,117,0.325
11,11_20251017_Terra_spont_1,67731,67746,1128.85,267,0.343
11,11_20251017_Terra_spont_1,67764,68035,1129.4,4533,-0.862
11,11_20251017_Terra_spont_1,68043,68643,1134.05,10017,0.248
11,11_20251017_Terra_spont_1,68704,69894,1145.07,19850,0.292
11,11_20251017_Terra_spont_1,70125,71225,1168.75,18350,0.221
11,11_20251017_Terra_spont_1,71480,71509,1191.33,500,0.331
11,11_20251017_Terra_spont_1,71559,71573,1192.65,250,0.343
11,11_20251017_Terra_spont_1,71584,71664,1193.07,1350,0.33
11,11_20251017_Terra_spont_1,71710,71747,1195.17,633,0.331
12,12_20251016_Terra_spont_2,10208,10226,170.13,317,0.156
12,12_20251016_Terra_spont_2,11300,11302,188.33,50,0.602
12,12_20251016_Terra_spont_2,12471,12495,207.85,417,0.051
12,12_20251016_Terra_spont_2,13585,13649,226.42,1083,-1.194
12,12_20251016_Terra_spont_2,13803,13813,230.05,183,0.108
12,12_20251016_Terra_spont_2,13820,13825,230.33,100,0.087
12,12_20251016_Terra_spont_2,13854,13902,230.9,817,-0.493
12,12_20251016_Terra_spont_2,13956,13998,232.6,717,-0.869
12,12_20251016_Terra_spont_2,14007,14023,233.45,283,0.154
12,12_20251016_Terra_spont_2,14059,14081,234.32,383,-0.898
12,12_20251016_Terra_spont_2,14091,14113,234.85,383,-0.083
12,12_20251016_Terra_spont_2,14121,14127,235.35,117,0.414
12,12_20251016_Terra_spont_2,14138,14198,235.63,1017,-1.457
12,12_20251016_Terra_spont_2,14221,14232,237.02,200,-0.74
12,12_20251016_Terra_spont_2,14240,14257,237.33,300,0.256
12,12_20251016_Terra_spont_2,14267,14272,237.78,100,0.275
12,12_20251016_Terra_spont_2,14286,14308,238.1,383,0.268
12,12_20251016_Terra_spont_2,14315,14357,238.58,717,-0.021
12,12_20251016_Terra_spont_2,14481,15545,241.35,17750,-0.394
12,12_20251016_Terra_spont_2,15613,15621,260.22,150,0.307
12,12_20251016_Terra_spont_2,15662,15670,261.03,150,0.32
12,12_20251016_Terra_spont_2,15782,16045,263.03,4400,0.254
12,12_20251016_Terra_spont_2,16058,16063,267.63,100,0.331
12,12_20251016_Terra_spont_2,16100,16117,268.33,300,0.299
12,12_20251016_Terra_spont_2,16126,19350,268.77,53750,-0.802
12,12_20251016_Terra_spont_2,19760,19772,329.33,217,0.316
12,12_20251016_Terra_spont_2,19787,20271,329.78,8083,0.281
12,12_20251016_Terra_spont_2,20359,20394,339.32,600,0.007
12,12_20251016_Terra_spont_2,20535,20579,342.25,750,-0.067
12,12_20251016_Terra_spont_2,20594,20597,343.23,67,0.347
12,12_20251016_Terra_spont_2,20641,23433,344.02,46550,0.237
12,12_20251016_Terra_spont_2,23656,23658,394.27,50,0.341
12,12_20251016_Terra_spont_2,23670,23718,394.5,817,-0.054
12,12_20251016_Terra_spont_2,23956,25055,399.27,18333,0.284
12,12_20251016_Terra_spont_2,25067,26541,417.78,24583,0.227
12,12_20251016_Terra_spont_2,26935,28563,448.92,27150,-0.1
12,12_20251016_Terra_spont_2,28641,28653,477.35,217,0.345
12,12_20251016_Terra_spont_2,28670,28675,477.83,100,0.346
12,12_20251016_Terra_spont_2,28724,28738,478.73,250,0.344
12,12_20251016_Terra_spont_2,28799,28873,479.98,1250,0.344
12,12_20251016_Terra_spont_2,28881,28891,481.35,183,0.345
12,12_20251016_Terra_spont_2,28913,28915,481.88,50,0.345
12,12_20251016_Terra_spont_2,29460,29472,491.0,217,0.337
12,12_20251016_Terra_spont_2,30509,30516,508.48,133,0.322
12,12_20251016_Terra_spont_2,30902,31945,515.03,17400,0.291
12,12_20251016_Terra_spont_2,31952,31962,532.53,183,0.345
12,12_20251016_Terra_spont_2,31986,31991,533.1,100,0.344
12,12_20251016_Terra_spont_2,32122,32138,535.37,283,0.344
12,12_20251016_Terra_spont_2,32173,32307,536.22,2250,0.335
12,12_20251016_Terra_spont_2,32426,32558,540.43,2217,0.334
12,12_20251016_Terra_spont_2,32628,32639,543.8,200,0.344
12,12_20251016_Terra_spont_2,33114,33154,551.9,683,-0.067
12,12_20251016_Terra_spont_2,35538,35544,592.3,117,0.255
12,12_20251016_Terra_spont_2,37306,38729,621.77,23733,0.282
12,12_20251016_Terra_spont_2,38755,38979,645.92,3750,0.328
12,12_20251016_Terra_spont_2,39006,39014,650.1,150,0.344
12,12_20251016_Terra_spont_2,39022,39119,650.37,1633,0.335
12,12_20251016_Terra_spont_2,39178,39288,652.97,1850,0.335
12,12_20251016_Terra_spont_2,39296,39300,654.93,83,0.345
12,12_20251016_Terra_spont_2,40244,40793,670.73,9167,0.096
12,12_20251016_Terra_spont_2,40820,42035,680.33,20267,0.313
12,12_20251016_Terra_spont_2,44495,44540,741.58,767,0.283
12,12_20251016_Terra_spont_2,47924,47955,798.73,533,-0.035
12,12_20251016_Terra_spont_2,48044,48630,800.73,9783,0.262
12,12_20251016_Terra_spont_2,50844,50847,847.4,67,0.328
12,12_20251016_Terra_spont_2,50872,50928,847.87,950,0.238
12,12_20251016_Terra_spont_2,50971,50973,849.52,50,0.347
12,12_20251016_Terra_spont_2,50989,51864,849.82,14600,0.323
12,12_20251016_Terra_spont_2,51952,52255,865.87,5067,0.328
12,12_20251016_Terra_spont_2,52275,52284,871.25,167,0.342
12,12_20251016_Terra_spont_2,52339,52374,872.32,600,0.33
12,12_20251016_Terra_spont_2,52469,52484,874.48,267,0.345
12,12_20251016_Terra_spont_2,54495,54525,908.25,517,0.294
12,12_20251016_Terra_spont_2,54963,55078,916.05,1933,0.331
12,12_20251016_Terra_spont_2,55090,55093,918.17,67,0.346
12,12_20251016_Terra_spont_2,56665,56694,944.42,500,0.272
12,12_20251016_Terra_spont_2,56721,57726,945.35,16767,0.14
12,12_20251016_Terra_spont_2,58682,58690,978.03,150,0.343
12,12_20251016_Terra_spont_2,58703,58866,978.38,2733,0.336
12,12_20251016_Terra_spont_2,58978,58986,982.97,150,0.344
12,12_20251016_Terra_spont_2,58993,59100,983.22,1800,0.254
12,12_20251016_Terra_spont_2,59133,59750,985.55,10300,0.328
12,12_20251016_Terra_spont_2,59833,59987,997.22,2583,0.337
12,12_20251016_Terra_spont_2,60393,60405,1006.55,217,0.32
12,12_20251016_Terra_spont_2,60418,60428,1006.97,183,0.303
12,12_20251016_Terra_spont_2,60890,60895,1014.83,100,0.347
12,12_20251016_Terra_spont_2,61066,61070,1017.77,83,0.347
12,12_20251016_Terra_spont_2,61084,61096,1018.07,217,0.344
12,12_20251016_Terra_spont_2,61105,61118,1018.42,233,0.346
12,12_20251016_Terra_spont_2,61126,61131,1018.77,100,0.344
12,12_20251016_Terra_spont_2,61354,61363,1022.57,167,0.344
12,12_20251016_Terra_spont_2,61406,61409,1023.43,67,0.346
12,12_20251016_Terra_spont_2,61416,61542,1023.6,2117,0.343
12,12_20251016_Terra_spont_2,64091,64130,1068.18,667,-0.415
12,12_20251016_Terra_spont_2,64243,64870,1070.72,10467,0.257
12,12_20251016_Terra_spont_2,64951,65209,1082.52,4317,0.329
12,12_20251016_Terra_spont_2,65217,66930,1086.95,28567,0.267
12,12_20251016_Terra_spont_2,67085,67114,1118.08,500,-0.098
12,12_20251016_Terra_spont_2,67613,67648,1126.88,600,0.308
12,12_20251016_Terra_spont_2,68233,68370,1137.22,2300,0.14
12,12_20251016_Terra_spont_2,68401,69743,1140.02,22383,0.22
12,12_20251016_Terra_spont_2,69786,70498,1163.1,11883,0.294
12,12_20251016_Terra_spont_2,70514,70682,1175.23,2817,0.329
12,12_20251016_Terra_spont_2,70700,70714,1178.33,250,0.342
12,12_20251016_Terra_spont_2,70726,71747,1178.77,17033,0.309
13,13_20251015_Terra_spont_1,938,962,15.63,417,-0.411
13,13_20251015_Terra_spont_1,1081,1084,18.02,67,0.284
13,13_20251015_Terra_spont_1,1103,1120,18.38,300,-0.517
13,13_20251015_Terra_spont_1,15825,15844,263.75,333,0.303
13,13_20251015_Terra_spont_1,21387,21390,356.45,67,0.231
13,13_20251015_Terra_spont_1,21397,21401,356.62,83,0.013
13,13_20251015_Terra_spont_1,21408,21415,356.8,133,-0.439
13,13_20251015_Terra_spont_1,21463,21465,357.72,50,0.355
13,13_20251015_Terra_spont_1,21485,21488,358.08,67,0.357
13,13_20251015_Terra_spont_1,21512,21515,358.53,67,-0.298
13,13_20251015_Terra_spont_1,21543,21548,359.05,100,-0.217
13,13_20251015_Terra_spont_1,21578,21584,359.63,117,-0.307
13,13_20251015_Terra_spont_1,21689,21697,361.48,150,-0.218
13,13_20251015_Terra_spont_1,24469,24492,407.82,400,0.212
13,13_20251015_Terra_spont_1,29311,29322,488.52,200,0.211
13,13_20251015_Terra_spont_1,29350,29356,489.17,117,0.276
13,13_20251015_Terra_spont_1,35268,35273,587.8,100,0.251
13,13_20251015_Terra_spont_1,37870,37880,631.17,183,0.334
13,13_20251015_Terra_spont_1,46136,46145,768.93,167,0.227
13,13_20251015_Terra_spont_1,50349,50391,839.15,717,-1.178
13,13_20251015_Terra_spont_1,50441,50444,840.68,67,-0.251
13,13_20251015_Terra_spont_1,50468,50471,841.13,67,-0.22
13,13_20251015_Terra_spont_1,50497,50502,841.62,100,-0.218
13,13_20251015_Terra_spont_1,50566,50569,842.77,67,-0.237
13,13_20251015_Terra_spont_1,50585,50590,843.08,100,-0.341
13,13_20251015_Terra_spont_1,50676,50680,844.6,83,0.344
13,13_20251015_Terra_spont_1,50711,50720,845.18,167,-0.265
13,13_20251015_Terra_spont_1,65570,65575,1092.83,100,0.245
