item,human_verdict
r2_v00_01,"eye open"
r2_v00_02,"eye open"
r2_v00_03,"eye open"
r2_v00_04,"eye open"
r2_v00_05,"eye open"
r2_v00_06,"eye open"
r2_v00_07,"eye open"
r2_v01_01,"partly closed (lid covers part of the pupil)"
r2_v01_02,"partly closed (lid covers part of the pupil)"
r2_v01_03,"eye open"
r2_v01_04,"partly closed (lid covers part of the pupil)"
r2_v01_05,"partly closed (lid covers part of the pupil)"
r2_v01_06,"eye open"
r2_v01_07,"eye open"
r2_v01_08,"eye open"
r2_v02_01,"eye open"
r2_v02_02,"eye open"
r2_v02_03,"eye closed (full closure)"
r2_v02_04,"eye open"
r2_v02_05,"eye closed (full closure)"
r2_v02_06,"eye open"
r2_v02_07,"eye open"
r2_v02_08,"partly closed (lid covers part of the pupil)"
r2_v03_01,"eye closed (full closure)"
r2_v03_02,"eye closed (full closure)"
r2_v03_03,"partly closed (lid covers part of the pupil)"
r2_v03_04,"partly closed (lid covers part of the pupil)"
r2_v03_05,"eye open"
r2_v03_06,"partly closed (lid covers part of the pupil)"
r2_v03_07,"partly closed (lid covers part of the pupil)"
r2_v03_08,"eye open"
r2_v04_01,"eye open"
r2_v04_02,"partly closed (lid covers part of the pupil)"
r2_v04_03,"eye closed (full closure)"
r2_v04_04,"partly closed (lid covers part of the pupil)"
r2_v04_05,"partly closed (lid covers part of the pupil)"
r2_v04_06,"partly closed (lid covers part of the pupil)"
r2_v04_07,"eye closed (full closure)"
r2_v04_08,"eye open"
r2_v05_01,"eye open"
r2_v05_02,"eye open"
r2_v05_03,"eye open"
r2_v05_04,"eye open"
r2_v05_05,"eye open"
r2_v06_01,"partly closed (lid covers part of the pupil)"
r2_v06_02,"eye open"
r2_v06_03,"eye open"
r2_v06_04,"eye open"
r2_v06_05,"eye open"
r2_v06_06,"eye open"
r2_v06_07,"partly closed (lid covers part of the pupil)"
r2_v06_08,"eye open"
r2_v07_01,"eye closed (full closure)"
r2_v07_02,"partly closed (lid covers part of the pupil)"
r2_v07_03,"eye open"
r2_v07_04,"eye open"
r2_v07_05,"eye open"
r2_v07_06,"partly closed (lid covers part of the pupil)"
r2_v07_07,"eye open"
r2_v07_08,"eye closed (full closure)"
r2_v08_01,"eye open"
r2_v08_02,"partly closed (lid covers part of the pupil)"
r2_v08_03,"partly closed (lid covers part of the pupil)"
r2_v08_04,"eye closed (full closure)"
r2_v08_05,"partly closed (lid covers part of the pupil)"
r2_v08_06,"partly closed (lid covers part of the pupil)"
r2_v08_07,"partly closed (lid covers part of the pupil)"
r2_v08_08,"eye open"
r2_v09_01,"eye open"
r2_v09_02,"eye open"
r2_v09_03,"partly closed (lid covers part of the pupil)"
r2_v09_04,"eye closed (full closure)"
r2_v09_05,"partly closed (lid covers part of the pupil)"
r2_v09_06,"partly closed (lid covers part of the pupil)"
r2_v09_07,"eye closed (full closure)"
r2_v09_08,"partly closed (lid covers part of the pupil)"
r2_v10_01,"partly closed (lid covers part of the pupil)"
r2_v10_02,"eye closed (full closure)"
r2_v10_03,"partly closed (lid covers part of the pupil)"
r2_v10_04,"partly closed (lid covers part of the pupil)"
r2_v10_05,"eye open"
r2_v10_06,"partly closed (lid covers part of the pupil)"
r2_v10_07,"partly closed (lid covers part of the pupil)"
r2_v10_08,"eye closed (full closure)"
r2_v11_01,"partly closed (lid covers part of the pupil)"
r2_v11_02,"eye closed (full closure)"
r2_v11_03,"partly closed (lid covers part of the pupil)"
r2_v11_04,"eye open"
r2_v11_05,"eye closed (full closure)"
r2_v11_06,"eye open"
r2_v11_07,"partly closed (lid covers part of the pupil)"
r2_v11_08,"eye open"
r2_v12_01,"eye closed (full closure)"
r2_v12_02,"partly closed (lid covers part of the pupil)"
r2_v12_03,"eye open"
r2_v12_04,"eye open"
r2_v12_05,"eye open"
r2_v12_06,"eye closed (full closure)"
r2_v12_07,"eye closed (full closure)"
r2_v12_08,"partly closed (lid covers part of the pupil)"