video,mouse,date,model_step,minutes,median_O_over_W,notopen_frames_pct,implausible_frames_pct,events,events_per_min,median_event_ms,longest_event_s
0,mouse A,5-min,3,5.0,0.586,0.3,0.9,5,1.0,150,0.4
1,Pluto,2025-10-31,1,19.93,0.415,11.8,1.39,141,7.07,350,16.7
2,Pluto,2025-10-31,1,19.93,0.413,9.7,0.77,166,8.33,350,7.2
3,Pluto,2025-10-31,1,19.93,0.356,43.6,0.4,198,9.93,717,78.6
4,Pluto,2025-10-30,2,19.93,0.381,26.1,0.45,135,6.77,583,44.2
5,Pluto,2025-10-29,1,19.93,0.489,0.2,0.07,4,0.2,408,1.1
6,Pluto,2025-10-28,1,19.93,0.473,2.2,0.17,37,1.86,400,4.2
7,Pluto,2025-10-27,1,19.93,0.456,0.3,0.24,8,0.4,367,1.1
8,Pluto,2025-10-24,1,19.93,0.363,45.5,0.74,111,5.57,450,189.3
9,Pluto,2025-10-23,4,19.93,0.33,56.6,0.48,130,6.52,350,191.8
10,Pluto,2025-10-22,2,19.93,0.298,69.6,0.74,99,4.97,517,211.6
11,Terra,2025-10-17,2,19.93,0.344,54.2,0.24,256,12.84,383,60.0
12,Terra,2025-10-16,1,19.93,0.373,38.7,1.59,105,5.27,500,53.8
13,Terra,2025-10-15,1,19.93,0.443,0.4,0.43,28,1.4,100,0.7
